candidate_record_id,phase,p_review_warranted,p_review_not_warranted,p_insufficient_evidence,actual_class,model_name
CAN-QCF4GZN8TD,T0,0.10143438579909775,0.0361407056490729,0.8624249085518294,insufficient_evidence,logistic_regression
CAN-O523BGV6IR,T0,0.10945123257185915,0.8226412785483211,0.06790748887981969,insufficient_evidence,logistic_regression
CAN-JUR9CRBOBB,T0,0.01215712261832701,0.0016916254811410823,0.986151251900532,insufficient_evidence,logistic_regression
CAN-1EJVSHCWNY,T0,0.008491845245191238,0.1864172469904233,0.8050909077643854,review_not_warranted,logistic_regression
CAN-NLM2FQOWDX,T0,0.013026032987574467,0.9421851898984478,0.04478877711397782,insufficient_evidence,logistic_regression
CAN-2B1096MPJS,T0,0.07237267836533767,0.9184344409452575,0.009192880689404796,review_warranted,logistic_regression
CAN-046H2OTGZ2,T0,0.5241829051039967,0.05214986316262648,0.4236672317333768,review_warranted,logistic_regression
CAN-M8GSUMHUBV,T0,0.9621471654684332,0.0004653050132291563,0.037387529518337626,review_not_warranted,logistic_regression
CAN-BENX1VQFJF,T0,0.9423584325281854,0.055656648479173135,0.0019849189926414257,review_warranted,logistic_regression
CAN-MG8XYRNB7R,T0,0.6068226883417782,0.0009380337340366612,0.39223927792418517,insufficient_evidence,logistic_regression
CAN-N4QFJS875I,T0,0.3200998343195883,0.02118158720608789,0.6587185784743239,insufficient_evidence,logistic_regression
CAN-4T5MQ6DTMK,T0,0.6904551169576044,0.19429867605936832,0.11524620698302729,review_not_warranted,logistic_regression
CAN-Z33ALI17FK,T0,0.0003486876914910345,0.015049999205298288,0.9846013131032106,review_not_warranted,logistic_regression
CAN-SR7RMC873R,T0,0.9567730252470814,0.0064063945703483755,0.03682058018257013,insufficient_evidence,logistic_regression
CAN-ZSGTTG0DNE,T0,0.8439274018225604,0.00015555111822019026,0.15591704705921944,review_not_warranted,logistic_regression
CAN-DZXEHKO5JZ,T0,0.026120605944148532,0.001957740375755914,0.9719216536800955,review_not_warranted,logistic_regression
CAN-531EC6XM0A,T0,0.003209778678998836,0.7526222805110877,0.2441679408099134,insufficient_evidence,logistic_regression
CAN-STFR13OJLS,T0,0.9929872838911243,4.727314818829883e-06,0.007007988794056885,review_not_warranted,logistic_regression
CAN-I25Z744R3A,T0,0.0011363428388966989,0.9654384076032086,0.033425249557894575,review_not_warranted,logistic_regression
CAN-7UQ40SSRBR,T0,0.0009786974030699595,0.07267120326364093,0.9263500993332892,review_not_warranted,logistic_regression
CAN-UVG366PFKZ,T0,0.00021243075384502796,0.5227432531792063,0.47704431606694864,review_not_warranted,logistic_regression
CAN-VDBBB1U640,T0,0.013259799931873116,0.09103913324310758,0.8957010668250193,insufficient_evidence,logistic_regression
CAN-Y1ONULRYLB,T0,0.6230612049952224,0.020520497244448023,0.35641829776032957,review_warranted,logistic_regression
CAN-QQXBJU6M6L,T0,0.048963917967647944,9.490964685357414e-05,0.9509411723854986,insufficient_evidence,logistic_regression
CAN-3D99WGLA9F,T0,0.008313630693673737,0.004354797369318461,0.9873315719370078,review_warranted,logistic_regression
CAN-RAC3AUDPMW,T0,0.08203745061539088,0.9148087628766937,0.003153786507915495,review_not_warranted,logistic_regression
CAN-MSNJEAB1GA,T0,0.8492046827465909,0.04998250841208916,0.10081280884131996,review_warranted,logistic_regression
CAN-R3PHPYEEK1,T0,0.15212538185463764,0.04124979509201506,0.8066248230533474,review_warranted,logistic_regression
CAN-4491B2CKSM,T0,0.21309583320062275,0.16945617512613642,0.6174479916732408,insufficient_evidence,logistic_regression
CAN-QCQLTNKON8,T0,1.2640685983775068e-05,0.9911861195225218,0.008801239791494457,review_not_warranted,logistic_regression
CAN-YGWAL6CGCM,T0,0.8916709773257018,0.05610046908919934,0.052228553585099015,review_warranted,logistic_regression
CAN-I0MWENXOTY,T0,0.19568161288492766,0.40276295277199853,0.40155543434307384,insufficient_evidence,logistic_regression
CAN-ZKFSI428I3,T0,0.9991471702320351,6.105719209446827e-05,0.0007917725758703779,review_warranted,logistic_regression
CAN-CE82WSAY7G,T0,0.7149243132970787,0.284980011469959,9.567523296230931e-05,review_warranted,logistic_regression
CAN-VT4PWKOXUS,T0,0.36076541530964235,0.5881805561179536,0.05105402857240409,insufficient_evidence,logistic_regression
CAN-WMYE9H5KHU,T0,0.011411001804621327,0.9631217034947505,0.025467294700628258,insufficient_evidence,logistic_regression
CAN-G5QOBJADAS,T0,0.0005376149312331494,0.9246021258066417,0.0748602592621251,insufficient_evidence,logistic_regression
CAN-4HICC8FK63,T0,0.10682030939162453,0.6903715348844001,0.20280815572397548,review_not_warranted,logistic_regression
CAN-EY5UH24ZIZ,T0,0.17552416185945555,0.5082495199064005,0.3162263182341439,review_warranted,logistic_regression
CAN-UOZRL1V8KU,T0,0.35789904142181267,0.41887377985899593,0.2232271787191914,insufficient_evidence,logistic_regression
CAN-BDFTFJSJN7,T0,0.9214517249807699,0.003076217708187706,0.07547205731104248,insufficient_evidence,logistic_regression
CAN-2OHE79VIFA,T0,0.009182018672116094,0.0002937209718800272,0.9905242603560039,review_not_warranted,logistic_regression
CAN-Z7ABOKWLUW,T0,0.05953624862167985,0.8036537901136804,0.13680996126463976,review_not_warranted,logistic_regression
CAN-MMXHM6U1Q3,T0,0.001196293673444363,0.998184315977527,0.0006193903490286854,review_not_warranted,logistic_regression
CAN-VY0CLY1UJZ,T0,0.0025999773308785275,0.98147730293135,0.015922719737771294,review_not_warranted,logistic_regression
CAN-N2OQ035YY8,T0,0.27057229009593253,0.01664063340421267,0.7127870764998548,insufficient_evidence,logistic_regression
CAN-682VA03Y7M,T0,0.01175506426483859,0.9663795956084017,0.02186534012675969,review_not_warranted,logistic_regression
CAN-R86U0E2XY5,T0,0.0026177564539338867,0.9802620270071879,0.017120216538878158,insufficient_evidence,logistic_regression
CAN-ZQ0GWKIZ51,T0,0.0791087242088673,0.00022695443166604673,0.9206643213594666,review_warranted,logistic_regression
CAN-A6ETMQZT3D,T0,0.004102569948686244,0.9859593484458223,0.009938081605491344,insufficient_evidence,logistic_regression
CAN-W41T8OR50L,T0,0.4058148487568728,0.12002981327430567,0.47415533796882153,review_warranted,logistic_regression
CAN-KMB5GTBPM9,T0,0.000512199284913001,0.81169384514451,0.18779395557057701,review_not_warranted,logistic_regression
CAN-Z38H9W4ZGC,T0,1.4287261729655724e-05,0.9427759196563277,0.05720979308194256,review_not_warranted,logistic_regression
CAN-XY38I4LIXQ,T0,0.6245313474942137,0.2007381321058304,0.17473052039995585,review_not_warranted,logistic_regression
CAN-UC0X4CF5YC,T0,0.4749630126934784,0.40740881866079093,0.11762816864573065,insufficient_evidence,logistic_regression
CAN-8MG3KHERI3,T0,0.07924400227278347,0.0018044530855333128,0.9189515446416833,review_warranted,logistic_regression
CAN-82A1AW528U,T0,0.0028938775956672425,0.018004709998808266,0.9791014124055245,insufficient_evidence,logistic_regression
CAN-MYFWBL13VE,T0,0.044354746004239706,0.575693674386894,0.37995157960886633,insufficient_evidence,logistic_regression
CAN-SXC7CQRKWL,T0,0.03451634637147526,0.38618589746578574,0.579297756162739,review_not_warranted,logistic_regression
CAN-4SMT2ZQ2JW,T0,0.07853790022211403,0.46203560957510614,0.4594264902027798,insufficient_evidence,logistic_regression
CAN-F0PK9CCT7U,T0,0.000450356670441712,0.30917472936199425,0.690374913967564,insufficient_evidence,logistic_regression
CAN-18HFR7ZPQ5,T0,0.6575335304983866,0.08610888495129043,0.25635758455032304,insufficient_evidence,logistic_regression
CAN-TT3YS2Q6D9,T0,0.44943399330918665,0.29254956654544406,0.25801644014536934,review_not_warranted,logistic_regression
CAN-N457EOO43R,T0,0.8867093598855066,0.033070774480696,0.0802198656337975,insufficient_evidence,logistic_regression
CAN-JE4XWOKZY7,T0,0.022169044699682915,0.3555289520240294,0.6223020032762877,review_warranted,logistic_regression
CAN-P2BMVSIWSO,T0,0.08759069655947867,0.0331902347779627,0.8792190686625587,insufficient_evidence,logistic_regression
CAN-WSZ2K6LRDA,T0,2.721625882699666e-05,0.17676726303556145,0.8232055207056116,review_warranted,logistic_regression
CAN-LPTV3L15GI,T0,0.9486252961277675,0.0002680389386939617,0.05110666493353849,review_warranted,logistic_regression
CAN-HJSKW8DII3,T0,0.11835467428459429,0.7656962596232242,0.11594906609218164,review_not_warranted,logistic_regression
CAN-TEZC5LDGEW,T0,0.11241050337106619,0.07539082472856515,0.8121986719003685,review_not_warranted,logistic_regression
CAN-BA2J2OCZ4N,T0,0.01431152568924703,0.001234039814626916,0.984454434496126,insufficient_evidence,logistic_regression
CAN-ZMVKC63G2A,T0,0.2625409655535073,0.011122411977360759,0.7263366224691319,insufficient_evidence,logistic_regression
CAN-K7S70RXAMG,T0,0.9514137631910807,0.003897926684280453,0.044688310124638767,insufficient_evidence,logistic_regression
CAN-OAOG54YAZO,T0,0.5695059405863174,0.014426852809855147,0.4160672066038274,review_not_warranted,logistic_regression
CAN-86YS89WD1X,T0,0.9520139126058288,0.004932986000281274,0.043053101393889986,insufficient_evidence,logistic_regression
CAN-LJAETPGFMO,T0,0.3793817452595082,0.6202209374873324,0.0003973172531594398,insufficient_evidence,logistic_regression
CAN-KNFI1QC8WD,T0,0.005363684742186411,0.002654736112477881,0.9919815791453358,review_warranted,logistic_regression
CAN-ZSJALHV9SZ,T0,0.11698035327518679,0.0002633878960207696,0.8827562588287924,insufficient_evidence,logistic_regression
CAN-UIDCKJCDCX,T0,0.005416986790758526,0.06004692988419581,0.9345360833250457,insufficient_evidence,logistic_regression
CAN-MDT600E24L,T0,0.5915315349392976,0.019067615986948755,0.3894008490737538,review_warranted,logistic_regression
CAN-J4H3HYSW7L,T0,0.05496765171707599,0.793031377978689,0.15200097030423518,review_not_warranted,logistic_regression
CAN-QM71SGDM4I,T0,0.6743451984322105,0.0006311415015058931,0.3250236600662836,review_warranted,logistic_regression
CAN-SC42SBD0LB,T0,0.0002535565036415175,0.8606935262004768,0.1390529172958816,review_not_warranted,logistic_regression
CAN-J2Z8813Q6I,T0,0.19040619595641906,0.008501431653149502,0.8010923723904315,insufficient_evidence,logistic_regression
CAN-8WZY5EL0GS,T0,0.43549212284589567,0.1703826912282835,0.39412518592582074,insufficient_evidence,logistic_regression
CAN-UC3CXNT45X,T0,0.960673592323726,0.006826569182444066,0.032499838493829876,review_warranted,logistic_regression
CAN-OX9BJ0D2O1,T0,0.0015203281435756338,0.9856624934443241,0.012817178412100316,insufficient_evidence,logistic_regression
CAN-CSA9RPF7N0,T0,0.043460596809839436,0.7852469159186298,0.17129248727153085,review_not_warranted,logistic_regression
CAN-GAZ28IY33B,T0,0.9694770476916728,0.018871701340055207,0.011651250968271918,insufficient_evidence,logistic_regression
CAN-JEIC06XTOM,T0,0.02556619052832291,0.5919729979625669,0.3824608115091103,review_not_warranted,logistic_regression
CAN-WAM0MZEWD7,T0,0.2277707208107292,0.12438629543043768,0.6478429837588331,insufficient_evidence,logistic_regression
CAN-90NXQQ43RV,T0,2.238316748500858e-06,0.9989251490828983,0.001072612600353189,review_not_warranted,logistic_regression
CAN-U9XCTU7C4F,T0,0.0009714345340102156,0.9556906635161859,0.04333790194980388,review_not_warranted,logistic_regression
CAN-3V8APYMFFU,T0,2.492547156852264e-07,0.4829624618969523,0.517037288848332,review_not_warranted,logistic_regression
CAN-4FO38FPD7B,T0,0.07917733890559271,0.8979594004884295,0.022863260605977754,review_not_warranted,logistic_regression
CAN-LQTYLY754O,T0,0.9955207917377188,0.00319149775168427,0.001287710510597041,insufficient_evidence,logistic_regression
CAN-Y1NS971FST,T0,0.9689041877236114,0.012927868656713639,0.01816794361967496,review_warranted,logistic_regression
CAN-1WB2NA52JZ,T0,5.556981480014247e-05,0.9967932862856662,0.0031511438995335266,review_not_warranted,logistic_regression
CAN-GPXG19LRNA,T0,0.09645918095024915,0.008543192081281938,0.8949976269684689,review_not_warranted,logistic_regression
CAN-I4N8CBG88Z,T0,0.8577846375037107,0.01692430738327204,0.12529105511301736,review_warranted,logistic_regression
CAN-RG84ONNZ7C,T0,0.9484025916050192,0.021043842757260907,0.030553565637719993,review_warranted,logistic_regression
CAN-1NEQLC2YWG,T0,0.016832251375782103,0.7293809166102395,0.25378683201397845,insufficient_evidence,logistic_regression
CAN-4QS9RM4XLH,T0,0.6440027107583369,0.07902054131035278,0.27697674793131033,review_warranted,logistic_regression
CAN-CJN0H4XCFS,T0,0.84337769361208,0.13170817575572985,0.024914130632190133,insufficient_evidence,logistic_regression
CAN-P4RVWAG757,T0,0.06937047547468952,0.0516288925632345,0.879000631962076,insufficient_evidence,logistic_regression
CAN-ERSOR4K7QJ,T0,0.06779463238490312,0.04196602412196083,0.890239343493136,insufficient_evidence,logistic_regression
CAN-RXMWDVU7JD,T0,0.7566704777006036,0.004231215379951167,0.23909830691944517,review_warranted,logistic_regression
CAN-7HQWF459VW,T0,0.3126588521938133,0.6102592321291358,0.07708191567705089,review_not_warranted,logistic_regression
CAN-ME2Q23NS0G,T0,0.9691429890271941,0.01119284953778707,0.019664161435018764,review_warranted,logistic_regression
CAN-W1O813CX74,T0,0.10247281093662021,0.004612278624015708,0.8929149104393641,insufficient_evidence,logistic_regression
CAN-3JG44NWV2W,T0,0.8666313385682578,0.1241155845948,0.009253076836942214,review_warranted,logistic_regression
CAN-R3FQ58SFFS,T0,0.13446136718871304,0.4656786247256817,0.3998600080856053,review_not_warranted,logistic_regression
CAN-H3DK4NU2ZJ,T0,0.990467368748651,0.00018776781333161178,0.009344863438017392,insufficient_evidence,logistic_regression
CAN-5D0G3VUQUU,T0,0.9428408765433532,0.05248385403729483,0.0046752694193518815,review_warranted,logistic_regression
CAN-ZG2995G25E,T0,0.3226365884518344,0.4460974381686738,0.23126597337949184,review_not_warranted,logistic_regression
CAN-Y746C1F209,T0,0.007564693983444669,0.09649558432612859,0.8959397216904268,review_warranted,logistic_regression
CAN-XFRLQDC4M8,T0,0.9839457016303702,0.0004333664837337154,0.015620931885896092,review_warranted,logistic_regression
CAN-QA6NLD1VOR,T0,4.263426893787825e-06,0.9726566998886012,0.027339036684505068,review_not_warranted,logistic_regression
CAN-WMUAXBCUOI,T0,0.4238448371502421,0.1336346635745017,0.4425204992752563,review_not_warranted,logistic_regression
CAN-H08YS9RB2I,T0,0.6916790093972005,0.28729603018569067,0.02102496041710884,review_warranted,logistic_regression
CAN-V2L4EF4KSE,T0,0.40575147027755076,0.10771841221065376,0.4865301175117955,review_not_warranted,logistic_regression
CAN-4BW4AXV2DW,T0,0.26375274549453415,0.085280800833362,0.6509664536721038,review_warranted,logistic_regression
CAN-DMAU8U15C2,T0,0.2535269765294031,0.015309129587852657,0.7311638938827444,insufficient_evidence,logistic_regression
CAN-2LQVYTP1NE,T0,0.006582617739886859,0.045449682740673625,0.9479676995194395,review_not_warranted,logistic_regression
CAN-4CFU2SAM9A,T0,0.11944376239993164,0.03364868314440038,0.846907554455668,insufficient_evidence,logistic_regression
CAN-J4XWX7ACSW,T0,0.00016311821865442816,0.22642908221544186,0.7734077995659038,review_not_warranted,logistic_regression
CAN-DQTR43KXGL,T0,0.021668805022504345,0.9778003764758083,0.0005308185016874423,review_not_warranted,logistic_regression
CAN-OKRGM086UH,T0,0.001134601477881393,0.7682734136042295,0.2305919849178891,insufficient_evidence,logistic_regression
CAN-5J9D6PMOG7,T0,0.014198058310254428,0.37228977213420195,0.6135121695555437,insufficient_evidence,logistic_regression
CAN-NS2I9QFL3T,T0,0.16149906384139073,0.3599610858695048,0.4785398502891046,insufficient_evidence,logistic_regression
CAN-GYB9DQNAPG,T0,0.09289822352917519,0.4034869269073704,0.5036148495634545,review_not_warranted,logistic_regression
CAN-I3PAG0MQ4S,T0,0.009787870339865144,0.10184705861251442,0.8883650710476205,insufficient_evidence,logistic_regression
CAN-P69V1TRALB,T0,1.296083155066886e-05,0.9925002808512177,0.007486758317231648,review_not_warranted,logistic_regression
CAN-6E9YCRS9LL,T0,0.4662890643974916,0.2711838831543411,0.26252705244816743,insufficient_evidence,logistic_regression
CAN-7YPZD0CRBH,T0,0.8470815460837335,0.010589047838524698,0.14232940607774183,review_warranted,logistic_regression
CAN-YM0I69QM0I,T0,6.0174984686514426e-05,0.9907268507753669,0.009212974239946652,insufficient_evidence,logistic_regression
CAN-WP2EAZABSX,T0,0.8193301406575997,0.011874864703488898,0.16879499463891154,insufficient_evidence,logistic_regression
CAN-VRIHDH9JWE,T0,0.6089440225348975,0.10106918547386168,0.2899867919912407,insufficient_evidence,logistic_regression
CAN-IA8U1DVUO4,T0,0.002685045748386405,0.9542758499895648,0.043039104262048856,review_not_warranted,logistic_regression
CAN-TOCVLBL1FO,T0,0.9973551373093498,0.00030376239251403376,0.0023411002981362575,review_warranted,logistic_regression
CAN-YP40LZV7HG,T0,0.9651569607745075,0.0013596277584393154,0.033483411467053095,insufficient_evidence,logistic_regression
CAN-XM0NTONS8I,T0,0.916399163369856,0.06918650450758798,0.01441433212255586,review_not_warranted,logistic_regression
CAN-LO4SALY31V,T0,0.0103561672704917,0.6805885011290393,0.309055331600469,review_not_warranted,logistic_regression
CAN-UXJU0P1A4M,T0,0.5358174868243016,0.00044305550049461844,0.46373945767520375,review_warranted,logistic_regression
CAN-MFQ4GY8XPH,T0,0.9581721231368733,0.007029555807172578,0.03479832105595425,review_not_warranted,logistic_regression
CAN-TSX3YOZ6OH,T0,0.00031636219843068024,0.9910233049717843,0.008660332829785046,review_not_warranted,logistic_regression
CAN-RH7J269JWB,T0,0.2736600029762364,0.5394961800930389,0.18684381693072485,review_warranted,logistic_regression
CAN-MFBV0FQM3G,T0,0.0015669171645327753,0.7944101652778862,0.2040229175575811,review_not_warranted,logistic_regression
CAN-J36EAQ6YIB,T0,0.0036474194604543837,0.9723452204725199,0.024007360067025682,review_not_warranted,logistic_regression
CAN-Y8KKG8V4R5,T0,0.34855952669794676,0.004391370466342212,0.647049102835711,review_warranted,logistic_regression
CAN-JH3BMQ4XC7,T0,0.037734420149328825,0.15256113393388088,0.8097044459167904,review_not_warranted,logistic_regression
CAN-WNGDAMUN3D,T0,0.00285123620748255,0.9904361964247456,0.006712567367771964,review_not_warranted,logistic_regression
CAN-OQIKHLUC4W,T0,0.026239596392571923,0.13223159631126197,0.8415288072961661,insufficient_evidence,logistic_regression
CAN-B8OEQZRDZO,T0,0.004677540352255054,0.22998530418828567,0.7653371554594592,insufficient_evidence,logistic_regression
CAN-GS1ASP5I7M,T0,0.2907507156772889,0.022522223522046116,0.6867270608006649,review_warranted,logistic_regression
CAN-SIIOAIPEG6,T0,0.20246970159403122,0.016902962332267145,0.7806273360737016,review_warranted,logistic_regression
CAN-OHKKF3MKJ3,T0,0.9815137256465678,0.00028748708846866307,0.018198787264963552,insufficient_evidence,logistic_regression
CAN-BDWF22CYUA,T0,0.0006823022490014602,0.998875743491822,0.0004419542591765536,insufficient_evidence,logistic_regression
CAN-JUDHP15RCW,T0,0.01809617632852674,0.9806281764476982,0.001275647223774956,review_not_warranted,logistic_regression
CAN-3H2ZQ20HYA,T0,0.014365396125974176,0.942603496542152,0.04303110733187382,insufficient_evidence,logistic_regression
CAN-9Y4E8DVX0U,T0,0.9779426827293031,0.006403492322441672,0.015653824948255252,insufficient_evidence,logistic_regression
CAN-56NGPDUGKO,T0,0.8956093776786437,0.043395591356154777,0.06099503096520157,review_not_warranted,logistic_regression
CAN-HNHZKKFNLR,T0,1.0234681138697425e-05,0.9549885288416877,0.0450012364771736,insufficient_evidence,logistic_regression
CAN-3L9PECKRSW,T0,0.007819176968327896,0.0004010158696477348,0.9917798071620244,review_warranted,logistic_regression
CAN-30WX81N4ES,T0,0.9902998512615133,0.0051147813069601245,0.0045853674315265765,review_warranted,logistic_regression
CAN-UQQIYRW0PD,T0,0.9226986912283693,0.007827102724500743,0.06947420604712996,review_warranted,logistic_regression
CAN-V9M5ANAVAQ,T0,0.7878785344385141,0.20699398042161288,0.005127485139873066,review_not_warranted,logistic_regression
CAN-ZT3OGP0JXS,T0,0.08899190997021761,0.4624067706259681,0.4486013194038143,review_not_warranted,logistic_regression
CAN-VHIJVPARK8,T0,0.1556271896764362,0.000133222340670611,0.8442395879828932,review_warranted,logistic_regression
CAN-FVPXP9IPUU,T0,0.08605115318065024,0.6107234744377723,0.3032253723815775,review_not_warranted,logistic_regression
CAN-6EP6GXXTK9,T0,0.002320464596118202,0.38492994855238283,0.6127495868514989,review_not_warranted,logistic_regression
CAN-JR75FSAO9V,T0,0.9131097120569205,0.038698285375497826,0.04819200256758171,review_not_warranted,logistic_regression
CAN-07K7VDEEMK,T0,0.24884818739857076,6.141107228125532e-05,0.7510904015291481,review_warranted,logistic_regression
CAN-X83JEQTGZH,T0,0.915896674882755,0.025969772715575185,0.05813355240166982,review_warranted,logistic_regression
CAN-CM7DYFBA7J,T0,0.5666444249475361,0.08168526634054239,0.35167030871192145,insufficient_evidence,logistic_regression
CAN-5N3RUX7YHN,T0,0.7502889515334601,0.1392072410180776,0.11050380744846239,review_warranted,logistic_regression
CAN-R18R0Y2KT1,T0,0.0331280759076725,0.8719977332514991,0.0948741908408284,review_warranted,logistic_regression
CAN-MKP2V46UCL,T0,0.9948232559358862,0.0002001488549669398,0.004976595209146921,review_warranted,logistic_regression
CAN-AUHE529DEL,T0,0.0010307111816243379,0.9457436841740764,0.05322560464429929,review_not_warranted,logistic_regression
CAN-RB7I4QYEUI,T0,0.999308562203597,6.033575541017954e-05,0.0006311020409928979,insufficient_evidence,logistic_regression
CAN-0R2G3NUIKR,T0,0.583050248800775,0.3051778635548127,0.11177188764441243,review_warranted,logistic_regression
CAN-FTE9U57RLP,T0,0.0018012811781845097,0.9963437943036547,0.0018549245181607844,review_not_warranted,logistic_regression
CAN-QUQOLS2HT8,T0,0.9558044798562767,0.02471061558129194,0.01948490456243138,review_warranted,logistic_regression
CAN-J9DW7V0B0M,T0,0.1340381613676923,0.665291217088453,0.20067062154385468,insufficient_evidence,logistic_regression
CAN-1U7KYCHT04,T0,0.990086049093215,0.008459242714127244,0.0014547081926578553,insufficient_evidence,logistic_regression
CAN-8IVXRT38AV,T0,0.005739953263300861,0.45404847567392176,0.5402115710627774,review_warranted,logistic_regression
CAN-8S6ARU7BKP,T0,0.7044871660862594,0.049003990846130975,0.24650884306760962,review_warranted,logistic_regression
CAN-HA0BA87B8L,T0,0.05295798953185123,0.0004745206931418781,0.9465674897750069,insufficient_evidence,logistic_regression
CAN-0XENT8TOVT,T0,0.0018240239818829635,0.5253924075751302,0.47278356844298686,review_not_warranted,logistic_regression
CAN-W10A9RCR81,T0,0.02029570540320747,0.7889672153977312,0.1907370791990613,insufficient_evidence,logistic_regression
CAN-DRJR4QD6PK,T0,9.611320023700213e-05,0.8867953727538788,0.11310851404588435,review_not_warranted,logistic_regression
CAN-L55BKTF9S0,T0,0.027620125141402198,0.8102816573554105,0.16209821750318731,review_not_warranted,logistic_regression
CAN-D9Y0VJJ6VW,T0,0.7278496581104774,0.047254345868723055,0.22489599602079954,review_warranted,logistic_regression
CAN-1ZS1BZI6T1,T0,0.29899721879894614,0.017339748496481927,0.683663032704572,insufficient_evidence,logistic_regression
CAN-0BEG9SW2FJ,T0,0.1047323820235221,0.328320014085415,0.5669476038910629,review_not_warranted,logistic_regression
CAN-R59D8GNWOE,T0,0.9582443273337751,0.011588621152410203,0.030167051513814727,review_warranted,logistic_regression
CAN-RSAGRRSRCU,T0,0.13485299617939342,0.31282952707196665,0.55231747674864,insufficient_evidence,logistic_regression
CAN-TLVR8Y2L8B,T0,0.8351408020761355,0.16034615025126725,0.004513047672597168,review_warranted,logistic_regression
CAN-KBNRY7AM6A,T0,0.3812890542249623,0.0036542986131979983,0.6150566471618397,review_warranted,logistic_regression
CAN-GP3R1BKFVB,T0,0.20050388709027994,0.17411320274084965,0.6253829101688704,review_not_warranted,logistic_regression
CAN-ZUC41D21E3,T0,0.00489379718772812,0.6099599304522361,0.38514627236003585,review_not_warranted,logistic_regression
CAN-AX8X8VO9JH,T0,0.0008300278585577977,0.8584892463732469,0.14068072576819543,insufficient_evidence,logistic_regression
CAN-ADOF3P33HR,T0,0.0021526236226384844,0.5478116224461262,0.45003575393123535,insufficient_evidence,logistic_regression
CAN-JAC9C5ZY2J,T0,0.0020418189559622806,0.9835193988722187,0.014438782171819087,review_not_warranted,logistic_regression
CAN-5EZS1T1ELJ,T0,0.002052844333502501,0.055844194332337505,0.9421029613341599,insufficient_evidence,logistic_regression
CAN-16LL783QTG,T0,6.010362874782167e-05,0.9715162686938049,0.028423627677447272,review_not_warranted,logistic_regression
CAN-VIYZ36BREN,T0,0.13965060573462595,0.6418371530494561,0.21851224121591792,insufficient_evidence,logistic_regression
CAN-Q0VG7NCDFO,T0,0.004745231800548828,0.02495056189424525,0.9703042063052059,review_warranted,logistic_regression
CAN-LQYOAEONVO,T0,0.8825298489079905,0.008348459642531524,0.10912169144947806,insufficient_evidence,logistic_regression
CAN-Q7RFRQTAQZ,T0,0.9644616279530885,0.025955808266702473,0.009582563780208879,insufficient_evidence,logistic_regression
CAN-LNUVVT5CZH,T0,0.8767561620480786,0.008282184727720776,0.11496165322420066,review_warranted,logistic_regression
CAN-0ND8K10G3Q,T0,0.1835606639261157,0.6581508541058188,0.15828848196806566,review_not_warranted,logistic_regression
CAN-2V0D61OSOH,T0,0.07549369492790563,0.30935179573164817,0.6151545093404461,review_not_warranted,logistic_regression
CAN-0EEV2PAF0Q,T0,0.00029509236919602315,0.983926873043007,0.015778034587797026,review_not_warranted,logistic_regression
CAN-OKX1I6CA68,T0,0.007686908065972615,0.12873933952526886,0.8635737524087586,insufficient_evidence,logistic_regression
CAN-58JRRKXCV8,T0,0.9977953013935194,0.0003563178226259647,0.0018483807838545342,insufficient_evidence,logistic_regression
CAN-Q1G8222TVV,T0,0.012755372203404563,0.013310091777508892,0.9739345360190865,review_warranted,logistic_regression
CAN-JMSVBKK42K,T0,0.02100767796046509,0.2837356210982617,0.6952567009412732,insufficient_evidence,logistic_regression
CAN-O8J5XQ1QHK,T0,0.13625053328555,2.6066019061590848e-05,0.8637234006953884,review_warranted,logistic_regression
CAN-6NHOI7HD4X,T0,0.018158943784156584,0.008837912122254231,0.9730031440935892,review_not_warranted,logistic_regression
CAN-Z2FMDPQZ6U,T0,0.014252317823632227,0.8093549399613399,0.17639274221502793,review_not_warranted,logistic_regression
CAN-YPY46FBMCC,T0,0.9970137486288502,0.002911640546216606,7.46108249332629e-05,insufficient_evidence,logistic_regression
CAN-M6I6ONFLH6,T0,9.451317225333488e-05,0.9850770821154265,0.014828404712320256,insufficient_evidence,logistic_regression
CAN-MD6HSPZNPH,T0,0.09229949514939974,0.08979559055064314,0.8179049142999572,insufficient_evidence,logistic_regression
CAN-BG2JQTKE9R,T0,0.9201420284666425,0.007334470290552251,0.07252350124280522,insufficient_evidence,logistic_regression
CAN-NZ60ITUAMZ,T0,0.7336936644331731,0.019451447450476608,0.24685488811635037,insufficient_evidence,logistic_regression
CAN-3E88BL7X8N,T0,0.5202193396296244,0.00023395779252417953,0.4795467025778515,review_warranted,logistic_regression
CAN-WRYT3JA62H,T0,0.024356021917737045,0.00986730222253872,0.9657766758597243,insufficient_evidence,logistic_regression
CAN-UC1GUSFB8Y,T0,0.0022069586451429,0.26609239978594273,0.7317006415689143,insufficient_evidence,logistic_regression
CAN-KAEH77AZL2,T0,0.6624043853308945,0.004007829869647993,0.33358778479945755,review_not_warranted,logistic_regression
CAN-NJIWES3CMC,T0,4.561079257866174e-05,0.7089077129048389,0.2910466763025824,review_not_warranted,logistic_regression
CAN-OV2OP0BPC2,T0,0.8856180899454626,0.07698853373437341,0.03739337632016391,review_warranted,logistic_regression
CAN-8BR6ZCR6C5,T0,0.002876125490819651,0.9621437575979375,0.03498011691124286,review_not_warranted,logistic_regression
CAN-M5PX3JZR1B,T0,0.2230850317271741,0.06337903429209447,0.7135359339807315,review_warranted,logistic_regression
CAN-WQQAVM6KJ0,T0,0.36763516988195966,0.6015060825729491,0.030858747545091266,insufficient_evidence,logistic_regression
CAN-GXTMUF9MJ2,T0,0.00033966257017948996,0.02118481223836542,0.9784755251914552,review_not_warranted,logistic_regression
CAN-X66G0DQZY1,T0,0.5499534585839997,0.43530981293563814,0.0147367284803622,review_not_warranted,logistic_regression
CAN-8G6HTDW3TS,T0,0.16937075374126687,0.10786502257904253,0.7227642236796907,review_not_warranted,logistic_regression
CAN-IX71UNKLCC,T0,0.1942036976533291,0.6626471877867791,0.1431491145598918,review_not_warranted,logistic_regression
CAN-BQ2E1CA8JA,T0,0.6194192024772746,0.3642463051646077,0.01633449235811779,review_not_warranted,logistic_regression
CAN-C6JQXV1H28,T0,0.19320992629686953,0.4097711420173951,0.3970189316857353,review_not_warranted,logistic_regression
CAN-7Z4I6X76ZY,T0,0.2331532097588053,0.6578694931621035,0.1089772970790912,review_not_warranted,logistic_regression
CAN-4DQEX1DFLP,T0,0.00014069506290625234,0.7976034431136301,0.2022558618234637,review_not_warranted,logistic_regression
CAN-GTRZMV90GK,T0,0.2756865265688596,0.008033880939544661,0.7162795924915958,insufficient_evidence,logistic_regression
CAN-28HOG1H1PI,T0,0.10457890785285762,0.06055764823877803,0.8348634439083644,review_warranted,logistic_regression
CAN-8467CAI41V,T0,0.6927342060711409,0.07882767499829163,0.22843811893056748,review_warranted,logistic_regression
CAN-A8RUHP98S6,T0,0.00014862937207359703,0.9452232351997489,0.0546281354281775,review_not_warranted,logistic_regression
CAN-6FIO389AU7,T0,0.2031516743473539,0.21986050599768497,0.5769878196549612,review_warranted,logistic_regression
CAN-GRA38D14NY,T0,0.8129398637093201,0.02822871457271037,0.1588314217179695,review_warranted,logistic_regression
CAN-TK9TB1S19Y,T0,0.35931531411450607,0.004562718230317793,0.6361219676551761,review_warranted,logistic_regression
CAN-6045ADGW9W,T0,1.032239947626079e-05,0.9966780572218262,0.0033116203786975177,review_not_warranted,logistic_regression
CAN-YVRMB50LXO,T0,1.0956634195990923e-05,0.9954746463023502,0.004514397063453896,review_not_warranted,logistic_regression
CAN-VJ1ATXQ4KR,T0,0.004530747224579698,0.02078532784420162,0.9746839249312187,review_not_warranted,logistic_regression
CAN-693NHGTCCO,T0,0.8509294513111334,0.004584022409153133,0.14448652627971353,review_warranted,logistic_regression
CAN-QZE5QAIJ2T,T0,0.9790020155557512,0.009970179627567662,0.011027804816681266,review_warranted,logistic_regression
CAN-VB1685ICUZ,T0,1.601954691727688e-05,0.1185507020938519,0.8814332783592309,review_not_warranted,logistic_regression
CAN-VNPISGXD4Q,T0,0.8063647076164415,9.772242843467081e-05,0.1935375699551238,review_warranted,logistic_regression
CAN-E2FZJZ8WLH,T0,0.1069295063876247,0.8826649829456868,0.010405510666688482,insufficient_evidence,logistic_regression
CAN-LEJZ8XH8YE,T0,0.7003237000593355,0.1586140086403482,0.14106229130031633,insufficient_evidence,logistic_regression
CAN-SHRRQNVCIC,T0,0.00123443191499645,0.997649226073021,0.001116342011982598,review_not_warranted,logistic_regression
CAN-8LF2PPDABK,T0,0.9111689455265937,0.005970776189593494,0.08286027828381293,insufficient_evidence,logistic_regression
CAN-ZWF0AYKB18,T0,0.0005418871616052823,0.03775173822262582,0.9617063746157689,review_warranted,logistic_regression
CAN-HC7VWRKBC4,T0,0.6422145474644552,0.3367549607108967,0.02103049182464819,insufficient_evidence,logistic_regression
CAN-6O36VBSAI9,T0,0.9386968432058338,0.0011712467382860704,0.0601319100558801,review_warranted,logistic_regression
CAN-4EK13UOVMH,T0,0.21211632013370582,0.5684918384791717,0.21939184138712242,review_warranted,logistic_regression
CAN-4JML2H5550,T0,0.2640887150117684,0.1692784638356747,0.566632821152557,insufficient_evidence,logistic_regression
CAN-W803WTVEJV,T0,0.00030845848290665066,0.8095315015099364,0.19016004000715703,review_not_warranted,logistic_regression
CAN-1JQKMVCC0E,T0,0.9987880439745386,1.9924452293664247e-05,0.0011920315731677943,review_warranted,logistic_regression
CAN-PFB5DKD37Z,T0,0.2063064823892653,0.14418016852984258,0.6495133490808921,review_warranted,logistic_regression
CAN-JS0TD7RAVV,T0,0.003240471741404228,0.18810891704739766,0.8086506112111981,review_warranted,logistic_regression
CAN-6N8NUY6QNZ,T0,0.2512600751524894,0.5322226450425338,0.21651727980497698,review_not_warranted,logistic_regression
CAN-3W1WRGSSBR,T0,0.20019202607410352,0.003928236816617357,0.7958797371092791,insufficient_evidence,logistic_regression
CAN-RLFHYDAOTO,T0,0.3557892234816487,0.1845643040425408,0.4596464724758104,review_not_warranted,logistic_regression
CAN-USBPGXP3DA,T0,2.0511314091658902e-05,0.9959699742093898,0.004009514476518543,insufficient_evidence,logistic_regression
CAN-F640D3DCIR,T0,0.018617218973419,0.878321579783445,0.10306120124313599,insufficient_evidence,logistic_regression
CAN-J538MFH2RZ,T0,0.0001260499796946612,0.5994769005309591,0.4003970494893461,review_warranted,logistic_regression
CAN-T3BSOKDD2P,T0,0.5490457434277,0.03651927215521397,0.41443498441708615,review_warranted,logistic_regression
CAN-1UXZVZSG4A,T0,0.03828903340063363,0.2455429776677064,0.7161679889316599,review_not_warranted,logistic_regression
CAN-QU6MD5TN0F,T0,0.010073906904853956,0.38003146937713256,0.6098946237180135,insufficient_evidence,logistic_regression
CAN-H2TOKOI56S,T0,0.18931746521904833,0.8018814967934922,0.008801037987459478,review_not_warranted,logistic_regression
CAN-ARNXXD7017,T0,0.7780216791107938,0.19702342325938102,0.024954897629825265,review_warranted,logistic_regression
CAN-BT0Y88Z5VY,T0,0.14947559277775987,0.0432780976582436,0.8072463095639966,review_warranted,logistic_regression
CAN-20LP6R01W2,T0,0.5571599473043704,0.00030749047756881414,0.4425325622180608,review_warranted,logistic_regression
CAN-GT29QK48ZR,T0,0.5894157663490285,0.1357739718811082,0.2748102617698633,review_warranted,logistic_regression
CAN-JTU00IS95H,T0,0.9737226213486153,0.018845919546249954,0.007431459105134791,review_warranted,logistic_regression
CAN-KLQH9G2XAA,T0,0.13979357787962884,0.23725468647192097,0.6229517356484503,review_not_warranted,logistic_regression
CAN-1X36MKKDTS,T0,0.01734743730043272,0.910410405609603,0.07224215708996429,review_not_warranted,logistic_regression
CAN-DANXMJUTSN,T0,0.6389334430906276,0.0005575201190225426,0.3605090367903498,insufficient_evidence,logistic_regression
CAN-L16ZDGA6KP,T0,0.2288050569480819,0.03202432961223662,0.7391706134396815,review_warranted,logistic_regression
CAN-ICKK4E813F,T0,0.007108951552474608,0.7333500915065356,0.2595409569409897,review_not_warranted,logistic_regression
CAN-BQA0QBKTW1,T0,0.12776297560345917,0.5700657615292399,0.3021712628673009,insufficient_evidence,logistic_regression
CAN-PBRR29HATJ,T0,0.0008899944042754363,0.0012635496726700847,0.9978464559230544,review_not_warranted,logistic_regression
CAN-RWVLQ6JSLV,T0,0.0003960829365284367,0.8794480859374217,0.12015583112604977,insufficient_evidence,logistic_regression
CAN-D0A5SDWYO9,T0,0.2604917179125557,0.07358557880646967,0.6659227032809746,review_not_warranted,logistic_regression
CAN-LAAZKJS0G8,T0,0.4146026579491673,0.006297626617056085,0.5790997154337766,insufficient_evidence,logistic_regression
CAN-9UF00BV0SU,T0,4.218600150083365e-05,0.8831919627776121,0.1167658512208871,insufficient_evidence,logistic_regression
CAN-P049Y8KP5Z,T0,0.4686102226380899,0.33239691567543117,0.19899286168647903,review_warranted,logistic_regression
CAN-B0FYO3ENSX,T0,0.04640775775435013,0.5439458600760068,0.40964638216964305,review_warranted,logistic_regression
CAN-2MPIJSE7PT,T0,0.0006978186777711817,0.0037547282551204497,0.9955474530671083,review_warranted,logistic_regression
CAN-6ULFMKJ73X,T0,0.5303643115636322,0.08495079733796541,0.3846848910984025,review_warranted,logistic_regression
CAN-QCF4GZN8TD,T1,0.20754779662854836,0.013568405974783199,0.7788837973966685,insufficient_evidence,logistic_regression
CAN-O523BGV6IR,T1,0.05341860278378962,0.7948934331822913,0.15168796403391904,review_not_warranted,logistic_regression
CAN-JUR9CRBOBB,T1,0.08245820167644441,0.7043280554740392,0.21321374284951639,insufficient_evidence,logistic_regression
CAN-1EJVSHCWNY,T1,0.008319882673443768,0.7868470455051094,0.2048330718214467,review_not_warranted,logistic_regression
CAN-NLM2FQOWDX,T1,0.05051476084170511,0.10454292996765327,0.8449423091906415,insufficient_evidence,logistic_regression
CAN-2B1096MPJS,T1,0.016495532309305623,0.029557334011209233,0.9539471336794851,review_warranted,logistic_regression
CAN-046H2OTGZ2,T1,0.2434829225834208,0.03157865725400903,0.7249384201625703,review_warranted,logistic_regression
CAN-M8GSUMHUBV,T1,0.6499759628890115,0.00023339904922543449,0.349790638061763,review_not_warranted,logistic_regression
CAN-BENX1VQFJF,T1,0.7748052233242055,0.036316016009318455,0.1888787606664761,review_warranted,logistic_regression
CAN-MG8XYRNB7R,T1,0.9963675717761783,0.0015914886709408002,0.0020409395528809687,insufficient_evidence,logistic_regression
CAN-N4QFJS875I,T1,0.8497895937026428,0.08403721608244052,0.06617319021491663,insufficient_evidence,logistic_regression
CAN-4T5MQ6DTMK,T1,0.30990586191266856,0.502886972809438,0.1872071652778935,review_not_warranted,logistic_regression
CAN-Z33ALI17FK,T1,0.0001459065197659495,0.9992963552032118,0.0005577382770222763,review_not_warranted,logistic_regression
CAN-SR7RMC873R,T1,0.019466549271403923,0.07588513124894601,0.9046483194796501,review_not_warranted,logistic_regression
CAN-ZSGTTG0DNE,T1,0.5947256204990131,0.04083978701915445,0.36443459248183246,review_not_warranted,logistic_regression
CAN-DZXEHKO5JZ,T1,0.41490915882163576,0.14105664751739733,0.44403419366096686,review_not_warranted,logistic_regression
CAN-531EC6XM0A,T1,0.035301005427962766,0.43599127026672807,0.5287077243053091,review_not_warranted,logistic_regression
CAN-STFR13OJLS,T1,0.9776551799669309,0.021315773806323605,0.0010290462267455913,review_not_warranted,logistic_regression
CAN-I25Z744R3A,T1,0.00038256731291069003,0.9884519031541514,0.01116552953293797,review_not_warranted,logistic_regression
CAN-7UQ40SSRBR,T1,0.008727326696819405,0.46534396026572095,0.5259287130374597,review_not_warranted,logistic_regression
CAN-UVG366PFKZ,T1,0.050535613099886356,0.8359436826536063,0.11352070424650748,review_not_warranted,logistic_regression
CAN-VDBBB1U640,T1,0.028088672562232887,0.7268341349778374,0.24507719245992965,insufficient_evidence,logistic_regression
CAN-Y1ONULRYLB,T1,0.05839935496694664,0.1226580694632861,0.8189425755697672,insufficient_evidence,logistic_regression
CAN-QQXBJU6M6L,T1,0.9914109516008334,0.00784482723293712,0.0007442211662295367,insufficient_evidence,logistic_regression
CAN-3D99WGLA9F,T1,0.0028094339213715455,0.7554123619537755,0.241778204124853,insufficient_evidence,logistic_regression
CAN-RAC3AUDPMW,T1,0.2434694559323602,0.07974612795305833,0.6767844161145815,review_not_warranted,logistic_regression
CAN-MSNJEAB1GA,T1,0.8240003302939957,0.0009023947048987573,0.17509727500110564,review_warranted,logistic_regression
CAN-R3PHPYEEK1,T1,0.8414706539092635,0.1505591884009911,0.007970157689745296,review_warranted,logistic_regression
CAN-4491B2CKSM,T1,0.010092642404009627,0.7824436309036786,0.2074637266923117,review_not_warranted,logistic_regression
CAN-QCQLTNKON8,T1,0.00023379270400775208,0.9968080941195604,0.0029581131764317196,review_not_warranted,logistic_regression
CAN-YGWAL6CGCM,T1,0.5486115991994035,0.012293592632784177,0.4390948081678124,review_warranted,logistic_regression
CAN-I0MWENXOTY,T1,0.01400400612810921,0.947761494803031,0.03823449906885973,review_not_warranted,logistic_regression
CAN-ZKFSI428I3,T1,0.7863002204445074,0.00026267187562932384,0.21343710767986326,review_warranted,logistic_regression
CAN-CE82WSAY7G,T1,0.16786579026893447,0.8299951547554161,0.002139054975649512,review_warranted,logistic_regression
CAN-VT4PWKOXUS,T1,0.14704520348017017,0.24746652640028138,0.6054882701195485,insufficient_evidence,logistic_regression
CAN-WMYE9H5KHU,T1,0.015423531930552094,0.9805710004442514,0.004005467625196552,insufficient_evidence,logistic_regression
CAN-G5QOBJADAS,T1,0.00011699046409330448,0.43176705077278865,0.568115958763118,insufficient_evidence,logistic_regression
CAN-4HICC8FK63,T1,0.0001694668232689003,0.9635315904704209,0.0362989427063102,insufficient_evidence,logistic_regression
CAN-EY5UH24ZIZ,T1,0.010843721590298248,0.07949967432539591,0.9096566040843058,review_warranted,logistic_regression
CAN-UOZRL1V8KU,T1,0.011729761751821933,0.8336425869267118,0.15462765132146633,review_warranted,logistic_regression
CAN-BDFTFJSJN7,T1,0.21132802223229685,0.5142033372803473,0.27446864048735586,insufficient_evidence,logistic_regression
CAN-2OHE79VIFA,T1,0.24185500796657794,0.263259515893609,0.4948854761398131,review_not_warranted,logistic_regression
CAN-Z7ABOKWLUW,T1,0.024123844199311656,0.299357113040201,0.6765190427604874,review_not_warranted,logistic_regression
CAN-MMXHM6U1Q3,T1,0.0030458529206302608,0.9045589341701913,0.09239521290917836,review_not_warranted,logistic_regression
CAN-VY0CLY1UJZ,T1,0.02512613968292047,0.9411369453743449,0.03373691494273472,insufficient_evidence,logistic_regression
CAN-N2OQ035YY8,T1,0.025782527419991055,0.11521656551182062,0.8590009070681883,insufficient_evidence,logistic_regression
CAN-682VA03Y7M,T1,0.002968552734579535,0.8449806998398047,0.1520507474256157,review_not_warranted,logistic_regression
CAN-R86U0E2XY5,T1,0.0027325739224992656,0.4190383855374902,0.5782290405400107,review_not_warranted,logistic_regression
CAN-ZQ0GWKIZ51,T1,0.9622640498619988,0.0004840349702647821,0.037251915167736335,review_warranted,logistic_regression
CAN-A6ETMQZT3D,T1,0.007614519758873138,0.6166898780357357,0.3756956022053912,review_not_warranted,logistic_regression
CAN-W41T8OR50L,T1,0.5784283393848703,0.41557899387801156,0.0059926667371182915,review_warranted,logistic_regression
CAN-KMB5GTBPM9,T1,0.023510945913413937,0.49664659431902036,0.47984245976756573,insufficient_evidence,logistic_regression
CAN-Z38H9W4ZGC,T1,0.15894242399994576,0.8303506442805858,0.010706931719468555,review_not_warranted,logistic_regression
CAN-XY38I4LIXQ,T1,0.019314322673848645,0.48104917512378537,0.49963650220236594,review_not_warranted,logistic_regression
CAN-UC0X4CF5YC,T1,0.10638977500514504,0.888112151621603,0.005498073373251895,insufficient_evidence,logistic_regression
CAN-8MG3KHERI3,T1,0.04302069822636908,0.3865526201372365,0.5704266816363944,review_warranted,logistic_regression
CAN-82A1AW528U,T1,0.025249924712066392,0.044681979061309024,0.9300680962266246,review_not_warranted,logistic_regression
CAN-MYFWBL13VE,T1,0.10276962132803538,0.008254908299426936,0.8889754703725378,insufficient_evidence,logistic_regression
CAN-SXC7CQRKWL,T1,0.018819464950143326,0.9158606711852857,0.06531986386457103,insufficient_evidence,logistic_regression
CAN-4SMT2ZQ2JW,T1,0.0035091290834993244,0.5936303468581405,0.4028605240583602,review_not_warranted,logistic_regression
CAN-F0PK9CCT7U,T1,0.30427547088817347,0.34533441408522025,0.3503901150266064,review_warranted,logistic_regression
CAN-18HFR7ZPQ5,T1,0.5139341884377234,0.3282976927530251,0.15776811880925146,insufficient_evidence,logistic_regression
CAN-TT3YS2Q6D9,T1,0.4624544889074345,0.0030682646654374545,0.534477246427128,insufficient_evidence,logistic_regression
CAN-N457EOO43R,T1,0.9877193053885455,0.011526633593842516,0.0007540610176119659,review_warranted,logistic_regression
CAN-JE4XWOKZY7,T1,0.0003758381800478967,0.030238693070298247,0.9693854687496538,review_warranted,logistic_regression
CAN-P2BMVSIWSO,T1,0.7592038439521854,0.018050298141068236,0.22274585790674636,insufficient_evidence,logistic_regression
CAN-WSZ2K6LRDA,T1,0.41915260216767936,0.21702189708985983,0.36382550074246073,review_warranted,logistic_regression
CAN-LPTV3L15GI,T1,0.4115548936787914,0.004629488343049652,0.583815617978159,review_warranted,logistic_regression
CAN-HJSKW8DII3,T1,0.1520357687536778,0.030040864280031325,0.8179233669662909,insufficient_evidence,logistic_regression
CAN-TEZC5LDGEW,T1,0.08373439055373728,0.0249331926667916,0.8913324167794711,review_not_warranted,logistic_regression
CAN-BA2J2OCZ4N,T1,0.002818020089417313,0.03378566515994018,0.9633963147506426,insufficient_evidence,logistic_regression
CAN-ZMVKC63G2A,T1,0.18264026926141955,0.21928329245933914,0.5980764382792414,insufficient_evidence,logistic_regression
CAN-K7S70RXAMG,T1,0.938370734390901,0.0006627929496265556,0.060966472659472457,insufficient_evidence,logistic_regression
CAN-OAOG54YAZO,T1,0.629727246537895,0.16455576349932483,0.2057169899627802,review_not_warranted,logistic_regression
CAN-86YS89WD1X,T1,0.13828721691511872,0.7875093925275695,0.07420339055731183,insufficient_evidence,logistic_regression
CAN-LJAETPGFMO,T1,0.08525334837058117,0.00786950378498941,0.9068771478444294,insufficient_evidence,logistic_regression
CAN-KNFI1QC8WD,T1,0.5108241287592238,0.411572588110931,0.07760328312984524,review_warranted,logistic_regression
CAN-ZSJALHV9SZ,T1,0.030022967204849853,0.4513912613158433,0.518585771479307,insufficient_evidence,logistic_regression
CAN-UIDCKJCDCX,T1,0.000526602828199452,0.9738289220116845,0.025644475160115993,insufficient_evidence,logistic_regression
CAN-MDT600E24L,T1,0.5280023150337104,0.15806258957109293,0.31393509539519665,review_warranted,logistic_regression
CAN-J4H3HYSW7L,T1,0.013345647877005927,0.0007471243697076194,0.9859072277532864,insufficient_evidence,logistic_regression
CAN-QM71SGDM4I,T1,0.9992134682165319,0.0005616022529333787,0.00022492953053475874,review_warranted,logistic_regression
CAN-SC42SBD0LB,T1,0.004575983864311606,0.02058787644455354,0.9748361396911349,review_not_warranted,logistic_regression
CAN-J2Z8813Q6I,T1,0.25674651325083553,0.6083274032860422,0.13492608346312232,insufficient_evidence,logistic_regression
CAN-8WZY5EL0GS,T1,0.20430250328000207,0.6931409005701059,0.10255659614989195,review_not_warranted,logistic_regression
CAN-UC3CXNT45X,T1,0.9999570090179364,2.5618246531322704e-05,1.737273553224986e-05,insufficient_evidence,logistic_regression
CAN-OX9BJ0D2O1,T1,0.0032364043521104506,0.9484450047631018,0.04831859088478779,insufficient_evidence,logistic_regression
CAN-CSA9RPF7N0,T1,0.016059589113966363,0.008458798372914647,0.9754816125131189,review_not_warranted,logistic_regression
CAN-GAZ28IY33B,T1,0.9882358833914858,0.009685075880736601,0.0020790407277775126,insufficient_evidence,logistic_regression
CAN-JEIC06XTOM,T1,0.7123415668539601,0.2478584218524218,0.039800011293618064,review_not_warranted,logistic_regression
CAN-WAM0MZEWD7,T1,0.14849731849279604,0.7671139107153486,0.0843887707918553,insufficient_evidence,logistic_regression
CAN-90NXQQ43RV,T1,0.00016284459120437787,0.8792902995404914,0.12054685586830405,review_not_warranted,logistic_regression
CAN-U9XCTU7C4F,T1,0.0011353942371388958,0.8713476898882793,0.12751691587458183,insufficient_evidence,logistic_regression
CAN-3V8APYMFFU,T1,0.04228996319169652,0.6972983928982708,0.26041164391003274,review_not_warranted,logistic_regression
CAN-4FO38FPD7B,T1,0.1040293760523268,0.37797963888565794,0.5179909850620154,review_not_warranted,logistic_regression
CAN-LQTYLY754O,T1,0.5286153608238602,0.002396186535124233,0.46898845264101563,review_warranted,logistic_regression
CAN-Y1NS971FST,T1,0.9271781125607831,0.00023708937936667006,0.07258479805985031,review_warranted,logistic_regression
CAN-1WB2NA52JZ,T1,0.6371475452063496,0.22381821801862745,0.1390342367750229,insufficient_evidence,logistic_regression
CAN-GPXG19LRNA,T1,0.7279640815892541,0.23043650638894508,0.04159941202180084,review_not_warranted,logistic_regression
CAN-I4N8CBG88Z,T1,0.9343317055364014,0.0007864609741408183,0.06488183348945775,review_warranted,logistic_regression
CAN-RG84ONNZ7C,T1,0.10136944662264047,0.623635855660544,0.27499469771681556,review_warranted,logistic_regression
CAN-1NEQLC2YWG,T1,0.010687987376252258,0.0064573682431129965,0.9828546443806347,insufficient_evidence,logistic_regression
CAN-4QS9RM4XLH,T1,0.25733473334146834,0.03775872623463104,0.7049065404239007,review_warranted,logistic_regression
CAN-CJN0H4XCFS,T1,0.3416503924074164,0.05981160521421128,0.5985380023783723,insufficient_evidence,logistic_regression
CAN-P4RVWAG757,T1,0.15904612012892613,0.306462892030994,0.5344909878400799,insufficient_evidence,logistic_regression
CAN-ERSOR4K7QJ,T1,0.2055699506604033,0.011830386124079287,0.7825996632155174,insufficient_evidence,logistic_regression
CAN-RXMWDVU7JD,T1,0.7325014507542313,0.013496927639413313,0.25400162160635537,review_warranted,logistic_regression
CAN-7HQWF459VW,T1,0.8515957419078086,0.025965574938465956,0.12243868315372543,review_not_warranted,logistic_regression
CAN-ME2Q23NS0G,T1,0.9771107928794756,4.035113643237349e-05,0.022848855984092142,review_warranted,logistic_regression
CAN-W1O813CX74,T1,0.3166395669130755,0.1630826419510567,0.5202777911358679,review_not_warranted,logistic_regression
CAN-3JG44NWV2W,T1,0.595316032434456,0.16767559821735945,0.23700836934818467,insufficient_evidence,logistic_regression
CAN-R3FQ58SFFS,T1,0.013375607779146294,0.8934962913441146,0.09312810087673924,review_not_warranted,logistic_regression
CAN-H3DK4NU2ZJ,T1,0.9880009670438792,0.0001941883343508206,0.011804844621770073,review_not_warranted,logistic_regression
CAN-5D0G3VUQUU,T1,0.004238898136639509,0.9606324035260057,0.03512869833735487,insufficient_evidence,logistic_regression
CAN-ZG2995G25E,T1,0.12197265057364061,0.8373053256376312,0.04072202378872824,review_not_warranted,logistic_regression
CAN-Y746C1F209,T1,0.019970502925300573,0.9532814759583416,0.02674802111635787,review_warranted,logistic_regression
CAN-XFRLQDC4M8,T1,0.41740914169285775,0.006130294389578781,0.5764605639175635,insufficient_evidence,logistic_regression
CAN-QA6NLD1VOR,T1,3.345792431338802e-05,0.9971833248986454,0.0027832171770411905,review_not_warranted,logistic_regression
CAN-WMUAXBCUOI,T1,0.1123253892168516,0.000607843063594749,0.8870667677195536,review_not_warranted,logistic_regression
CAN-H08YS9RB2I,T1,0.07426074400513735,0.24808265840685834,0.6776565975880043,review_warranted,logistic_regression
CAN-V2L4EF4KSE,T1,0.09766783945042529,0.7909772887456429,0.11135487180393187,insufficient_evidence,logistic_regression
CAN-4BW4AXV2DW,T1,0.32116815454016995,0.10223208993305169,0.5765997555267783,review_warranted,logistic_regression
CAN-DMAU8U15C2,T1,0.02743605852375092,0.939167631493838,0.03339630998241116,review_not_warranted,logistic_regression
CAN-2LQVYTP1NE,T1,0.006437744475184794,0.9186076628120158,0.07495459271279951,review_not_warranted,logistic_regression
CAN-4CFU2SAM9A,T1,0.618422369810602,0.00779145949875402,0.37378617069064407,insufficient_evidence,logistic_regression
CAN-J4XWX7ACSW,T1,7.186514673317194e-05,0.8972743863578206,0.10265374849544615,review_not_warranted,logistic_regression
CAN-DQTR43KXGL,T1,0.23242638549181954,0.7334064568381243,0.034167157670056125,review_not_warranted,logistic_regression
CAN-OKRGM086UH,T1,0.9447187818012387,0.02387108545920534,0.03141013273955602,insufficient_evidence,logistic_regression
CAN-5J9D6PMOG7,T1,0.00021062661842059801,0.3023958435823143,0.697393529799265,review_not_warranted,logistic_regression
CAN-NS2I9QFL3T,T1,0.014860320581295784,0.005718019506430719,0.9794216599122735,insufficient_evidence,logistic_regression
CAN-GYB9DQNAPG,T1,0.007935902379945587,0.2341619635836223,0.7579021340364321,review_not_warranted,logistic_regression
CAN-I3PAG0MQ4S,T1,0.027722592931372227,0.7509254146202837,0.22135199244834391,insufficient_evidence,logistic_regression
CAN-P69V1TRALB,T1,0.056713388818290376,0.9174632398780967,0.025823371303612862,insufficient_evidence,logistic_regression
CAN-6E9YCRS9LL,T1,0.03279407638981232,0.04837342916607852,0.9188324944441092,insufficient_evidence,logistic_regression
CAN-7YPZD0CRBH,T1,0.8617827251325412,0.048381353337112964,0.08983592153034592,review_warranted,logistic_regression
CAN-YM0I69QM0I,T1,0.05349478916685974,0.9348161053071138,0.011689105526026426,review_not_warranted,logistic_regression
CAN-WP2EAZABSX,T1,0.4146227608474454,0.5794298013103085,0.005947437842246067,insufficient_evidence,logistic_regression
CAN-VRIHDH9JWE,T1,0.02120695429510041,0.05926834374961745,0.9195247019552822,insufficient_evidence,logistic_regression
CAN-IA8U1DVUO4,T1,0.020799488118523658,0.8239826088015669,0.15521790307990949,review_not_warranted,logistic_regression
CAN-TOCVLBL1FO,T1,0.9795755197116156,0.0010350121847190006,0.019389468103665323,review_warranted,logistic_regression
CAN-YP40LZV7HG,T1,0.9155954650363796,0.07798226241711465,0.006422272546505815,insufficient_evidence,logistic_regression
CAN-XM0NTONS8I,T1,0.9755311943112407,0.00022974492776505785,0.024239060760994323,review_not_warranted,logistic_regression
CAN-LO4SALY31V,T1,0.0036187279369762054,0.5869457339073676,0.4094355381556562,insufficient_evidence,logistic_regression
CAN-UXJU0P1A4M,T1,0.015776493473445206,0.029969956945751875,0.954253549580803,insufficient_evidence,logistic_regression
CAN-MFQ4GY8XPH,T1,0.031158465896355993,0.007337696968524849,0.9615038371351191,review_not_warranted,logistic_regression
CAN-TSX3YOZ6OH,T1,0.014560928916095717,0.9268129671995023,0.05862610388440199,review_not_warranted,logistic_regression
CAN-RH7J269JWB,T1,0.015715024276911436,0.9378793922143562,0.04640558350873237,review_warranted,logistic_regression
CAN-MFBV0FQM3G,T1,0.03455272804355715,0.9359157194070978,0.0295315525493451,review_not_warranted,logistic_regression
CAN-J36EAQ6YIB,T1,0.20769953951003825,0.2031570325087689,0.5891434279811929,review_not_warranted,logistic_regression
CAN-Y8KKG8V4R5,T1,0.9626403843224859,0.00630226230413055,0.031057353373383667,review_warranted,logistic_regression
CAN-JH3BMQ4XC7,T1,0.005449674040937226,0.34821688310699206,0.6463334428520707,review_not_warranted,logistic_regression
CAN-WNGDAMUN3D,T1,0.0018281350450948279,0.9787080099183622,0.019463855036542976,insufficient_evidence,logistic_regression
CAN-OQIKHLUC4W,T1,0.5181137625657601,0.12404586235643783,0.35784037507780203,insufficient_evidence,logistic_regression
CAN-B8OEQZRDZO,T1,0.006745243176776262,0.2588701691586976,0.7343845876645262,insufficient_evidence,logistic_regression
CAN-GS1ASP5I7M,T1,0.012250162548598316,0.0019966749089762054,0.9857531625424255,review_warranted,logistic_regression
CAN-SIIOAIPEG6,T1,0.09902459563138147,0.004759706779064949,0.8962156975895536,review_warranted,logistic_regression
CAN-OHKKF3MKJ3,T1,0.5254693553546318,0.033699311489274554,0.4408313331560937,review_warranted,logistic_regression
CAN-BDWF22CYUA,T1,0.002173653956491928,0.9895092118598214,0.008317134183686712,insufficient_evidence,logistic_regression
CAN-JUDHP15RCW,T1,0.005087518370983026,0.8421971016215447,0.15271538000747237,review_not_warranted,logistic_regression
CAN-3H2ZQ20HYA,T1,0.0038369324299765205,0.9831152199710353,0.013047847598988147,insufficient_evidence,logistic_regression
CAN-9Y4E8DVX0U,T1,0.9397524986687475,0.017203998272708233,0.04304350305854417,review_warranted,logistic_regression
CAN-56NGPDUGKO,T1,0.5939046484140358,0.00762839875545381,0.39846695283051037,insufficient_evidence,logistic_regression
CAN-HNHZKKFNLR,T1,1.7870716765501182e-06,0.9996837358346337,0.0003144770936898002,insufficient_evidence,logistic_regression
CAN-3L9PECKRSW,T1,0.8058687339110836,8.846373307008033e-05,0.1940428023558464,review_warranted,logistic_regression
CAN-30WX81N4ES,T1,0.20192163125053023,0.6751737893359668,0.12290457941350298,review_warranted,logistic_regression
CAN-UQQIYRW0PD,T1,0.5564792822574828,0.011731658729273797,0.4317890590132434,review_warranted,logistic_regression
CAN-V9M5ANAVAQ,T1,0.1579130223543974,0.12572939765581514,0.7163575799897876,review_not_warranted,logistic_regression
CAN-ZT3OGP0JXS,T1,0.014553199412574725,0.29363168949098173,0.6918151110964436,review_not_warranted,logistic_regression
CAN-VHIJVPARK8,T1,0.7238496008544383,0.009699407056377075,0.2664509920891847,review_warranted,logistic_regression
CAN-FVPXP9IPUU,T1,0.9984427761403654,0.00011467327059054809,0.0014425505890441653,review_not_warranted,logistic_regression
CAN-6EP6GXXTK9,T1,0.0039581433319029235,0.944188921860016,0.05185293480808112,review_not_warranted,logistic_regression
CAN-JR75FSAO9V,T1,0.14556565242505912,0.8523881977232246,0.0020461498517163838,review_not_warranted,logistic_regression
CAN-07K7VDEEMK,T1,0.3157795142599824,0.0071007992426767195,0.6771196864973409,review_warranted,logistic_regression
CAN-X83JEQTGZH,T1,0.4370910169872439,0.01015449176916188,0.5527544912435943,review_warranted,logistic_regression
CAN-CM7DYFBA7J,T1,0.46080370460158504,0.16206501500897263,0.3771312803894423,insufficient_evidence,logistic_regression
CAN-5N3RUX7YHN,T1,0.5837219860890355,0.03265469348167323,0.3836233204292913,review_warranted,logistic_regression
CAN-R18R0Y2KT1,T1,0.04255778510359887,0.8968572746587394,0.06058494023766175,insufficient_evidence,logistic_regression
CAN-MKP2V46UCL,T1,0.07020715351536769,0.2009132382671261,0.7288796082175062,review_warranted,logistic_regression
CAN-AUHE529DEL,T1,0.13953248902546936,0.6994654220711163,0.16100208890341441,insufficient_evidence,logistic_regression
CAN-RB7I4QYEUI,T1,0.7446166159600813,0.000917380446420545,0.25446600359349814,insufficient_evidence,logistic_regression
CAN-0R2G3NUIKR,T1,0.4659415901034357,0.41065441800800184,0.12340399188856249,review_warranted,logistic_regression
CAN-FTE9U57RLP,T1,0.0025593470488607505,0.87155773910672,0.12588291384441933,review_not_warranted,logistic_regression
CAN-QUQOLS2HT8,T1,0.9665570209701965,0.005964839367974269,0.027478139661829198,review_warranted,logistic_regression
CAN-J9DW7V0B0M,T1,0.019358187857631014,0.9160644468877487,0.06457736525462034,review_not_warranted,logistic_regression
CAN-1U7KYCHT04,T1,0.742480593409981,0.007520273147013744,0.2499991334430054,insufficient_evidence,logistic_regression
CAN-8IVXRT38AV,T1,0.04877231376986852,0.0022278230994010996,0.9489998631307303,review_warranted,logistic_regression
CAN-8S6ARU7BKP,T1,0.9215496047906713,0.0037284502323958854,0.07472194497693284,review_warranted,logistic_regression
CAN-HA0BA87B8L,T1,0.24652589729881455,0.2721819744124218,0.4812921282887636,review_warranted,logistic_regression
CAN-0XENT8TOVT,T1,0.001288779517458394,0.933074860261727,0.06563636022081464,review_not_warranted,logistic_regression
CAN-W10A9RCR81,T1,0.00322978194603773,0.15514357374185223,0.8416266443121101,insufficient_evidence,logistic_regression
CAN-DRJR4QD6PK,T1,0.02289600611198614,0.7401208954448514,0.23698309844316243,review_not_warranted,logistic_regression
CAN-L55BKTF9S0,T1,0.5315293075552164,0.20768239479376072,0.2607882976510228,review_not_warranted,logistic_regression
CAN-D9Y0VJJ6VW,T1,0.0020031930879162874,0.05480955229066837,0.9431872546214153,review_warranted,logistic_regression
CAN-1ZS1BZI6T1,T1,0.06453329213197895,0.02899879476163854,0.9064679131063825,insufficient_evidence,logistic_regression
CAN-0BEG9SW2FJ,T1,0.0002875351224506241,0.9880349055839713,0.011677559293578114,review_not_warranted,logistic_regression
CAN-R59D8GNWOE,T1,0.0013730008514709082,0.0024977540912029285,0.9961292450573261,review_warranted,logistic_regression
CAN-RSAGRRSRCU,T1,0.05119491903840515,0.12641511551620835,0.8223899654453866,insufficient_evidence,logistic_regression
CAN-TLVR8Y2L8B,T1,0.04743868353089226,0.9235476411327099,0.02901367533639787,insufficient_evidence,logistic_regression
CAN-KBNRY7AM6A,T1,0.9718389827008149,4.491461014495149e-05,0.028116102689040114,review_warranted,logistic_regression
CAN-GP3R1BKFVB,T1,0.039745124840236595,0.0011481539765549817,0.9591067211832084,review_not_warranted,logistic_regression
CAN-ZUC41D21E3,T1,0.4414827866883754,0.25950769268230417,0.2990095206293205,review_not_warranted,logistic_regression
CAN-AX8X8VO9JH,T1,0.0006977336246836377,0.2689559548683669,0.7303463115069495,insufficient_evidence,logistic_regression
CAN-ADOF3P33HR,T1,0.00013111652815713597,0.9533266288346066,0.0465422546372363,review_not_warranted,logistic_regression
CAN-JAC9C5ZY2J,T1,0.0002698898416091853,0.4769969283990318,0.522733181759359,review_not_warranted,logistic_regression
CAN-5EZS1T1ELJ,T1,0.0010405066438234725,0.9594894281513523,0.03947006520482426,review_warranted,logistic_regression
CAN-16LL783QTG,T1,0.0020140859972463333,0.7158868452003749,0.2820990688023788,review_not_warranted,logistic_regression
CAN-VIYZ36BREN,T1,0.0003966840593542424,0.9634319982330836,0.036171317707562205,insufficient_evidence,logistic_regression
CAN-Q0VG7NCDFO,T1,0.987487718382804,0.005239331369081419,0.007272950248114551,review_warranted,logistic_regression
CAN-LQYOAEONVO,T1,0.23851734834883487,0.0036880985404399848,0.7577945531107252,insufficient_evidence,logistic_regression
CAN-Q7RFRQTAQZ,T1,0.703832997275538,0.0023482850781291246,0.2938187176463329,insufficient_evidence,logistic_regression
CAN-LNUVVT5CZH,T1,0.755401807664508,7.160613046171903e-05,0.2445265862050303,review_warranted,logistic_regression
CAN-0ND8K10G3Q,T1,0.3460112896963982,0.19174990980488582,0.46223880049871585,review_not_warranted,logistic_regression
CAN-2V0D61OSOH,T1,0.3739951548726052,0.010770105707396675,0.6152347394199982,review_not_warranted,logistic_regression
CAN-0EEV2PAF0Q,T1,0.044880113732264686,0.769509583241701,0.18561030302603437,review_not_warranted,logistic_regression
CAN-OKX1I6CA68,T1,0.0003095684147795368,0.9072558619824589,0.09243456960276142,insufficient_evidence,logistic_regression
CAN-58JRRKXCV8,T1,0.11517412827760688,0.003246479941364996,0.8815793917810282,insufficient_evidence,logistic_regression
CAN-Q1G8222TVV,T1,0.05343192316748605,0.2200746400794443,0.7264934367530697,review_not_warranted,logistic_regression
CAN-JMSVBKK42K,T1,0.01845449267968035,0.09183998953622922,0.8897055177840903,insufficient_evidence,logistic_regression
CAN-O8J5XQ1QHK,T1,0.31245103943294866,0.008311442184050744,0.6792375183830006,review_warranted,logistic_regression
CAN-6NHOI7HD4X,T1,0.12329828276958538,0.08369871878553348,0.7930029984448811,insufficient_evidence,logistic_regression
CAN-Z2FMDPQZ6U,T1,0.00023226755988999337,0.12606739561040553,0.8737003368297045,review_not_warranted,logistic_regression
CAN-YPY46FBMCC,T1,0.2088479555874656,0.006094745596773928,0.7850572988157605,review_warranted,logistic_regression
CAN-M6I6ONFLH6,T1,0.00022616799487689519,0.9992227429466051,0.0005510890585180916,review_warranted,logistic_regression
CAN-MD6HSPZNPH,T1,0.02666592742069811,0.003168871636816487,0.9701652009424854,review_not_warranted,logistic_regression
CAN-BG2JQTKE9R,T1,0.07796824102604111,0.005915505603151094,0.9161162533708078,insufficient_evidence,logistic_regression
CAN-NZ60ITUAMZ,T1,0.6840927816154053,0.0008968549191060791,0.3150103634654886,review_warranted,logistic_regression
CAN-3E88BL7X8N,T1,0.46618073676580807,0.0826371868500127,0.45118207638417923,review_warranted,logistic_regression
CAN-WRYT3JA62H,T1,0.06966601590877496,0.39271375255243424,0.5376202315387909,insufficient_evidence,logistic_regression
CAN-UC1GUSFB8Y,T1,0.010344247818468358,0.9823318264287231,0.007323925752808547,insufficient_evidence,logistic_regression
CAN-KAEH77AZL2,T1,0.7998910292281545,0.04818074777521316,0.15192822299663242,review_not_warranted,logistic_regression
CAN-NJIWES3CMC,T1,0.0005654366863471361,0.9555078513921418,0.043926711921511145,review_not_warranted,logistic_regression
CAN-OV2OP0BPC2,T1,0.9681276013422413,0.0017341747529099748,0.030138223904848806,insufficient_evidence,logistic_regression
CAN-8BR6ZCR6C5,T1,0.032473409156427435,0.7949244112890483,0.1726021795545243,review_not_warranted,logistic_regression
CAN-M5PX3JZR1B,T1,0.4234082374206354,0.20665534934211127,0.3699364132372534,review_warranted,logistic_regression
CAN-WQQAVM6KJ0,T1,0.9562130977469537,0.020470825129605914,0.023316077123440325,insufficient_evidence,logistic_regression
CAN-GXTMUF9MJ2,T1,0.02775527564371065,0.6520039063809366,0.3202408179753527,review_not_warranted,logistic_regression
CAN-X66G0DQZY1,T1,0.003403293623322452,0.09829508734273382,0.8983016190339437,review_not_warranted,logistic_regression
CAN-8G6HTDW3TS,T1,0.0063980844843141305,0.937895600838603,0.055706314677082924,review_not_warranted,logistic_regression
CAN-IX71UNKLCC,T1,0.041212987529110595,0.13972268739606344,0.8190643250748261,review_not_warranted,logistic_regression
CAN-BQ2E1CA8JA,T1,0.0003336666103527806,0.999554646622509,0.00011168676713812775,review_not_warranted,logistic_regression
CAN-C6JQXV1H28,T1,0.034767589415309164,0.2602699887331256,0.7049624218515652,review_not_warranted,logistic_regression
CAN-7Z4I6X76ZY,T1,0.9421288856090898,0.02908012307500496,0.028790991315905214,insufficient_evidence,logistic_regression
CAN-4DQEX1DFLP,T1,9.301304903482317e-05,0.9989835460774343,0.0009234408735307931,review_not_warranted,logistic_regression
CAN-GTRZMV90GK,T1,0.01717670054089186,0.0014604812929300064,0.9813628181661782,insufficient_evidence,logistic_regression
CAN-28HOG1H1PI,T1,0.820325651717904,0.1655607848484545,0.014113563433641604,review_warranted,logistic_regression
CAN-8467CAI41V,T1,0.8393650526221864,0.06508096345358401,0.09555398392422965,review_warranted,logistic_regression
CAN-A8RUHP98S6,T1,0.05382122105845211,0.5048691473458964,0.44130963159565145,insufficient_evidence,logistic_regression
CAN-6FIO389AU7,T1,0.04842509666205217,0.02456338071066392,0.9270115226272839,review_warranted,logistic_regression
CAN-GRA38D14NY,T1,0.9390816769615611,0.0002482748116040691,0.060670048226834854,review_warranted,logistic_regression
CAN-TK9TB1S19Y,T1,0.7973886771296225,0.046412734431895836,0.1561985884384817,review_warranted,logistic_regression
CAN-6045ADGW9W,T1,0.003101961352757128,0.5548651412705694,0.44203289737667356,review_not_warranted,logistic_regression
CAN-YVRMB50LXO,T1,0.002193888355711923,0.9480796443292849,0.04972646731500322,review_not_warranted,logistic_regression
CAN-VJ1ATXQ4KR,T1,0.11318525448185542,0.007569632831414248,0.8792451126867303,review_not_warranted,logistic_regression
CAN-693NHGTCCO,T1,0.6019315402718286,0.02395681535145697,0.37411164437671446,review_warranted,logistic_regression
CAN-QZE5QAIJ2T,T1,0.516367883622501,0.005656135421582549,0.47797598095591654,review_warranted,logistic_regression
CAN-VB1685ICUZ,T1,0.00031384209239248656,0.03934372692543177,0.9603424309821758,review_not_warranted,logistic_regression
CAN-VNPISGXD4Q,T1,0.366793552922127,0.07997311828589447,0.5532333287919785,insufficient_evidence,logistic_regression
CAN-E2FZJZ8WLH,T1,0.012170941134607875,0.9750454281008234,0.012783630764568699,review_not_warranted,logistic_regression
CAN-LEJZ8XH8YE,T1,0.035754653560367534,0.09613450726918911,0.8681108391704433,insufficient_evidence,logistic_regression
CAN-SHRRQNVCIC,T1,0.013378020111384203,0.48147871123347297,0.5051432686551428,review_not_warranted,logistic_regression
CAN-8LF2PPDABK,T1,0.9716899693795544,0.00010195478955067945,0.028208075830894862,insufficient_evidence,logistic_regression
CAN-ZWF0AYKB18,T1,0.0023695370526507433,0.011658291408941297,0.985972171538408,review_warranted,logistic_regression
CAN-HC7VWRKBC4,T1,0.10929123262809645,0.17843895988924793,0.7122698074826557,insufficient_evidence,logistic_regression
CAN-6O36VBSAI9,T1,0.6849824974413785,0.22038293238862647,0.0946345701699951,insufficient_evidence,logistic_regression
CAN-4EK13UOVMH,T1,0.8220851561606466,0.150083116382393,0.027831727456960473,review_warranted,logistic_regression
CAN-4JML2H5550,T1,0.9270585735330036,0.0036177510330764936,0.06932367543391989,review_not_warranted,logistic_regression
CAN-W803WTVEJV,T1,0.0005515370282411046,0.9993927702932054,5.569267855358222e-05,review_not_warranted,logistic_regression
CAN-1JQKMVCC0E,T1,0.08518722129819706,0.004328963206366127,0.9104838154954368,review_warranted,logistic_regression
CAN-PFB5DKD37Z,T1,0.006366819291695798,0.04373753458805305,0.9498956461202511,review_warranted,logistic_regression
CAN-JS0TD7RAVV,T1,0.003304795048455478,0.09956878866833625,0.8971264162832082,review_warranted,logistic_regression
CAN-6N8NUY6QNZ,T1,0.0619706125172752,0.0004536533289516371,0.9375757341537733,review_not_warranted,logistic_regression
CAN-3W1WRGSSBR,T1,0.1378917234536084,0.1702044410375993,0.6919038355087923,insufficient_evidence,logistic_regression
CAN-RLFHYDAOTO,T1,0.3475680990014603,0.05887703615937676,0.593554864839163,insufficient_evidence,logistic_regression
CAN-USBPGXP3DA,T1,0.05503359732747437,0.9396685452551832,0.005297857417342485,insufficient_evidence,logistic_regression
CAN-F640D3DCIR,T1,0.6709805032979048,0.03718565665444065,0.2918338400476545,review_warranted,logistic_regression
CAN-J538MFH2RZ,T1,0.002189571319057709,0.9923043147822294,0.005506113898712874,review_warranted,logistic_regression
CAN-T3BSOKDD2P,T1,0.737538835571165,0.07622287980026471,0.1862382846285704,review_warranted,logistic_regression
CAN-1UXZVZSG4A,T1,0.04989681982755496,0.15975372891875908,0.7903494512536859,review_not_warranted,logistic_regression
CAN-QU6MD5TN0F,T1,0.0044564198042687,0.09254982311958553,0.9029937570761458,insufficient_evidence,logistic_regression
CAN-H2TOKOI56S,T1,0.021202793807882696,0.11681047984653459,0.8619867263455827,insufficient_evidence,logistic_regression
CAN-ARNXXD7017,T1,0.015554283350738163,0.515964228244767,0.46848148840449494,review_warranted,logistic_regression
CAN-BT0Y88Z5VY,T1,0.0021794079206445176,0.9964503757260667,0.001370216353288906,review_warranted,logistic_regression
CAN-20LP6R01W2,T1,0.13955210726719472,0.0029477197979221556,0.8575001729348832,review_warranted,logistic_regression
CAN-GT29QK48ZR,T1,0.9069267749784548,0.011679938021594666,0.08139328699995063,review_warranted,logistic_regression
CAN-JTU00IS95H,T1,0.8249128596093814,0.0009051912048424198,0.17418194918577617,review_warranted,logistic_regression
CAN-KLQH9G2XAA,T1,0.0016542832941873035,0.06500336175913242,0.9333423549466804,review_not_warranted,logistic_regression
CAN-1X36MKKDTS,T1,0.0002851827726389636,0.9849541428262268,0.014760674401134209,review_not_warranted,logistic_regression
CAN-DANXMJUTSN,T1,0.2628176334048454,0.2690015366618412,0.4681808299333134,insufficient_evidence,logistic_regression
CAN-L16ZDGA6KP,T1,0.3879408460949716,0.0008971156647199403,0.6111620382403086,review_warranted,logistic_regression
CAN-ICKK4E813F,T1,0.0009813422563102153,0.7197375704455145,0.2792810872981754,review_not_warranted,logistic_regression
CAN-BQA0QBKTW1,T1,0.00566155188107853,0.99333829867279,0.0010001494461314205,insufficient_evidence,logistic_regression
CAN-PBRR29HATJ,T1,0.30599404654021595,0.03742548645696974,0.6565804670028142,review_not_warranted,logistic_regression
CAN-RWVLQ6JSLV,T1,0.03606272471530702,0.43329548415243213,0.5306417911322608,review_not_warranted,logistic_regression
CAN-D0A5SDWYO9,T1,0.8099013160673256,0.09881122418892362,0.09128745974375076,review_not_warranted,logistic_regression
CAN-LAAZKJS0G8,T1,0.8994013244686957,0.09576860723046021,0.004830068300844116,insufficient_evidence,logistic_regression
CAN-9UF00BV0SU,T1,0.001655408144455154,0.9949045903734693,0.0034400014820754688,review_not_warranted,logistic_regression
CAN-P049Y8KP5Z,T1,0.40194232562656484,0.5549701001371342,0.04308757423630097,review_warranted,logistic_regression
CAN-B0FYO3ENSX,T1,0.705956108851059,0.01789003497850884,0.2761538561704322,review_warranted,logistic_regression
CAN-2MPIJSE7PT,T1,0.04161903352960411,0.9299598965136265,0.028421069956769292,review_warranted,logistic_regression
CAN-6ULFMKJ73X,T1,0.6283835152659872,0.004627222628799051,0.36698926210521376,review_warranted,logistic_regression
CAN-QCF4GZN8TD,T0,0.35048482044869234,0.2588671254871234,0.39064805406418435,insufficient_evidence,logistic_regression_sigmoid
CAN-O523BGV6IR,T0,0.2898884211446377,0.39503204470501446,0.31507953415034773,insufficient_evidence,logistic_regression_sigmoid
CAN-JUR9CRBOBB,T0,0.30212044373823266,0.2689076230642019,0.4289719331975654,insufficient_evidence,logistic_regression_sigmoid
CAN-1EJVSHCWNY,T0,0.22476937416792672,0.3793869458801999,0.39584367995187336,review_not_warranted,logistic_regression_sigmoid
CAN-NLM2FQOWDX,T0,0.16418599062949943,0.4630035813490199,0.3728104280214806,insufficient_evidence,logistic_regression_sigmoid
CAN-2B1096MPJS,T0,0.2853360898564207,0.3856297867513538,0.32903412339222554,review_warranted,logistic_regression_sigmoid
CAN-046H2OTGZ2,T0,0.37161152125167535,0.2177428841830936,0.41064559456523114,review_warranted,logistic_regression_sigmoid
CAN-M8GSUMHUBV,T0,0.6034217164535617,0.07808991242091451,0.3184883711255238,review_not_warranted,logistic_regression_sigmoid
CAN-BENX1VQFJF,T0,0.4214408491379966,0.3012175980136263,0.27734155284837714,review_warranted,logistic_regression_sigmoid
CAN-MG8XYRNB7R,T0,0.4750403945265091,0.16473831091707689,0.36022129455641405,insufficient_evidence,logistic_regression_sigmoid
CAN-N4QFJS875I,T0,0.40372999935487947,0.21884448926350536,0.37742551138161534,insufficient_evidence,logistic_regression_sigmoid
CAN-4T5MQ6DTMK,T0,0.35275892990124075,0.3040832847082611,0.3431577853904981,review_not_warranted,logistic_regression_sigmoid
CAN-Z33ALI17FK,T0,0.0994263498370039,0.42721574146804747,0.47335790869494865,review_not_warranted,logistic_regression_sigmoid
CAN-SR7RMC873R,T0,0.4229115701386526,0.24388165733725997,0.3332067725240874,insufficient_evidence,logistic_regression_sigmoid
CAN-ZSGTTG0DNE,T0,0.4623024618110832,0.14612547286989505,0.3915720653190217,review_not_warranted,logistic_regression_sigmoid
CAN-DZXEHKO5JZ,T0,0.32290859629637864,0.27218809723453047,0.40490330646909084,review_not_warranted,logistic_regression_sigmoid
CAN-531EC6XM0A,T0,0.11331655707436149,0.4901216230656568,0.3965618198599817,insufficient_evidence,logistic_regression_sigmoid
CAN-STFR13OJLS,T0,0.478062913186482,0.1303281083776696,0.39160897843584846,review_not_warranted,logistic_regression_sigmoid
CAN-I25Z744R3A,T0,0.10976653587649911,0.5269990639900063,0.3632344001334946,review_not_warranted,logistic_regression_sigmoid
CAN-7UQ40SSRBR,T0,0.1284708563432616,0.4176829695947991,0.45384617406193933,review_not_warranted,logistic_regression_sigmoid
CAN-UVG366PFKZ,T0,0.07299070469208452,0.4924010326347128,0.4346082626732027,review_not_warranted,logistic_regression_sigmoid
CAN-VDBBB1U640,T0,0.18218612752455118,0.3495960940567153,0.4682177784187336,insufficient_evidence,logistic_regression_sigmoid
CAN-Y1ONULRYLB,T0,0.42224801141227014,0.21410853110095476,0.3636434574867751,review_warranted,logistic_regression_sigmoid
CAN-QQXBJU6M6L,T0,0.5151103712009263,0.07639737529611655,0.40849225350295715,insufficient_evidence,logistic_regression_sigmoid
CAN-3D99WGLA9F,T0,0.3150174494945108,0.26382093049288585,0.4211616200126033,review_warranted,logistic_regression_sigmoid
CAN-RAC3AUDPMW,T0,0.17390950835494054,0.5344046958246278,0.2916857958204317,review_not_warranted,logistic_regression_sigmoid
CAN-MSNJEAB1GA,T0,0.4146725331497099,0.23593965092001642,0.3493878159302736,review_warranted,logistic_regression_sigmoid
CAN-R3PHPYEEK1,T0,0.31824200652769,0.3068255666575649,0.37493242681474503,review_warranted,logistic_regression_sigmoid
CAN-4491B2CKSM,T0,0.2828364687395315,0.3338535262931535,0.383310004967315,insufficient_evidence,logistic_regression_sigmoid
CAN-QCQLTNKON8,T0,0.1271760773641012,0.5537348124466265,0.31908911018927233,review_not_warranted,logistic_regression_sigmoid
CAN-YGWAL6CGCM,T0,0.4493999401370816,0.26738051726485806,0.28321954259806037,review_warranted,logistic_regression_sigmoid
CAN-I0MWENXOTY,T0,0.28034670110945076,0.3458484216285075,0.3738048772620418,insufficient_evidence,logistic_regression_sigmoid
CAN-ZKFSI428I3,T0,0.6011709358540425,0.15127976685346795,0.24754929729248956,review_warranted,logistic_regression_sigmoid
CAN-CE82WSAY7G,T0,0.4613832900183477,0.3390799913588111,0.19953671862284125,review_warranted,logistic_regression_sigmoid
CAN-VT4PWKOXUS,T0,0.32323354168133633,0.36674713386293506,0.3100193244557286,insufficient_evidence,logistic_regression_sigmoid
CAN-WMYE9H5KHU,T0,0.2190940987681397,0.45726907685152485,0.3236368243803354,insufficient_evidence,logistic_regression_sigmoid
CAN-G5QOBJADAS,T0,0.17805420620186657,0.5021817192257567,0.3197640745723768,insufficient_evidence,logistic_regression_sigmoid
CAN-4HICC8FK63,T0,0.22016357579662352,0.43321346067710426,0.34662296352627225,review_not_warranted,logistic_regression_sigmoid
CAN-EY5UH24ZIZ,T0,0.24392452245699378,0.39101829798086224,0.365057179562144,review_warranted,logistic_regression_sigmoid
CAN-UOZRL1V8KU,T0,0.23307248218199395,0.40482023812079676,0.3621072796972093,insufficient_evidence,logistic_regression_sigmoid
CAN-BDFTFJSJN7,T0,0.38547615535741403,0.2548591189127419,0.3596647257298442,insufficient_evidence,logistic_regression_sigmoid
CAN-2OHE79VIFA,T0,0.3055948405942333,0.2316170002276007,0.462788159178166,review_not_warranted,logistic_regression_sigmoid
CAN-Z7ABOKWLUW,T0,0.21118649818064938,0.44404258107165734,0.3447709207476932,review_not_warranted,logistic_regression_sigmoid
CAN-MMXHM6U1Q3,T0,0.13564233297336756,0.5561124014403206,0.30824526558631177,review_not_warranted,logistic_regression_sigmoid
CAN-VY0CLY1UJZ,T0,0.13596299535296086,0.5333524956429246,0.33068450900411445,review_not_warranted,logistic_regression_sigmoid
CAN-N2OQ035YY8,T0,0.3869583895164244,0.23026134514509758,0.382780265338478,insufficient_evidence,logistic_regression_sigmoid
CAN-682VA03Y7M,T0,0.15375454692079632,0.5166534134297435,0.32959203964946027,review_not_warranted,logistic_regression_sigmoid
CAN-R86U0E2XY5,T0,0.12585182919369023,0.5563401950372955,0.31780797576901426,insufficient_evidence,logistic_regression_sigmoid
CAN-ZQ0GWKIZ51,T0,0.3976362998345153,0.1825124333024577,0.41985126686302704,review_warranted,logistic_regression_sigmoid
CAN-A6ETMQZT3D,T0,0.1560201644755024,0.5275333599682349,0.31644647555626265,insufficient_evidence,logistic_regression_sigmoid
CAN-W41T8OR50L,T0,0.3264118528197753,0.311004675732552,0.3625834714476727,review_warranted,logistic_regression_sigmoid
CAN-KMB5GTBPM9,T0,0.14870728915895323,0.5055324470797942,0.34576026376125263,review_not_warranted,logistic_regression_sigmoid
CAN-Z38H9W4ZGC,T0,0.18154682329568642,0.4697608144105893,0.3486923622937243,review_not_warranted,logistic_regression_sigmoid
CAN-XY38I4LIXQ,T0,0.3560355602995613,0.295111096786933,0.34885334291350567,review_not_warranted,logistic_regression_sigmoid
CAN-UC0X4CF5YC,T0,0.27913187166505177,0.37481856516015305,0.3460495631747951,insufficient_evidence,logistic_regression_sigmoid
CAN-8MG3KHERI3,T0,0.43724514131149733,0.18245273798148917,0.38030212070701347,review_warranted,logistic_regression_sigmoid
CAN-82A1AW528U,T0,0.14124560839165962,0.33349872891903715,0.5252556626893032,insufficient_evidence,logistic_regression_sigmoid
CAN-MYFWBL13VE,T0,0.2455561790619841,0.38707090581787323,0.3673729151201428,insufficient_evidence,logistic_regression_sigmoid
CAN-SXC7CQRKWL,T0,0.18533227286952805,0.4495962637876482,0.36507146334282375,review_not_warranted,logistic_regression_sigmoid
CAN-4SMT2ZQ2JW,T0,0.2973983639658579,0.3209240880341407,0.3816775480000014,insufficient_evidence,logistic_regression_sigmoid
CAN-F0PK9CCT7U,T0,0.11082653119159798,0.4252140274560998,0.4639594413523022,insufficient_evidence,logistic_regression_sigmoid
CAN-18HFR7ZPQ5,T0,0.36515879995580575,0.26440012694176185,0.37044107310243246,insufficient_evidence,logistic_regression_sigmoid
CAN-TT3YS2Q6D9,T0,0.33299430226761945,0.32125832186584075,0.34574737586653986,review_not_warranted,logistic_regression_sigmoid
CAN-N457EOO43R,T0,0.4170786397330946,0.2656926544514891,0.31722870581541623,insufficient_evidence,logistic_regression_sigmoid
CAN-JE4XWOKZY7,T0,0.20363475443556167,0.38350849682964383,0.41285674873479455,review_warranted,logistic_regression_sigmoid
CAN-P2BMVSIWSO,T0,0.2755884959132265,0.3067853109637753,0.41762619312299826,insufficient_evidence,logistic_regression_sigmoid
CAN-WSZ2K6LRDA,T0,0.09119392929084795,0.48901838387205343,0.41978768683709866,review_warranted,logistic_regression_sigmoid
CAN-LPTV3L15GI,T0,0.4784141192167027,0.15810529293875472,0.3634805878445425,review_warranted,logistic_regression_sigmoid
CAN-HJSKW8DII3,T0,0.27921452265650076,0.3771881041108485,0.34359737323265077,review_not_warranted,logistic_regression_sigmoid
CAN-TEZC5LDGEW,T0,0.3205535328507402,0.28499190522703455,0.39445456192222533,review_not_warranted,logistic_regression_sigmoid
CAN-BA2J2OCZ4N,T0,0.34192061587068706,0.2359364497817531,0.4221429343475598,insufficient_evidence,logistic_regression_sigmoid
CAN-ZMVKC63G2A,T0,0.340663219918031,0.24580501922520614,0.41353176085676285,insufficient_evidence,logistic_regression_sigmoid
CAN-K7S70RXAMG,T0,0.45990680961716424,0.19882511832071445,0.3412680720621214,insufficient_evidence,logistic_regression_sigmoid
CAN-OAOG54YAZO,T0,0.3997500828422675,0.24067182248893437,0.3595780946687981,review_not_warranted,logistic_regression_sigmoid
CAN-86YS89WD1X,T0,0.4135781553697933,0.2439827610464749,0.3424390835837317,insufficient_evidence,logistic_regression_sigmoid
CAN-LJAETPGFMO,T0,0.35596860771216987,0.3946777493115031,0.24935364297632706,insufficient_evidence,logistic_regression_sigmoid
CAN-KNFI1QC8WD,T0,0.319237456222685,0.2500519682942777,0.4307105754830372,review_warranted,logistic_regression_sigmoid
CAN-ZSJALHV9SZ,T0,0.39751363306264625,0.18485218205272302,0.4176341848846307,insufficient_evidence,logistic_regression_sigmoid
CAN-UIDCKJCDCX,T0,0.23432824680145406,0.35050027339138246,0.41517147980716346,insufficient_evidence,logistic_regression_sigmoid
CAN-MDT600E24L,T0,0.4034418742731212,0.24521839429961964,0.3513397314272591,review_warranted,logistic_regression_sigmoid
CAN-J4H3HYSW7L,T0,0.21697765478037587,0.4686574040196824,0.3143649411999418,review_not_warranted,logistic_regression_sigmoid
CAN-QM71SGDM4I,T0,0.5217919458042944,0.1021067404606864,0.37610131373501915,review_warranted,logistic_regression_sigmoid
CAN-SC42SBD0LB,T0,0.15007542790669837,0.4962972717865119,0.35362730030678974,review_not_warranted,logistic_regression_sigmoid
CAN-J2Z8813Q6I,T0,0.33789062400368186,0.237893635979616,0.4242157400167022,insufficient_evidence,logistic_regression_sigmoid
CAN-8WZY5EL0GS,T0,0.3293617333345838,0.2988132703980684,0.37182499626734783,insufficient_evidence,logistic_regression_sigmoid
CAN-UC3CXNT45X,T0,0.5478679977106364,0.14926064856009694,0.30287135372926666,review_warranted,logistic_regression_sigmoid
CAN-OX9BJ0D2O1,T0,0.10562778381653694,0.5604191712552924,0.33395304492817074,insufficient_evidence,logistic_regression_sigmoid
CAN-CSA9RPF7N0,T0,0.2615267166203636,0.39253131297721006,0.3459419704024264,review_not_warranted,logistic_regression_sigmoid
CAN-GAZ28IY33B,T0,0.47348112510844587,0.2581398868937132,0.26837898799784093,insufficient_evidence,logistic_regression_sigmoid
CAN-JEIC06XTOM,T0,0.27445912653179255,0.36267420732113703,0.36286666614707036,review_not_warranted,logistic_regression_sigmoid
CAN-WAM0MZEWD7,T0,0.3451006213565287,0.2934222992064648,0.3614770794370065,insufficient_evidence,logistic_regression_sigmoid
CAN-90NXQQ43RV,T0,0.051859839307722866,0.6475898932536437,0.3005502674386335,review_not_warranted,logistic_regression_sigmoid
CAN-U9XCTU7C4F,T0,0.14460815088196127,0.5238016882579413,0.3315901608600975,review_not_warranted,logistic_regression_sigmoid
CAN-3V8APYMFFU,T0,0.025985806950912155,0.5220599278697061,0.45195426517938175,review_not_warranted,logistic_regression_sigmoid
CAN-4FO38FPD7B,T0,0.28453347235774,0.3740137745482388,0.34145275309402123,review_not_warranted,logistic_regression_sigmoid
CAN-LQTYLY754O,T0,0.44122143397098784,0.23120221331449275,0.3275763527145194,insufficient_evidence,logistic_regression_sigmoid
CAN-Y1NS971FST,T0,0.5397679006675143,0.16866584136243526,0.2915662579700504,review_warranted,logistic_regression_sigmoid
CAN-1WB2NA52JZ,T0,0.12451205841147088,0.5650378561110228,0.3104500854775064,review_not_warranted,logistic_regression_sigmoid
CAN-GPXG19LRNA,T0,0.3421527161592158,0.263167167178264,0.39468011666252023,review_not_warranted,logistic_regression_sigmoid
CAN-I4N8CBG88Z,T0,0.33716452093770993,0.275606783987202,0.38722869507508806,review_warranted,logistic_regression_sigmoid
CAN-RG84ONNZ7C,T0,0.41883608895951374,0.22616353407233994,0.3550003769681463,review_warranted,logistic_regression_sigmoid
CAN-1NEQLC2YWG,T0,0.18942982474831274,0.456739733758859,0.3538304414928282,insufficient_evidence,logistic_regression_sigmoid
CAN-4QS9RM4XLH,T0,0.4390574137888337,0.2453091550873724,0.315633431123794,review_warranted,logistic_regression_sigmoid
CAN-CJN0H4XCFS,T0,0.3051058632249378,0.3710632208356171,0.323830915939445,insufficient_evidence,logistic_regression_sigmoid
CAN-P4RVWAG757,T0,0.2983626521625693,0.3129322429330646,0.3887051049043661,insufficient_evidence,logistic_regression_sigmoid
CAN-ERSOR4K7QJ,T0,0.3182363351130951,0.24029085338058867,0.4414728115063162,insufficient_evidence,logistic_regression_sigmoid
CAN-RXMWDVU7JD,T0,0.46253664162375524,0.15994892724032053,0.37751443113592426,review_warranted,logistic_regression_sigmoid
CAN-7HQWF459VW,T0,0.3470157949935114,0.340618630736496,0.3123655742699926,review_not_warranted,logistic_regression_sigmoid
CAN-ME2Q23NS0G,T0,0.401378989517946,0.238575394274906,0.3600456162071481,review_warranted,logistic_regression_sigmoid
CAN-W1O813CX74,T0,0.32168635248259064,0.2503574608254842,0.4279561866919251,insufficient_evidence,logistic_regression_sigmoid
CAN-3JG44NWV2W,T0,0.47741049893040793,0.28693917247502526,0.23565032859456678,review_warranted,logistic_regression_sigmoid
CAN-R3FQ58SFFS,T0,0.25534214505297204,0.3676760417343128,0.3769818132127152,review_not_warranted,logistic_regression_sigmoid
CAN-H3DK4NU2ZJ,T0,0.48904121597520295,0.14975068082459114,0.3612081032002059,insufficient_evidence,logistic_regression_sigmoid
CAN-5D0G3VUQUU,T0,0.3765102464310328,0.3026699470350973,0.32081980653386993,review_warranted,logistic_regression_sigmoid
CAN-ZG2995G25E,T0,0.2830943896015085,0.3675165170831242,0.3493890933153672,review_not_warranted,logistic_regression_sigmoid
CAN-Y746C1F209,T0,0.16461842380568073,0.4438553559562827,0.39152622023803657,review_warranted,logistic_regression_sigmoid
CAN-XFRLQDC4M8,T0,0.4899179404449223,0.17306817185884915,0.3370138876962285,review_warranted,logistic_regression_sigmoid
CAN-QA6NLD1VOR,T0,0.13287439856568875,0.5319412093642578,0.33518439207005346,review_not_warranted,logistic_regression_sigmoid
CAN-WMUAXBCUOI,T0,0.3510744807015533,0.27341483005151185,0.3755106892469348,review_not_warranted,logistic_regression_sigmoid
CAN-H08YS9RB2I,T0,0.3960918729819167,0.28503066314762787,0.3188774638704554,review_warranted,logistic_regression_sigmoid
CAN-V2L4EF4KSE,T0,0.3612209032084695,0.3008154173762831,0.3379636794152474,review_not_warranted,logistic_regression_sigmoid
CAN-4BW4AXV2DW,T0,0.3789826688765255,0.24541192327126918,0.37560540785220536,review_warranted,logistic_regression_sigmoid
CAN-DMAU8U15C2,T0,0.3265266163199754,0.26785783206119723,0.4056155516188273,insufficient_evidence,logistic_regression_sigmoid
CAN-2LQVYTP1NE,T0,0.245559677556201,0.3497024881532291,0.40473783429056986,review_not_warranted,logistic_regression_sigmoid
CAN-4CFU2SAM9A,T0,0.30324474045483646,0.3299632174497763,0.3667920420953873,insufficient_evidence,logistic_regression_sigmoid
CAN-J4XWX7ACSW,T0,0.1380609460357142,0.47889306975525064,0.38304598420903524,review_not_warranted,logistic_regression_sigmoid
CAN-DQTR43KXGL,T0,0.28557497404761706,0.46852631293200986,0.24589871302037314,review_not_warranted,logistic_regression_sigmoid
CAN-OKRGM086UH,T0,0.1432134969874517,0.4773853859353682,0.37940111707718005,insufficient_evidence,logistic_regression_sigmoid
CAN-5J9D6PMOG7,T0,0.21813713233135715,0.40713728761929907,0.37472558004934386,insufficient_evidence,logistic_regression_sigmoid
CAN-NS2I9QFL3T,T0,0.26937945807835423,0.35587348531228263,0.3747470566093632,insufficient_evidence,logistic_regression_sigmoid
CAN-GYB9DQNAPG,T0,0.2322692991361697,0.3826884936357817,0.38504220722804855,review_not_warranted,logistic_regression_sigmoid
CAN-I3PAG0MQ4S,T0,0.25247993127584717,0.339257190189649,0.4082628785345039,insufficient_evidence,logistic_regression_sigmoid
CAN-P69V1TRALB,T0,0.08978802759872552,0.5973392068853853,0.3128727655158892,review_not_warranted,logistic_regression_sigmoid
CAN-6E9YCRS9LL,T0,0.3464685774909672,0.3367719174383316,0.3167595050707013,insufficient_evidence,logistic_regression_sigmoid
CAN-7YPZD0CRBH,T0,0.37761011429168745,0.2878286109844003,0.3345612747239122,review_warranted,logistic_regression_sigmoid
CAN-YM0I69QM0I,T0,0.08519964114564539,0.61716971944903,0.2976306394053247,insufficient_evidence,logistic_regression_sigmoid
CAN-WP2EAZABSX,T0,0.40423367518121855,0.23823711324376226,0.3575292115750191,insufficient_evidence,logistic_regression_sigmoid
CAN-VRIHDH9JWE,T0,0.3490292560992022,0.29990497672635763,0.35106576717444016,insufficient_evidence,logistic_regression_sigmoid
CAN-IA8U1DVUO4,T0,0.09705012403999744,0.618340067828999,0.28460980813100356,review_not_warranted,logistic_regression_sigmoid
CAN-TOCVLBL1FO,T0,0.5453682316752222,0.13124449888226833,0.32338726944250945,review_warranted,logistic_regression_sigmoid
CAN-YP40LZV7HG,T0,0.5216263570054902,0.16566725226824197,0.3127063907262679,insufficient_evidence,logistic_regression_sigmoid
CAN-XM0NTONS8I,T0,0.4789499358769996,0.23435545516183956,0.28669460896116084,review_not_warranted,logistic_regression_sigmoid
CAN-LO4SALY31V,T0,0.20886234532215112,0.4357309976490937,0.3554066570287553,review_not_warranted,logistic_regression_sigmoid
CAN-UXJU0P1A4M,T0,0.44935915107782237,0.15728080437103217,0.39336004455114554,review_warranted,logistic_regression_sigmoid
CAN-MFQ4GY8XPH,T0,0.416499394856388,0.2466566756183607,0.3368439295252513,review_not_warranted,logistic_regression_sigmoid
CAN-TSX3YOZ6OH,T0,0.13937328967749738,0.5204610788315378,0.34016563149096474,review_not_warranted,logistic_regression_sigmoid
CAN-RH7J269JWB,T0,0.3124843005860481,0.34947101306885964,0.3380446863450923,review_warranted,logistic_regression_sigmoid
CAN-MFBV0FQM3G,T0,0.1803980709149351,0.46081425316707975,0.35878767591798516,review_not_warranted,logistic_regression_sigmoid
CAN-J36EAQ6YIB,T0,0.22986449016868116,0.4304008561829297,0.3397346536483892,review_not_warranted,logistic_regression_sigmoid
CAN-Y8KKG8V4R5,T0,0.4667923333674455,0.14256412765529786,0.3906435389772566,review_warranted,logistic_regression_sigmoid
CAN-JH3BMQ4XC7,T0,0.20738387188416685,0.3996975202707486,0.39291860784508453,review_not_warranted,logistic_regression_sigmoid
CAN-WNGDAMUN3D,T0,0.20075917724062556,0.4823281679697596,0.31691265478961483,review_not_warranted,logistic_regression_sigmoid
CAN-OQIKHLUC4W,T0,0.2734066107247577,0.3458165292166533,0.380776860058589,insufficient_evidence,logistic_regression_sigmoid
CAN-B8OEQZRDZO,T0,0.1752848764221601,0.3991949584540338,0.425520165123806,insufficient_evidence,logistic_regression_sigmoid
CAN-GS1ASP5I7M,T0,0.3526225790036137,0.23965587758614423,0.40772154341024197,review_warranted,logistic_regression_sigmoid
CAN-SIIOAIPEG6,T0,0.43992120402665363,0.1922067175598139,0.3678720784135325,review_warranted,logistic_regression_sigmoid
CAN-OHKKF3MKJ3,T0,0.45947169097934776,0.18419359803378604,0.35633471098686625,insufficient_evidence,logistic_regression_sigmoid
CAN-BDWF22CYUA,T0,0.12055018750870831,0.6227494012868411,0.2567004112044507,insufficient_evidence,logistic_regression_sigmoid
CAN-JUDHP15RCW,T0,0.20519139061458372,0.5212293310179348,0.27357927836748147,review_not_warranted,logistic_regression_sigmoid
CAN-3H2ZQ20HYA,T0,0.19893534578502844,0.46736046164922185,0.3337041925657498,insufficient_evidence,logistic_regression_sigmoid
CAN-9Y4E8DVX0U,T0,0.4257098016279761,0.23274268348855176,0.34154751488347207,insufficient_evidence,logistic_regression_sigmoid
CAN-56NGPDUGKO,T0,0.3333593781087309,0.3118878553441485,0.3547527665471206,review_not_warranted,logistic_regression_sigmoid
CAN-HNHZKKFNLR,T0,0.13613483577313776,0.5368344335901813,0.327030730636681,insufficient_evidence,logistic_regression_sigmoid
CAN-3L9PECKRSW,T0,0.3492247504806714,0.21201794064781837,0.43875730887151027,review_warranted,logistic_regression_sigmoid
CAN-30WX81N4ES,T0,0.48091992717631493,0.19144920039505653,0.32763087242862854,review_warranted,logistic_regression_sigmoid
CAN-UQQIYRW0PD,T0,0.3827416582596244,0.2434077897181685,0.37385055202220696,review_warranted,logistic_regression_sigmoid
CAN-V9M5ANAVAQ,T0,0.34837188427870974,0.33158575928113465,0.3200423564401556,review_not_warranted,logistic_regression_sigmoid
CAN-ZT3OGP0JXS,T0,0.2294985876863266,0.39683074280812525,0.3736706695055481,review_not_warranted,logistic_regression_sigmoid
CAN-VHIJVPARK8,T0,0.4490115958508296,0.14804692571204617,0.4029414784371242,review_warranted,logistic_regression_sigmoid
CAN-FVPXP9IPUU,T0,0.26372947499337285,0.36832051336271227,0.36795001164391494,review_not_warranted,logistic_regression_sigmoid
CAN-6EP6GXXTK9,T0,0.17818862324485252,0.41231846601198446,0.4094929107431631,review_not_warranted,logistic_regression_sigmoid
CAN-JR75FSAO9V,T0,0.371831131553799,0.28952457863000897,0.3386442898161921,review_not_warranted,logistic_regression_sigmoid
CAN-07K7VDEEMK,T0,0.5315772050930264,0.11060404506626871,0.35781874984070483,review_warranted,logistic_regression_sigmoid
CAN-X83JEQTGZH,T0,0.49251895727893724,0.20889177938925751,0.2985892633318053,review_warranted,logistic_regression_sigmoid
CAN-CM7DYFBA7J,T0,0.335039408922506,0.30902191521407346,0.3559386758634206,insufficient_evidence,logistic_regression_sigmoid
CAN-5N3RUX7YHN,T0,0.3847072267284861,0.27463094996054377,0.3406618233109701,review_warranted,logistic_regression_sigmoid
CAN-R18R0Y2KT1,T0,0.21853027806286196,0.43045139133004734,0.3510183306070907,review_warranted,logistic_regression_sigmoid
CAN-MKP2V46UCL,T0,0.5136885603751722,0.1556025089273064,0.33070893069752144,review_warranted,logistic_regression_sigmoid
CAN-AUHE529DEL,T0,0.12406403225549051,0.5327833108041908,0.34315265694031877,review_not_warranted,logistic_regression_sigmoid
CAN-RB7I4QYEUI,T0,0.5912199857195756,0.15729132091614714,0.2514886933642773,insufficient_evidence,logistic_regression_sigmoid
CAN-0R2G3NUIKR,T0,0.3547406747304766,0.3433576264127189,0.3019016988568045,review_warranted,logistic_regression_sigmoid
CAN-FTE9U57RLP,T0,0.18650422609535613,0.4897182198981045,0.32377755400653935,review_not_warranted,logistic_regression_sigmoid
CAN-QUQOLS2HT8,T0,0.4528658235001947,0.20812688905024138,0.33900728744956393,review_warranted,logistic_regression_sigmoid
CAN-J9DW7V0B0M,T0,0.21701358604854715,0.4217875965617135,0.36119881738973936,insufficient_evidence,logistic_regression_sigmoid
CAN-1U7KYCHT04,T0,0.48248988704186396,0.2036986908076349,0.3138114221505011,insufficient_evidence,logistic_regression_sigmoid
CAN-8IVXRT38AV,T0,0.22494427551330096,0.4274037319442481,0.347651992542451,review_warranted,logistic_regression_sigmoid
CAN-8S6ARU7BKP,T0,0.41230645273717653,0.22522225239431962,0.3624712948685039,review_warranted,logistic_regression_sigmoid
CAN-HA0BA87B8L,T0,0.3487501185883102,0.20781372730039913,0.4434361541112907,insufficient_evidence,logistic_regression_sigmoid
CAN-0XENT8TOVT,T0,0.14419517709699448,0.47605113346908734,0.3797536894339182,review_not_warranted,logistic_regression_sigmoid
CAN-W10A9RCR81,T0,0.26844501078143135,0.3894671329372424,0.3420878562813262,insufficient_evidence,logistic_regression_sigmoid
CAN-DRJR4QD6PK,T0,0.07496346674572102,0.5402318485107681,0.384804684743511,review_not_warranted,logistic_regression_sigmoid
CAN-L55BKTF9S0,T0,0.2750025459526306,0.3829072953047256,0.34209015874264376,review_not_warranted,logistic_regression_sigmoid
CAN-D9Y0VJJ6VW,T0,0.4553664542996742,0.20464940915924823,0.33998413654107756,review_warranted,logistic_regression_sigmoid
CAN-1ZS1BZI6T1,T0,0.4458567437538324,0.18164890047763627,0.3724943557685314,insufficient_evidence,logistic_regression_sigmoid
CAN-0BEG9SW2FJ,T0,0.2479945767472792,0.4137571976305679,0.3382482256221529,review_not_warranted,logistic_regression_sigmoid
CAN-R59D8GNWOE,T0,0.3988140817716215,0.2343460920779988,0.36683982615037974,review_warranted,logistic_regression_sigmoid
CAN-RSAGRRSRCU,T0,0.24613735012373672,0.409945234811074,0.3439174150651893,insufficient_evidence,logistic_regression_sigmoid
CAN-TLVR8Y2L8B,T0,0.42241178975313737,0.31569831170930646,0.2618898985375561,review_warranted,logistic_regression_sigmoid
CAN-KBNRY7AM6A,T0,0.4114760724821506,0.25461055277880384,0.3339133747390455,review_warranted,logistic_regression_sigmoid
CAN-GP3R1BKFVB,T0,0.2996789464561591,0.3050162280198869,0.3953048255239539,review_not_warranted,logistic_regression_sigmoid
CAN-ZUC41D21E3,T0,0.16969963204980681,0.40335939965240974,0.42694096829778344,review_not_warranted,logistic_regression_sigmoid
CAN-AX8X8VO9JH,T0,0.17921793688768542,0.4745425970576962,0.34623946605461836,insufficient_evidence,logistic_regression_sigmoid
CAN-ADOF3P33HR,T0,0.1487051675963168,0.49429231938025864,0.3570025130234245,insufficient_evidence,logistic_regression_sigmoid
CAN-JAC9C5ZY2J,T0,0.10009704597314466,0.552702469797952,0.3472004842289033,review_not_warranted,logistic_regression_sigmoid
CAN-5EZS1T1ELJ,T0,0.17437608519155523,0.38996302483086814,0.4356608899775767,insufficient_evidence,logistic_regression_sigmoid
CAN-16LL783QTG,T0,0.15273839704413458,0.49246777724075025,0.35479382571511514,review_not_warranted,logistic_regression_sigmoid
CAN-VIYZ36BREN,T0,0.23536982082304334,0.38146262823361005,0.3831675509433466,insufficient_evidence,logistic_regression_sigmoid
CAN-Q0VG7NCDFO,T0,0.2990857960973012,0.2906602877964779,0.4102539161062209,review_warranted,logistic_regression_sigmoid
CAN-LQYOAEONVO,T0,0.39633508653494753,0.2427009099227048,0.36096400354234776,insufficient_evidence,logistic_regression_sigmoid
CAN-Q7RFRQTAQZ,T0,0.4569072263447504,0.3013275512661014,0.24176522238914824,insufficient_evidence,logistic_regression_sigmoid
CAN-LNUVVT5CZH,T0,0.4227535307638696,0.21725151363123732,0.3599949556048931,review_warranted,logistic_regression_sigmoid
CAN-0ND8K10G3Q,T0,0.2956492589326136,0.3603489962506785,0.34400174481670787,review_not_warranted,logistic_regression_sigmoid
CAN-2V0D61OSOH,T0,0.19936007476065232,0.41604984937330886,0.38459007586603877,review_not_warranted,logistic_regression_sigmoid
CAN-0EEV2PAF0Q,T0,0.13459208386618762,0.5409146188412292,0.3244932972925832,review_not_warranted,logistic_regression_sigmoid
CAN-OKX1I6CA68,T0,0.21305892777884292,0.3660023462986672,0.42093872592248993,insufficient_evidence,logistic_regression_sigmoid
CAN-58JRRKXCV8,T0,0.49751042378577887,0.16562644775013938,0.3368631284640818,insufficient_evidence,logistic_regression_sigmoid
CAN-Q1G8222TVV,T0,0.20929249452358237,0.3225076440922927,0.46819986138412495,review_warranted,logistic_regression_sigmoid
CAN-JMSVBKK42K,T0,0.241055791188292,0.3841264664703252,0.37481774234138276,insufficient_evidence,logistic_regression_sigmoid
CAN-O8J5XQ1QHK,T0,0.4425365307222923,0.14607363544962315,0.4113898338280844,review_warranted,logistic_regression_sigmoid
CAN-6NHOI7HD4X,T0,0.2734986172000369,0.3381860540247417,0.3883153287752214,review_not_warranted,logistic_regression_sigmoid
CAN-Z2FMDPQZ6U,T0,0.16078082636077998,0.503920335698303,0.335298837940917,review_not_warranted,logistic_regression_sigmoid
CAN-YPY46FBMCC,T0,0.573803495300318,0.26203658108709693,0.1641599236125852,insufficient_evidence,logistic_regression_sigmoid
CAN-M6I6ONFLH6,T0,0.16022516294155179,0.5144694836379243,0.32530535342052386,insufficient_evidence,logistic_regression_sigmoid
CAN-MD6HSPZNPH,T0,0.29724094758684866,0.31297782963659276,0.3897812227765585,insufficient_evidence,logistic_regression_sigmoid
CAN-BG2JQTKE9R,T0,0.43524545408043164,0.20535587403748393,0.35939867188208446,insufficient_evidence,logistic_regression_sigmoid
CAN-NZ60ITUAMZ,T0,0.39959561469809385,0.25463080272232214,0.345773582579584,insufficient_evidence,logistic_regression_sigmoid
CAN-3E88BL7X8N,T0,0.473394473977137,0.11032932091064168,0.41627620511222135,review_warranted,logistic_regression_sigmoid
CAN-WRYT3JA62H,T0,0.30300750476223254,0.27472566164489826,0.42226683359286915,insufficient_evidence,logistic_regression_sigmoid
CAN-UC1GUSFB8Y,T0,0.14768304908400276,0.42351665924825466,0.42880029166774264,insufficient_evidence,logistic_regression_sigmoid
CAN-KAEH77AZL2,T0,0.45791469440592797,0.21412343548239945,0.3279618701116726,review_not_warranted,logistic_regression_sigmoid
CAN-NJIWES3CMC,T0,0.09234309873543171,0.5358927378599088,0.3717641634046595,review_not_warranted,logistic_regression_sigmoid
CAN-OV2OP0BPC2,T0,0.4197857214767611,0.2587172329078613,0.3214970456153777,review_warranted,logistic_regression_sigmoid
CAN-8BR6ZCR6C5,T0,0.14577474959208958,0.5198387870968424,0.3343864633110681,review_not_warranted,logistic_regression_sigmoid
CAN-M5PX3JZR1B,T0,0.3238092377345373,0.29603715026309724,0.3801536120023654,review_warranted,logistic_regression_sigmoid
CAN-WQQAVM6KJ0,T0,0.34568478826442106,0.3735324560443885,0.2807827556911905,insufficient_evidence,logistic_regression_sigmoid
CAN-GXTMUF9MJ2,T0,0.16411098101271912,0.40020519744962985,0.43568382153765106,review_not_warranted,logistic_regression_sigmoid
CAN-X66G0DQZY1,T0,0.34598464645869403,0.3815204826114702,0.27249487092983576,review_not_warranted,logistic_regression_sigmoid
CAN-8G6HTDW3TS,T0,0.3146999982811816,0.2988361256699043,0.38646387604891413,review_not_warranted,logistic_regression_sigmoid
CAN-IX71UNKLCC,T0,0.2865537141666297,0.3761473038765222,0.33729898195684815,review_not_warranted,logistic_regression_sigmoid
CAN-BQ2E1CA8JA,T0,0.3533605301824844,0.399841032959086,0.24679843685842962,review_not_warranted,logistic_regression_sigmoid
CAN-C6JQXV1H28,T0,0.29267117100825446,0.33954160831136027,0.3677872206803852,review_not_warranted,logistic_regression_sigmoid
CAN-7Z4I6X76ZY,T0,0.21939690202562384,0.4183218142297756,0.36228128374460045,review_not_warranted,logistic_regression_sigmoid
CAN-4DQEX1DFLP,T0,0.06201491956063667,0.5220761998433033,0.41590888059606007,review_not_warranted,logistic_regression_sigmoid
CAN-GTRZMV90GK,T0,0.36516592647026536,0.26621724258583307,0.3686168309439015,insufficient_evidence,logistic_regression_sigmoid
CAN-28HOG1H1PI,T0,0.3146316978358661,0.29857488928844317,0.38679341287569063,review_warranted,logistic_regression_sigmoid
CAN-8467CAI41V,T0,0.355236451192497,0.27245901434470104,0.372304534462802,review_warranted,logistic_regression_sigmoid
CAN-A8RUHP98S6,T0,0.13094263918694343,0.5250877286290186,0.34396963218403803,review_not_warranted,logistic_regression_sigmoid
CAN-6FIO389AU7,T0,0.3366604081856554,0.2993109923621839,0.3640285994521608,review_warranted,logistic_regression_sigmoid
CAN-GRA38D14NY,T0,0.3874306770874356,0.2320048469078386,0.38056447600472576,review_warranted,logistic_regression_sigmoid
CAN-TK9TB1S19Y,T0,0.4207065457823494,0.21289710481610716,0.3663963494015434,review_warranted,logistic_regression_sigmoid
CAN-6045ADGW9W,T0,0.07223551520604296,0.5881349058063315,0.3396295789876255,review_not_warranted,logistic_regression_sigmoid
CAN-YVRMB50LXO,T0,0.11600455187038812,0.5877523999564794,0.29624304817313246,review_not_warranted,logistic_regression_sigmoid
CAN-VJ1ATXQ4KR,T0,0.27133476456869826,0.3461385293926677,0.3825267060386341,review_not_warranted,logistic_regression_sigmoid
CAN-693NHGTCCO,T0,0.44768037053784016,0.18917094256862046,0.3631486868935393,review_warranted,logistic_regression_sigmoid
CAN-QZE5QAIJ2T,T0,0.4471321615541779,0.20896031647774752,0.34390752196807456,review_warranted,logistic_regression_sigmoid
CAN-VB1685ICUZ,T0,0.06403132404825716,0.49677974292515636,0.4391889330265865,review_not_warranted,logistic_regression_sigmoid
CAN-VNPISGXD4Q,T0,0.4976673409132149,0.11030836443761667,0.3920242946491684,review_warranted,logistic_regression_sigmoid
CAN-E2FZJZ8WLH,T0,0.30490454803531003,0.40437622296013276,0.29071922900455727,insufficient_evidence,logistic_regression_sigmoid
CAN-LEJZ8XH8YE,T0,0.3938921926315618,0.26500910854863485,0.3410986988198033,insufficient_evidence,logistic_regression_sigmoid
CAN-SHRRQNVCIC,T0,0.1549252518902012,0.5651349884541488,0.27993975965565004,review_not_warranted,logistic_regression_sigmoid
CAN-8LF2PPDABK,T0,0.42003488292206387,0.2091441225614081,0.3708209945165281,insufficient_evidence,logistic_regression_sigmoid
CAN-ZWF0AYKB18,T0,0.16190051071596503,0.4121944159924656,0.4259050732915693,review_warranted,logistic_regression_sigmoid
CAN-HC7VWRKBC4,T0,0.2796138747152886,0.39849175528394304,0.3218943700007683,insufficient_evidence,logistic_regression_sigmoid
CAN-6O36VBSAI9,T0,0.4852588566450671,0.1687566197726659,0.3459845235822669,review_warranted,logistic_regression_sigmoid
CAN-4EK13UOVMH,T0,0.25459717790708714,0.4020846015912962,0.3433182205016166,review_warranted,logistic_regression_sigmoid
CAN-4JML2H5550,T0,0.34633809452867115,0.2781605227254829,0.37550138274584594,insufficient_evidence,logistic_regression_sigmoid
CAN-W803WTVEJV,T0,0.16919840322516055,0.5037872163198253,0.32701438045501424,review_not_warranted,logistic_regression_sigmoid
CAN-1JQKMVCC0E,T0,0.5089599998407933,0.16391020636539377,0.32712979379381285,review_warranted,logistic_regression_sigmoid
CAN-PFB5DKD37Z,T0,0.31667436416072825,0.3181239125003372,0.3652017233389346,review_warranted,logistic_regression_sigmoid
CAN-JS0TD7RAVV,T0,0.13181940475169132,0.41208178636873155,0.4560988088795772,review_warranted,logistic_regression_sigmoid
CAN-6N8NUY6QNZ,T0,0.25713499409973567,0.38440766167784823,0.3584573442224161,review_not_warranted,logistic_regression_sigmoid
CAN-3W1WRGSSBR,T0,0.38765810433537756,0.20458784089896168,0.4077540547656608,insufficient_evidence,logistic_regression_sigmoid
CAN-RLFHYDAOTO,T0,0.30786933590780424,0.35449353750497165,0.33763712658722406,review_not_warranted,logistic_regression_sigmoid
CAN-USBPGXP3DA,T0,0.13980493414901005,0.5586300101169441,0.3015650557340459,insufficient_evidence,logistic_regression_sigmoid
CAN-F640D3DCIR,T0,0.241785994407707,0.4023626409482774,0.3558513646440156,insufficient_evidence,logistic_regression_sigmoid
CAN-J538MFH2RZ,T0,0.07512966216323527,0.5610973679354796,0.3637729699012851,review_warranted,logistic_regression_sigmoid
CAN-T3BSOKDD2P,T0,0.4300348948099158,0.22337547615269804,0.34658962903738616,review_warranted,logistic_regression_sigmoid
CAN-1UXZVZSG4A,T0,0.21048841036156424,0.4089292936028626,0.3805822960355732,review_not_warranted,logistic_regression_sigmoid
CAN-QU6MD5TN0F,T0,0.14046288987949176,0.43452409958721566,0.4250130105332926,insufficient_evidence,logistic_regression_sigmoid
CAN-H2TOKOI56S,T0,0.28018531509770855,0.4439433643797099,0.2758713205225816,review_not_warranted,logistic_regression_sigmoid
CAN-ARNXXD7017,T0,0.3527985121226807,0.2909328245948713,0.35626866328244794,review_warranted,logistic_regression_sigmoid
CAN-BT0Y88Z5VY,T0,0.3095173829165937,0.29014249410588244,0.4003401229775238,review_warranted,logistic_regression_sigmoid
CAN-20LP6R01W2,T0,0.45045697763221965,0.15845722271189552,0.3910857996558848,review_warranted,logistic_regression_sigmoid
CAN-GT29QK48ZR,T0,0.3561723966594134,0.26788900552523437,0.3759385978153522,review_warranted,logistic_regression_sigmoid
CAN-JTU00IS95H,T0,0.3788530565336571,0.31570705566081775,0.3054398878055253,review_warranted,logistic_regression_sigmoid
CAN-KLQH9G2XAA,T0,0.25122796459977975,0.3781871905603876,0.3705848448398326,review_not_warranted,logistic_regression_sigmoid
CAN-1X36MKKDTS,T0,0.21606760633804292,0.46666409267264486,0.31726830098931225,review_not_warranted,logistic_regression_sigmoid
CAN-DANXMJUTSN,T0,0.43596638976426805,0.17351650133014299,0.39051710890558894,insufficient_evidence,logistic_regression_sigmoid
CAN-L16ZDGA6KP,T0,0.37950423388017446,0.24670591195899705,0.3737898541608284,review_warranted,logistic_regression_sigmoid
CAN-ICKK4E813F,T0,0.16099043403085386,0.4841150258309607,0.3548945401381855,review_not_warranted,logistic_regression_sigmoid
CAN-BQA0QBKTW1,T0,0.25608609269192256,0.38968812841292694,0.35422577889515056,insufficient_evidence,logistic_regression_sigmoid
CAN-PBRR29HATJ,T0,0.24884649802115424,0.27969557148019814,0.47145793049864765,review_not_warranted,logistic_regression_sigmoid
CAN-RWVLQ6JSLV,T0,0.14819565049676484,0.546384115042633,0.30542023446060224,insufficient_evidence,logistic_regression_sigmoid
CAN-D0A5SDWYO9,T0,0.342796360895662,0.2703234055161664,0.38688023358817164,review_not_warranted,logistic_regression_sigmoid
CAN-LAAZKJS0G8,T0,0.3550719730878045,0.2895175389472345,0.35541048796496094,insufficient_evidence,logistic_regression_sigmoid
CAN-9UF00BV0SU,T0,0.1255662717550205,0.562196428751755,0.31223729949322454,insufficient_evidence,logistic_regression_sigmoid
CAN-P049Y8KP5Z,T0,0.3641677326156709,0.3343213278459675,0.3015109395383616,review_warranted,logistic_regression_sigmoid
CAN-B0FYO3ENSX,T0,0.20878204114230817,0.41916899810805375,0.37204896074963806,review_warranted,logistic_regression_sigmoid
CAN-2MPIJSE7PT,T0,0.14983723939378976,0.36287936218432093,0.48728339842188934,review_warranted,logistic_regression_sigmoid
CAN-6ULFMKJ73X,T0,0.3336504437554877,0.30409633843486067,0.36225321780965164,review_warranted,logistic_regression_sigmoid
CAN-QCF4GZN8TD,T1,0.3200124328216864,0.2516201623552278,0.4283674048230857,insufficient_evidence,logistic_regression_sigmoid
CAN-O523BGV6IR,T1,0.27057641607491484,0.40452421602506616,0.32489936790001894,review_not_warranted,logistic_regression_sigmoid
CAN-JUR9CRBOBB,T1,0.2459501743293621,0.39992290410576176,0.35412692156487613,insufficient_evidence,logistic_regression_sigmoid
CAN-1EJVSHCWNY,T1,0.2455277770596597,0.39761751556425035,0.35685470737609,review_not_warranted,logistic_regression_sigmoid
CAN-NLM2FQOWDX,T1,0.24712829693627691,0.3526783917393576,0.4001933113243655,insufficient_evidence,logistic_regression_sigmoid
CAN-2B1096MPJS,T1,0.28436619277152675,0.29660050377513747,0.41903330345333584,review_warranted,logistic_regression_sigmoid
CAN-046H2OTGZ2,T1,0.33433590270357394,0.32044287661601534,0.34522122068041067,review_warranted,logistic_regression_sigmoid
CAN-M8GSUMHUBV,T1,0.4570868548881955,0.18178567318994324,0.3611274719218612,review_not_warranted,logistic_regression_sigmoid
CAN-BENX1VQFJF,T1,0.3585963563430477,0.29995317962951934,0.341450464027433,review_warranted,logistic_regression_sigmoid
CAN-MG8XYRNB7R,T1,0.49166190327791587,0.255020847154596,0.25331724956748813,insufficient_evidence,logistic_regression_sigmoid
CAN-N4QFJS875I,T1,0.3915523749629335,0.30750660987070527,0.3009410151663612,insufficient_evidence,logistic_regression_sigmoid
CAN-4T5MQ6DTMK,T1,0.334607121464729,0.3142554263228823,0.35113745221238873,review_not_warranted,logistic_regression_sigmoid
CAN-Z33ALI17FK,T1,0.16747767411196324,0.5496791167461849,0.28284320914185185,review_not_warranted,logistic_regression_sigmoid
CAN-SR7RMC873R,T1,0.23410731448495,0.4215917647061806,0.3443009208088694,review_not_warranted,logistic_regression_sigmoid
CAN-ZSGTTG0DNE,T1,0.3402060574133305,0.3142266938299278,0.3455672487567418,review_not_warranted,logistic_regression_sigmoid
CAN-DZXEHKO5JZ,T1,0.3416343618105886,0.3341002484004729,0.32426538978893843,review_not_warranted,logistic_regression_sigmoid
CAN-531EC6XM0A,T1,0.24208259721044723,0.3658478417966138,0.392069560992939,review_not_warranted,logistic_regression_sigmoid
CAN-STFR13OJLS,T1,0.39454373728302045,0.3145224643488613,0.2909337983681184,review_not_warranted,logistic_regression_sigmoid
CAN-I25Z744R3A,T1,0.1864153059268192,0.5218318512062116,0.2917528428669692,review_not_warranted,logistic_regression_sigmoid
CAN-7UQ40SSRBR,T1,0.20234224420344463,0.4066532604512447,0.3910044953453107,review_not_warranted,logistic_regression_sigmoid
CAN-UVG366PFKZ,T1,0.21181001418367562,0.4329881372222284,0.355201848594096,review_not_warranted,logistic_regression_sigmoid
CAN-VDBBB1U640,T1,0.24519829337305343,0.39935657613363307,0.3554451304933135,insufficient_evidence,logistic_regression_sigmoid
CAN-Y1ONULRYLB,T1,0.2832644622277521,0.3364396883254748,0.3802958494467732,insufficient_evidence,logistic_regression_sigmoid
CAN-QQXBJU6M6L,T1,0.4761546789194066,0.2664324647963123,0.2574128562842812,insufficient_evidence,logistic_regression_sigmoid
CAN-3D99WGLA9F,T1,0.20953833871378888,0.4245363184533218,0.36592534283288924,insufficient_evidence,logistic_regression_sigmoid
CAN-RAC3AUDPMW,T1,0.2586288777438188,0.3774658976374065,0.3639052246187746,review_not_warranted,logistic_regression_sigmoid
CAN-MSNJEAB1GA,T1,0.42486202393232597,0.24647400451577317,0.3286639715519008,review_warranted,logistic_regression_sigmoid
CAN-R3PHPYEEK1,T1,0.3750042222707845,0.3672266490237925,0.25776912870542307,review_warranted,logistic_regression_sigmoid
CAN-4491B2CKSM,T1,0.20545479771820913,0.437600360912675,0.356944841369116,review_not_warranted,logistic_regression_sigmoid
CAN-QCQLTNKON8,T1,0.1328017175086986,0.5571853763305266,0.3100129061607749,review_not_warranted,logistic_regression_sigmoid
CAN-YGWAL6CGCM,T1,0.39511119268599126,0.26023327567588594,0.3446555316381227,review_warranted,logistic_regression_sigmoid
CAN-I0MWENXOTY,T1,0.22440375686411196,0.44938605142720883,0.32621019170867926,review_not_warranted,logistic_regression_sigmoid
CAN-ZKFSI428I3,T1,0.47970590214156034,0.18698031263097895,0.3333137852274608,review_warranted,logistic_regression_sigmoid
CAN-CE82WSAY7G,T1,0.32584199870887937,0.41483412114784196,0.2593238801432786,review_warranted,logistic_regression_sigmoid
CAN-VT4PWKOXUS,T1,0.2719754715976634,0.36069894155852134,0.3673255868438153,insufficient_evidence,logistic_regression_sigmoid
CAN-WMYE9H5KHU,T1,0.2496159540649355,0.4324510490313546,0.31793299690371,insufficient_evidence,logistic_regression_sigmoid
CAN-G5QOBJADAS,T1,0.14496590690668393,0.4645502775563572,0.3904838155369588,insufficient_evidence,logistic_regression_sigmoid
CAN-4HICC8FK63,T1,0.08501056519747142,0.573105001331644,0.3418844334708846,insufficient_evidence,logistic_regression_sigmoid
CAN-EY5UH24ZIZ,T1,0.2434109342309707,0.3890713820457827,0.3675176837232466,review_warranted,logistic_regression_sigmoid
CAN-UOZRL1V8KU,T1,0.19101121218396835,0.4661208911535028,0.34286789666252876,review_warranted,logistic_regression_sigmoid
CAN-BDFTFJSJN7,T1,0.23449012757161544,0.4128775618789611,0.3526323105494235,insufficient_evidence,logistic_regression_sigmoid
CAN-2OHE79VIFA,T1,0.3265864400265865,0.3317342066505223,0.3416793533228913,review_not_warranted,logistic_regression_sigmoid
CAN-Z7ABOKWLUW,T1,0.17715993056320936,0.43178381302399726,0.39105625641279335,review_not_warranted,logistic_regression_sigmoid
CAN-MMXHM6U1Q3,T1,0.1586732695728735,0.48133301416136626,0.35999371626576027,review_not_warranted,logistic_regression_sigmoid
CAN-VY0CLY1UJZ,T1,0.26128547409719477,0.38895458356961327,0.3497599423331919,insufficient_evidence,logistic_regression_sigmoid
CAN-N2OQ035YY8,T1,0.2405689867568395,0.39824506971641327,0.3611859435267472,insufficient_evidence,logistic_regression_sigmoid
CAN-682VA03Y7M,T1,0.15440990498239315,0.49824452607466907,0.3473455689429377,review_not_warranted,logistic_regression_sigmoid
CAN-R86U0E2XY5,T1,0.12308686852885771,0.45811558190143026,0.41879754956971205,review_not_warranted,logistic_regression_sigmoid
CAN-ZQ0GWKIZ51,T1,0.5419894890533749,0.13628819577946355,0.3217223151671617,review_warranted,logistic_regression_sigmoid
CAN-A6ETMQZT3D,T1,0.21171357525408,0.4502538753649199,0.3380325493810002,review_not_warranted,logistic_regression_sigmoid
CAN-W41T8OR50L,T1,0.4372836543133312,0.326962341057828,0.2357540046288408,review_warranted,logistic_regression_sigmoid
CAN-KMB5GTBPM9,T1,0.244101749312344,0.39449231661196055,0.3614059340756954,insufficient_evidence,logistic_regression_sigmoid
CAN-Z38H9W4ZGC,T1,0.2917004236645695,0.4173531516148585,0.29094642472057203,review_not_warranted,logistic_regression_sigmoid
CAN-XY38I4LIXQ,T1,0.21548081186964627,0.4136834249263372,0.3708357632040165,review_not_warranted,logistic_regression_sigmoid
CAN-UC0X4CF5YC,T1,0.2546417412365034,0.4574948309779874,0.28786342778550916,insufficient_evidence,logistic_regression_sigmoid
CAN-8MG3KHERI3,T1,0.28266407900540214,0.39056301540866645,0.3267729055859313,review_warranted,logistic_regression_sigmoid
CAN-82A1AW528U,T1,0.2263630985581241,0.41742793776754694,0.356208963674329,review_not_warranted,logistic_regression_sigmoid
CAN-MYFWBL13VE,T1,0.3161349369872914,0.3256516907175326,0.35821337229517614,insufficient_evidence,logistic_regression_sigmoid
CAN-SXC7CQRKWL,T1,0.23476029150307678,0.4381944635188759,0.3270452449780474,insufficient_evidence,logistic_regression_sigmoid
CAN-4SMT2ZQ2JW,T1,0.15638626221425087,0.44472721184986524,0.398886525935884,review_not_warranted,logistic_regression_sigmoid
CAN-F0PK9CCT7U,T1,0.3074135201889545,0.32134965923925224,0.3712368205717933,review_warranted,logistic_regression_sigmoid
CAN-18HFR7ZPQ5,T1,0.3188490359045247,0.37213988874339443,0.3090110753520809,insufficient_evidence,logistic_regression_sigmoid
CAN-TT3YS2Q6D9,T1,0.3690020454977914,0.2746096354213873,0.3563883190808213,insufficient_evidence,logistic_regression_sigmoid
CAN-N457EOO43R,T1,0.4234341700938497,0.3016417444700088,0.2749240854361415,review_warranted,logistic_regression_sigmoid
CAN-JE4XWOKZY7,T1,0.2101348651630829,0.41338855433157917,0.3764765805053379,review_warranted,logistic_regression_sigmoid
CAN-P2BMVSIWSO,T1,0.29450862685875806,0.32886586866315776,0.3766255044780842,insufficient_evidence,logistic_regression_sigmoid
CAN-WSZ2K6LRDA,T1,0.3052327708304381,0.3556884515037744,0.3390787776657875,review_warranted,logistic_regression_sigmoid
CAN-LPTV3L15GI,T1,0.40304206199614695,0.21784312370971814,0.3791148142941349,review_warranted,logistic_regression_sigmoid
CAN-HJSKW8DII3,T1,0.34678929900311534,0.30622487182400543,0.3469858291728792,insufficient_evidence,logistic_regression_sigmoid
CAN-TEZC5LDGEW,T1,0.26984052739030195,0.34604462347719006,0.384114849132508,review_not_warranted,logistic_regression_sigmoid
CAN-BA2J2OCZ4N,T1,0.24435734020636027,0.3229684935308075,0.4326741662628322,insufficient_evidence,logistic_regression_sigmoid
CAN-ZMVKC63G2A,T1,0.2491881634739908,0.3988678873239317,0.3519439492020776,insufficient_evidence,logistic_regression_sigmoid
CAN-K7S70RXAMG,T1,0.40435636318347684,0.26015044425144185,0.33549319256508126,insufficient_evidence,logistic_regression_sigmoid
CAN-OAOG54YAZO,T1,0.35111764871222545,0.3140079304118541,0.33487442087592045,review_not_warranted,logistic_regression_sigmoid
CAN-86YS89WD1X,T1,0.2518996956848967,0.4068064114750615,0.34129389284004175,insufficient_evidence,logistic_regression_sigmoid
CAN-LJAETPGFMO,T1,0.31683443829359065,0.3037893920710925,0.37937616963531684,insufficient_evidence,logistic_regression_sigmoid
CAN-KNFI1QC8WD,T1,0.3172732467608181,0.40117307908128924,0.2815536741578928,review_warranted,logistic_regression_sigmoid
CAN-ZSJALHV9SZ,T1,0.23945440364011328,0.41779754364924526,0.3427480527106415,insufficient_evidence,logistic_regression_sigmoid
CAN-UIDCKJCDCX,T1,0.16479139706152954,0.5251234407443134,0.31008516219415716,insufficient_evidence,logistic_regression_sigmoid
CAN-MDT600E24L,T1,0.3539029717176663,0.3076146495415966,0.3384823787407371,review_warranted,logistic_regression_sigmoid
CAN-J4H3HYSW7L,T1,0.33890314452991355,0.3033575885890254,0.35773926688106106,insufficient_evidence,logistic_regression_sigmoid
CAN-QM71SGDM4I,T1,0.4210088268823042,0.27580929336145116,0.3031818797562446,review_warranted,logistic_regression_sigmoid
CAN-SC42SBD0LB,T1,0.17840475324412478,0.3991062892146255,0.42248895754124965,review_not_warranted,logistic_regression_sigmoid
CAN-J2Z8813Q6I,T1,0.25439656581770587,0.41676336547213483,0.3288400687101593,insufficient_evidence,logistic_regression_sigmoid
CAN-8WZY5EL0GS,T1,0.32059805790676316,0.2982758598072039,0.3811260822860329,review_not_warranted,logistic_regression_sigmoid
CAN-UC3CXNT45X,T1,0.568389505655171,0.21875999167624208,0.21285050266858693,insufficient_evidence,logistic_regression_sigmoid
CAN-OX9BJ0D2O1,T1,0.21018865396388764,0.4449903922790539,0.3448209537570584,insufficient_evidence,logistic_regression_sigmoid
CAN-CSA9RPF7N0,T1,0.2964480141638755,0.31103555013496453,0.39251643570115996,review_not_warranted,logistic_regression_sigmoid
CAN-GAZ28IY33B,T1,0.49074858795702614,0.22001301303086454,0.28923839901210935,insufficient_evidence,logistic_regression_sigmoid
CAN-JEIC06XTOM,T1,0.36848228310420406,0.3183349470886037,0.31318276980719223,review_not_warranted,logistic_regression_sigmoid
CAN-WAM0MZEWD7,T1,0.29178732188216366,0.36554733397695244,0.34266534414088384,insufficient_evidence,logistic_regression_sigmoid
CAN-90NXQQ43RV,T1,0.09072402239979806,0.5548564606715867,0.35441951692861534,review_not_warranted,logistic_regression_sigmoid
CAN-U9XCTU7C4F,T1,0.15981700748002944,0.48652327235633724,0.35365972016363334,insufficient_evidence,logistic_regression_sigmoid
CAN-3V8APYMFFU,T1,0.17907912505045198,0.451919389462705,0.3690014854868431,review_not_warranted,logistic_regression_sigmoid
CAN-4FO38FPD7B,T1,0.26182046620915683,0.3503598793927527,0.38781965439809046,review_not_warranted,logistic_regression_sigmoid
CAN-LQTYLY754O,T1,0.4661920579854148,0.25504467185838814,0.278763270156197,review_warranted,logistic_regression_sigmoid
CAN-Y1NS971FST,T1,0.5489155677179463,0.1268696804742207,0.32421475180783316,review_warranted,logistic_regression_sigmoid
CAN-1WB2NA52JZ,T1,0.2989923536537717,0.3627576665660192,0.3382499797802092,insufficient_evidence,logistic_regression_sigmoid
CAN-GPXG19LRNA,T1,0.28710082419404176,0.3985498190549778,0.3143493567509804,review_not_warranted,logistic_regression_sigmoid
CAN-I4N8CBG88Z,T1,0.44496266036632,0.21742005964551805,0.337617279988162,review_warranted,logistic_regression_sigmoid
CAN-RG84ONNZ7C,T1,0.29919662100123284,0.3683712567130006,0.3324321222857665,review_warranted,logistic_regression_sigmoid
CAN-1NEQLC2YWG,T1,0.2722497651798878,0.261240600657405,0.46650963416270724,insufficient_evidence,logistic_regression_sigmoid
CAN-4QS9RM4XLH,T1,0.33029318812276276,0.2844862408538174,0.38522057102341994,review_warranted,logistic_regression_sigmoid
CAN-CJN0H4XCFS,T1,0.3000193302511777,0.3326202798150127,0.36736038993380965,insufficient_evidence,logistic_regression_sigmoid
CAN-P4RVWAG757,T1,0.26468741891281183,0.37181843064021264,0.36349415044697553,insufficient_evidence,logistic_regression_sigmoid
CAN-ERSOR4K7QJ,T1,0.3106674653785096,0.2769795357874114,0.412352998834079,insufficient_evidence,logistic_regression_sigmoid
CAN-RXMWDVU7JD,T1,0.38226819194318895,0.26352186136585165,0.35420994669095945,review_warranted,logistic_regression_sigmoid
CAN-7HQWF459VW,T1,0.3546365405416432,0.3479467290750076,0.29741673038334926,review_not_warranted,logistic_regression_sigmoid
CAN-ME2Q23NS0G,T1,0.49313441810401104,0.22787516080342451,0.2789904210925645,review_warranted,logistic_regression_sigmoid
CAN-W1O813CX74,T1,0.3101966450457036,0.34741811724939725,0.3423852377048991,review_not_warranted,logistic_regression_sigmoid
CAN-3JG44NWV2W,T1,0.31902330235763304,0.33567779452163377,0.3452989031207332,insufficient_evidence,logistic_regression_sigmoid
CAN-R3FQ58SFFS,T1,0.23280041084992217,0.43055259795156076,0.33664699119851704,review_not_warranted,logistic_regression_sigmoid
CAN-H3DK4NU2ZJ,T1,0.4692060892372069,0.19957023394332035,0.33122367681947285,review_not_warranted,logistic_regression_sigmoid
CAN-5D0G3VUQUU,T1,0.1978659663649254,0.48083175691172736,0.32130227672334727,insufficient_evidence,logistic_regression_sigmoid
CAN-ZG2995G25E,T1,0.2962879444020311,0.38194160549414446,0.3217704501038245,review_not_warranted,logistic_regression_sigmoid
CAN-Y746C1F209,T1,0.22324316066707997,0.4914738287124964,0.2852830106204236,review_warranted,logistic_regression_sigmoid
CAN-XFRLQDC4M8,T1,0.34750766667605665,0.2973366655571931,0.3551556677667502,insufficient_evidence,logistic_regression_sigmoid
CAN-QA6NLD1VOR,T1,0.1317387894181257,0.5008144940441615,0.3674467165377129,review_not_warranted,logistic_regression_sigmoid
CAN-WMUAXBCUOI,T1,0.3498298863762018,0.2194396571092668,0.4307304565145313,review_not_warranted,logistic_regression_sigmoid
CAN-H08YS9RB2I,T1,0.28325905913776434,0.349938347476545,0.36680259338569066,review_warranted,logistic_regression_sigmoid
CAN-V2L4EF4KSE,T1,0.26062951712602117,0.429206713214322,0.3101637696596568,insufficient_evidence,logistic_regression_sigmoid
CAN-4BW4AXV2DW,T1,0.3667146527817548,0.2890708254639943,0.3442145217542508,review_warranted,logistic_regression_sigmoid
CAN-DMAU8U15C2,T1,0.22836738192170203,0.45997522581774364,0.31165739226055433,review_not_warranted,logistic_regression_sigmoid
CAN-2LQVYTP1NE,T1,0.20885960834117978,0.48986166515330315,0.30127872650551707,review_not_warranted,logistic_regression_sigmoid
CAN-4CFU2SAM9A,T1,0.3316458761760553,0.29378957909755776,0.374564544726387,insufficient_evidence,logistic_regression_sigmoid
CAN-J4XWX7ACSW,T1,0.11013553432611065,0.5142768499235397,0.37558761575034955,review_not_warranted,logistic_regression_sigmoid
CAN-DQTR43KXGL,T1,0.28108380358178753,0.38463176215708744,0.3342844342611251,review_not_warranted,logistic_regression_sigmoid
CAN-OKRGM086UH,T1,0.4243628793659391,0.2548582870737184,0.3207788335603426,insufficient_evidence,logistic_regression_sigmoid
CAN-5J9D6PMOG7,T1,0.15085655761944067,0.4519748965091493,0.3971685458714101,review_not_warranted,logistic_regression_sigmoid
CAN-NS2I9QFL3T,T1,0.276748085609347,0.26183276453252674,0.4614191498581263,insufficient_evidence,logistic_regression_sigmoid
CAN-GYB9DQNAPG,T1,0.23918217521083254,0.4107574549803082,0.3500603698088592,review_not_warranted,logistic_regression_sigmoid
CAN-I3PAG0MQ4S,T1,0.26554847726441133,0.3943053395492238,0.3401461831863649,insufficient_evidence,logistic_regression_sigmoid
CAN-P69V1TRALB,T1,0.24605449103312435,0.44614165613381623,0.3078038528330594,insufficient_evidence,logistic_regression_sigmoid
CAN-6E9YCRS9LL,T1,0.24899453357169157,0.38688400510351045,0.3641214613247979,insufficient_evidence,logistic_regression_sigmoid
CAN-7YPZD0CRBH,T1,0.3494271131007603,0.30893102878466433,0.3416418581145755,review_warranted,logistic_regression_sigmoid
CAN-YM0I69QM0I,T1,0.23473484128297883,0.4436401174113455,0.32162504130567565,review_not_warranted,logistic_regression_sigmoid
CAN-WP2EAZABSX,T1,0.3019823177812187,0.4330102668201084,0.26500741539867284,insufficient_evidence,logistic_regression_sigmoid
CAN-VRIHDH9JWE,T1,0.2691789030436443,0.3859621949675908,0.34485890198876495,insufficient_evidence,logistic_regression_sigmoid
CAN-IA8U1DVUO4,T1,0.22149808584918831,0.4076072911187543,0.37089462303205734,review_not_warranted,logistic_regression_sigmoid
CAN-TOCVLBL1FO,T1,0.4634126009177016,0.2241699019026028,0.3124174971796955,review_warranted,logistic_regression_sigmoid
CAN-YP40LZV7HG,T1,0.393318776320021,0.30995633701943887,0.29672488666054014,insufficient_evidence,logistic_regression_sigmoid
CAN-XM0NTONS8I,T1,0.4661228538140831,0.21714582609979335,0.31673132008612354,review_not_warranted,logistic_regression_sigmoid
CAN-LO4SALY31V,T1,0.20363671413842174,0.3971647287354469,0.3991985571261314,insufficient_evidence,logistic_regression_sigmoid
CAN-UXJU0P1A4M,T1,0.29080470022392485,0.37229192989482707,0.3369033698812481,insufficient_evidence,logistic_regression_sigmoid
CAN-MFQ4GY8XPH,T1,0.25749509425158273,0.31726440073656886,0.42524050501184835,review_not_warranted,logistic_regression_sigmoid
CAN-TSX3YOZ6OH,T1,0.2608851541966946,0.397294888078981,0.3418199577243245,review_not_warranted,logistic_regression_sigmoid
CAN-RH7J269JWB,T1,0.26286269988420524,0.4122337255929386,0.3249035745228563,review_warranted,logistic_regression_sigmoid
CAN-MFBV0FQM3G,T1,0.2756766010447594,0.4084540665713759,0.31586933238386466,review_not_warranted,logistic_regression_sigmoid
CAN-J36EAQ6YIB,T1,0.24721094148245704,0.41195288454579626,0.3408361739717467,review_not_warranted,logistic_regression_sigmoid
CAN-Y8KKG8V4R5,T1,0.43037458016630586,0.2798010149911627,0.2898244048425314,review_warranted,logistic_regression_sigmoid
CAN-JH3BMQ4XC7,T1,0.18823782729539254,0.4791272292307901,0.3326349434738173,review_not_warranted,logistic_regression_sigmoid
CAN-WNGDAMUN3D,T1,0.17085487705121094,0.45909289954586985,0.37005222340291927,insufficient_evidence,logistic_regression_sigmoid
CAN-OQIKHLUC4W,T1,0.3293169456586129,0.3290193742217206,0.3416636801196664,insufficient_evidence,logistic_regression_sigmoid
CAN-B8OEQZRDZO,T1,0.20214437097563112,0.421271325943549,0.37658430308081997,insufficient_evidence,logistic_regression_sigmoid
CAN-GS1ASP5I7M,T1,0.3438661806145802,0.31698060503740194,0.3391532143480179,review_warranted,logistic_regression_sigmoid
CAN-SIIOAIPEG6,T1,0.36116717817398114,0.29553901131900645,0.3432938105070124,review_warranted,logistic_regression_sigmoid
CAN-OHKKF3MKJ3,T1,0.3977901631139957,0.28963343392841895,0.31257640295758543,review_warranted,logistic_regression_sigmoid
CAN-BDWF22CYUA,T1,0.16894700448593658,0.5097170179043579,0.3213359776097056,insufficient_evidence,logistic_regression_sigmoid
CAN-JUDHP15RCW,T1,0.2170482488488447,0.4211325974160684,0.36181915373508694,review_not_warranted,logistic_regression_sigmoid
CAN-3H2ZQ20HYA,T1,0.19612493755523905,0.4795217848063287,0.3243532776384322,insufficient_evidence,logistic_regression_sigmoid
CAN-9Y4E8DVX0U,T1,0.3546427634114231,0.3065226459709705,0.33883459061760646,review_warranted,logistic_regression_sigmoid
CAN-56NGPDUGKO,T1,0.3961217163902207,0.2506957411716065,0.35318254243817276,insufficient_evidence,logistic_regression_sigmoid
CAN-HNHZKKFNLR,T1,0.1017053736592652,0.6426814878608998,0.25561313847983497,insufficient_evidence,logistic_regression_sigmoid
CAN-3L9PECKRSW,T1,0.48151564282782244,0.1970706304261913,0.3214137267459863,review_warranted,logistic_regression_sigmoid
CAN-30WX81N4ES,T1,0.29994233841825135,0.381513416274323,0.3185442453074257,review_warranted,logistic_regression_sigmoid
CAN-UQQIYRW0PD,T1,0.37157085165697956,0.2853320205900498,0.34309712775297063,review_warranted,logistic_regression_sigmoid
CAN-V9M5ANAVAQ,T1,0.2858883794596534,0.3515614717483035,0.3625501487920431,review_not_warranted,logistic_regression_sigmoid
CAN-ZT3OGP0JXS,T1,0.18911520201050278,0.4578083053332757,0.3530764926562215,review_not_warranted,logistic_regression_sigmoid
CAN-VHIJVPARK8,T1,0.4359336086105501,0.21225347427417904,0.3518129171152709,review_warranted,logistic_regression_sigmoid
CAN-FVPXP9IPUU,T1,0.5050735088205288,0.21348412587978507,0.2814423652996862,review_not_warranted,logistic_regression_sigmoid
CAN-6EP6GXXTK9,T1,0.2172893641580275,0.4064903478076502,0.37622028803432234,review_not_warranted,logistic_regression_sigmoid
CAN-JR75FSAO9V,T1,0.2791686841959511,0.4558300021308909,0.26500131367315793,review_not_warranted,logistic_regression_sigmoid
CAN-07K7VDEEMK,T1,0.3806410622314558,0.24061692746035446,0.37874201030818977,review_warranted,logistic_regression_sigmoid
CAN-X83JEQTGZH,T1,0.39180572816676223,0.2514644925786503,0.35672977925458754,review_warranted,logistic_regression_sigmoid
CAN-CM7DYFBA7J,T1,0.3533539867756533,0.31732311353031145,0.3293228996940352,insufficient_evidence,logistic_regression_sigmoid
CAN-5N3RUX7YHN,T1,0.32248157680407763,0.34626179523272,0.3312566279632023,review_warranted,logistic_regression_sigmoid
CAN-R18R0Y2KT1,T1,0.260276834623409,0.402325378107143,0.337397787269448,insufficient_evidence,logistic_regression_sigmoid
CAN-MKP2V46UCL,T1,0.22434743869429838,0.3850547669291893,0.3905977943765124,review_warranted,logistic_regression_sigmoid
CAN-AUHE529DEL,T1,0.2584540959163728,0.37805843397515965,0.36348747010846755,insufficient_evidence,logistic_regression_sigmoid
CAN-RB7I4QYEUI,T1,0.4512625544820316,0.23328980338555755,0.31544764213241094,insufficient_evidence,logistic_regression_sigmoid
CAN-0R2G3NUIKR,T1,0.33696049860771904,0.3506304565813821,0.3124090448108989,review_warranted,logistic_regression_sigmoid
CAN-FTE9U57RLP,T1,0.1604271740385257,0.4976956256848773,0.341877200276597,review_not_warranted,logistic_regression_sigmoid
CAN-QUQOLS2HT8,T1,0.4572519722869605,0.2271644778519328,0.31558354986110665,review_warranted,logistic_regression_sigmoid
CAN-J9DW7V0B0M,T1,0.2233709765949948,0.4461076594852013,0.3305213639198039,review_not_warranted,logistic_regression_sigmoid
CAN-1U7KYCHT04,T1,0.380362180434548,0.2554400296489386,0.3641977899165134,insufficient_evidence,logistic_regression_sigmoid
CAN-8IVXRT38AV,T1,0.34877360671685986,0.23500056005167624,0.41622583323146395,review_warranted,logistic_regression_sigmoid
CAN-8S6ARU7BKP,T1,0.4453735268176371,0.22509405232165358,0.32953242086070933,review_warranted,logistic_regression_sigmoid
CAN-HA0BA87B8L,T1,0.34798185837815937,0.34262703014266604,0.30939111147917464,review_warranted,logistic_regression_sigmoid
CAN-0XENT8TOVT,T1,0.1572301145637942,0.48654573613358804,0.35622414930261775,review_not_warranted,logistic_regression_sigmoid
CAN-W10A9RCR81,T1,0.19361858118453598,0.40008908027593393,0.40629233853953023,insufficient_evidence,logistic_regression_sigmoid
CAN-DRJR4QD6PK,T1,0.26270562727215935,0.3744696713588484,0.3628247013689923,review_not_warranted,logistic_regression_sigmoid
CAN-L55BKTF9S0,T1,0.2784740631952904,0.3671422734808553,0.35438366332385424,review_not_warranted,logistic_regression_sigmoid
CAN-D9Y0VJJ6VW,T1,0.20869149383886834,0.3572784082355985,0.4340300979255332,review_warranted,logistic_regression_sigmoid
CAN-1ZS1BZI6T1,T1,0.26413276111498996,0.38970563605722514,0.3461616028277849,insufficient_evidence,logistic_regression_sigmoid
CAN-0BEG9SW2FJ,T1,0.161452449034208,0.4955406865623741,0.34300686440341793,review_not_warranted,logistic_regression_sigmoid
CAN-R59D8GNWOE,T1,0.2601526261966102,0.32677937731998585,0.4130679964834038,review_warranted,logistic_regression_sigmoid
CAN-RSAGRRSRCU,T1,0.2370563364774977,0.40330101665530754,0.3596426468671947,insufficient_evidence,logistic_regression_sigmoid
CAN-TLVR8Y2L8B,T1,0.24723161706139354,0.48037379147977494,0.2723945914588315,insufficient_evidence,logistic_regression_sigmoid
CAN-KBNRY7AM6A,T1,0.48500692664704653,0.21079998189255333,0.3041930914604002,review_warranted,logistic_regression_sigmoid
CAN-GP3R1BKFVB,T1,0.30238421538811083,0.2738928827601248,0.42372290185176437,review_not_warranted,logistic_regression_sigmoid
CAN-ZUC41D21E3,T1,0.2624545828266435,0.4038442323912934,0.333701184782063,review_not_warranted,logistic_regression_sigmoid
CAN-AX8X8VO9JH,T1,0.14442422982720723,0.44892967266918155,0.4066460975036112,insufficient_evidence,logistic_regression_sigmoid
CAN-ADOF3P33HR,T1,0.09520607768357549,0.5406888568062513,0.3641050655101732,review_not_warranted,logistic_regression_sigmoid
CAN-JAC9C5ZY2J,T1,0.14388695849041622,0.4617621106129926,0.3943509308965911,review_not_warranted,logistic_regression_sigmoid
CAN-5EZS1T1ELJ,T1,0.13083654974416262,0.5433606452876466,0.32580280496819086,review_warranted,logistic_regression_sigmoid
CAN-16LL783QTG,T1,0.17015884869210005,0.426912226954967,0.402928924352933,review_not_warranted,logistic_regression_sigmoid
CAN-VIYZ36BREN,T1,0.14113731123396153,0.49562623480961987,0.3632364539564185,insufficient_evidence,logistic_regression_sigmoid
CAN-Q0VG7NCDFO,T1,0.5149826434889009,0.21585878524719926,0.26915857126389986,review_warranted,logistic_regression_sigmoid
CAN-LQYOAEONVO,T1,0.351060761253062,0.25447415053899003,0.39446508820794796,insufficient_evidence,logistic_regression_sigmoid
CAN-Q7RFRQTAQZ,T1,0.36241243464961287,0.30540216828638506,0.3321853970640021,insufficient_evidence,logistic_regression_sigmoid
CAN-LNUVVT5CZH,T1,0.49473191691872637,0.18577374682161862,0.31949433625965495,review_warranted,logistic_regression_sigmoid
CAN-0ND8K10G3Q,T1,0.3355322323555375,0.3415875172584627,0.3228802503859999,review_not_warranted,logistic_regression_sigmoid
CAN-2V0D61OSOH,T1,0.32289314033161404,0.3041592499318806,0.37294760973650537,review_not_warranted,logistic_regression_sigmoid
CAN-0EEV2PAF0Q,T1,0.26607447303347764,0.401886493063963,0.3320390339025594,review_not_warranted,logistic_regression_sigmoid
CAN-OKX1I6CA68,T1,0.16029094340488323,0.5079997816102869,0.3317092749848298,insufficient_evidence,logistic_regression_sigmoid
CAN-58JRRKXCV8,T1,0.3985579979386582,0.21071905893736798,0.3907229431239739,insufficient_evidence,logistic_regression_sigmoid
CAN-Q1G8222TVV,T1,0.2190326259945733,0.3887088796346317,0.3922584943707949,review_not_warranted,logistic_regression_sigmoid
CAN-JMSVBKK42K,T1,0.16443462044651927,0.4412926828243977,0.394272696729083,insufficient_evidence,logistic_regression_sigmoid
CAN-O8J5XQ1QHK,T1,0.37268521518372105,0.2677395074080338,0.3595752774082452,review_warranted,logistic_regression_sigmoid
CAN-6NHOI7HD4X,T1,0.31641392500545873,0.32013953715376836,0.3634465378407729,insufficient_evidence,logistic_regression_sigmoid
CAN-Z2FMDPQZ6U,T1,0.1528689985753031,0.48614941779168475,0.36098158363301214,review_not_warranted,logistic_regression_sigmoid
CAN-YPY46FBMCC,T1,0.34732088666865407,0.253144142972049,0.3995349703592968,review_warranted,logistic_regression_sigmoid
CAN-M6I6ONFLH6,T1,0.13850864955143508,0.5402594472068866,0.32123190324167833,review_warranted,logistic_regression_sigmoid
CAN-MD6HSPZNPH,T1,0.28818077024431576,0.2751027232442979,0.43671650651138627,review_not_warranted,logistic_regression_sigmoid
CAN-BG2JQTKE9R,T1,0.38005734440105376,0.2749318720624195,0.34501078353652676,insufficient_evidence,logistic_regression_sigmoid
CAN-NZ60ITUAMZ,T1,0.4827557815614147,0.18120451665975748,0.33603970177882775,review_warranted,logistic_regression_sigmoid
CAN-3E88BL7X8N,T1,0.3426037371049915,0.31106161080219125,0.3463346520928172,review_warranted,logistic_regression_sigmoid
CAN-WRYT3JA62H,T1,0.2306724178277445,0.4076342244202315,0.361693357752024,insufficient_evidence,logistic_regression_sigmoid
CAN-UC1GUSFB8Y,T1,0.23925705903057537,0.45555197761880667,0.30519096335061796,insufficient_evidence,logistic_regression_sigmoid
CAN-KAEH77AZL2,T1,0.36158084632636056,0.3128998930295211,0.3255192606441184,review_not_warranted,logistic_regression_sigmoid
CAN-NJIWES3CMC,T1,0.19048816282633185,0.4569872670923805,0.35252457008128757,review_not_warranted,logistic_regression_sigmoid
CAN-OV2OP0BPC2,T1,0.4226227320963978,0.23341164819164795,0.3439656197119543,insufficient_evidence,logistic_regression_sigmoid
CAN-8BR6ZCR6C5,T1,0.2421537731016351,0.3993583987644861,0.35848782813387886,review_not_warranted,logistic_regression_sigmoid
CAN-M5PX3JZR1B,T1,0.28456224629572696,0.37277858171170236,0.34265917199257073,review_warranted,logistic_regression_sigmoid
CAN-WQQAVM6KJ0,T1,0.36816752131173064,0.2907184500456821,0.3411140286425873,insufficient_evidence,logistic_regression_sigmoid
CAN-GXTMUF9MJ2,T1,0.2024205562323327,0.4026916655983713,0.39488777816929604,review_not_warranted,logistic_regression_sigmoid
CAN-X66G0DQZY1,T1,0.22680831809716087,0.39096355707437885,0.38222812482846025,review_not_warranted,logistic_regression_sigmoid
CAN-8G6HTDW3TS,T1,0.18981869154118303,0.4895381014213254,0.32064320703749155,review_not_warranted,logistic_regression_sigmoid
CAN-IX71UNKLCC,T1,0.25988027778864664,0.35923297859259057,0.3808867436187628,review_not_warranted,logistic_regression_sigmoid
CAN-BQ2E1CA8JA,T1,0.16611676061888844,0.575361084856327,0.2585221545247845,review_not_warranted,logistic_regression_sigmoid
CAN-C6JQXV1H28,T1,0.24601316714537047,0.34428044567946375,0.4097063871751658,review_not_warranted,logistic_regression_sigmoid
CAN-7Z4I6X76ZY,T1,0.3768561360757903,0.2944988229688026,0.3286450409554071,insufficient_evidence,logistic_regression_sigmoid
CAN-4DQEX1DFLP,T1,0.15247335304272697,0.5554800930166984,0.2920465539405747,review_not_warranted,logistic_regression_sigmoid
CAN-GTRZMV90GK,T1,0.28574432678259476,0.2946433106878906,0.41961236252951456,insufficient_evidence,logistic_regression_sigmoid
CAN-28HOG1H1PI,T1,0.3840910547187284,0.32140217935050913,0.29450676593076247,review_warranted,logistic_regression_sigmoid
CAN-8467CAI41V,T1,0.41000975806857715,0.2582839776392473,0.33170626429217553,review_warranted,logistic_regression_sigmoid
CAN-A8RUHP98S6,T1,0.2952531692478034,0.35172564815220636,0.3530211825999903,insufficient_evidence,logistic_regression_sigmoid
CAN-6FIO389AU7,T1,0.22351640966757,0.36132290400468325,0.41516068632774683,review_warranted,logistic_regression_sigmoid
CAN-GRA38D14NY,T1,0.5141946524690745,0.17969774296043947,0.30610760457048614,review_warranted,logistic_regression_sigmoid
CAN-TK9TB1S19Y,T1,0.38395194049282644,0.29508520964429613,0.32096284986287743,review_warranted,logistic_regression_sigmoid
CAN-6045ADGW9W,T1,0.11423618613583114,0.49806345735526475,0.38770035650890405,review_not_warranted,logistic_regression_sigmoid
CAN-YVRMB50LXO,T1,0.1727429553312986,0.49200579438225356,0.3352512502864479,review_not_warranted,logistic_regression_sigmoid
CAN-VJ1ATXQ4KR,T1,0.34178272054431824,0.25249582892873984,0.4057214505269419,review_not_warranted,logistic_regression_sigmoid
CAN-693NHGTCCO,T1,0.39677252910894073,0.2837145139720678,0.31951295691899145,review_warranted,logistic_regression_sigmoid
CAN-QZE5QAIJ2T,T1,0.38259407013668834,0.27668242674405413,0.3407235031192575,review_warranted,logistic_regression_sigmoid
CAN-VB1685ICUZ,T1,0.1254803013009006,0.46764273866637746,0.40687696003272195,review_not_warranted,logistic_regression_sigmoid
CAN-VNPISGXD4Q,T1,0.3733605635092436,0.3136800507025044,0.312959385788252,insufficient_evidence,logistic_regression_sigmoid
CAN-E2FZJZ8WLH,T1,0.26801429217702427,0.4497376472125218,0.282248060610454,review_not_warranted,logistic_regression_sigmoid
CAN-LEJZ8XH8YE,T1,0.25174282140298493,0.3645870932973528,0.38367008529966223,insufficient_evidence,logistic_regression_sigmoid
CAN-SHRRQNVCIC,T1,0.23169441382289366,0.42444828793999073,0.3438572982371156,review_not_warranted,logistic_regression_sigmoid
CAN-8LF2PPDABK,T1,0.5165235773271405,0.15311834770464464,0.3303580749682149,insufficient_evidence,logistic_regression_sigmoid
CAN-ZWF0AYKB18,T1,0.1706522930318474,0.4259178636915175,0.40342984327663506,review_warranted,logistic_regression_sigmoid
CAN-HC7VWRKBC4,T1,0.3243218780641966,0.31647607736806577,0.3592020445677376,insufficient_evidence,logistic_regression_sigmoid
CAN-6O36VBSAI9,T1,0.338890663944743,0.33448959484569957,0.3266197412095574,insufficient_evidence,logistic_regression_sigmoid
CAN-4EK13UOVMH,T1,0.32205277649467107,0.3398869696109695,0.3380602538943594,review_warranted,logistic_regression_sigmoid
CAN-4JML2H5550,T1,0.39585236316876354,0.26536611955483824,0.3387815172763982,review_not_warranted,logistic_regression_sigmoid
CAN-W803WTVEJV,T1,0.20927305593484732,0.526107595150121,0.2646193489150318,review_not_warranted,logistic_regression_sigmoid
CAN-1JQKMVCC0E,T1,0.39384060437807217,0.21111356232434939,0.3950458332975784,review_warranted,logistic_regression_sigmoid
CAN-PFB5DKD37Z,T1,0.26186423525892794,0.4035666057906849,0.3345691589503872,review_warranted,logistic_regression_sigmoid
CAN-JS0TD7RAVV,T1,0.24397574945541645,0.401914388594289,0.35410986195029454,review_warranted,logistic_regression_sigmoid
CAN-6N8NUY6QNZ,T1,0.3707732763285168,0.2743424223255164,0.35488430134596677,review_not_warranted,logistic_regression_sigmoid
CAN-3W1WRGSSBR,T1,0.2739325772811602,0.36485281807631015,0.36121460464252975,insufficient_evidence,logistic_regression_sigmoid
CAN-RLFHYDAOTO,T1,0.3318784279924611,0.3327853948981245,0.3353361771094145,insufficient_evidence,logistic_regression_sigmoid
CAN-USBPGXP3DA,T1,0.25230890803519007,0.44652353105436626,0.3011675609104437,insufficient_evidence,logistic_regression_sigmoid
CAN-F640D3DCIR,T1,0.3254262093028972,0.31754891976983507,0.35702487092726787,review_warranted,logistic_regression_sigmoid
CAN-J538MFH2RZ,T1,0.17931177593339429,0.4899132599891722,0.33077496407743356,review_warranted,logistic_regression_sigmoid
CAN-T3BSOKDD2P,T1,0.384406035245578,0.27845258217730956,0.33714138257711257,review_warranted,logistic_regression_sigmoid
CAN-1UXZVZSG4A,T1,0.24155266650608354,0.36174520298541846,0.39670213050849795,review_not_warranted,logistic_regression_sigmoid
CAN-QU6MD5TN0F,T1,0.21471645341437565,0.4150926036489009,0.37019094293672344,insufficient_evidence,logistic_regression_sigmoid
CAN-H2TOKOI56S,T1,0.30426868144959623,0.35274309507563545,0.34298822347476826,insufficient_evidence,logistic_regression_sigmoid
CAN-ARNXXD7017,T1,0.200233698442637,0.4019693685505489,0.3977969330068141,review_warranted,logistic_regression_sigmoid
CAN-BT0Y88Z5VY,T1,0.25502505629168043,0.43048834518987683,0.3144865985184427,review_warranted,logistic_regression_sigmoid
CAN-20LP6R01W2,T1,0.3631102554218591,0.2609082607068966,0.3759814838712443,review_warranted,logistic_regression_sigmoid
CAN-GT29QK48ZR,T1,0.44031675925859665,0.22644214545262664,0.33324109528877677,review_warranted,logistic_regression_sigmoid
CAN-JTU00IS95H,T1,0.44426785805702407,0.20707250347805026,0.34865963846492565,review_warranted,logistic_regression_sigmoid
CAN-KLQH9G2XAA,T1,0.18705471128686116,0.3937881085072104,0.41915718020592846,review_not_warranted,logistic_regression_sigmoid
CAN-1X36MKKDTS,T1,0.15392883231430457,0.48113799581791544,0.36493317186778,review_not_warranted,logistic_regression_sigmoid
CAN-DANXMJUTSN,T1,0.24258727032284233,0.41367035021019216,0.3437423794669656,insufficient_evidence,logistic_regression_sigmoid
CAN-L16ZDGA6KP,T1,0.40121581161094494,0.24190420911281169,0.35687997927624343,review_warranted,logistic_regression_sigmoid
CAN-ICKK4E813F,T1,0.17387300271725026,0.4535337921666564,0.3725932051160933,review_not_warranted,logistic_regression_sigmoid
CAN-BQA0QBKTW1,T1,0.22856731751350687,0.4471794041060308,0.3242532783804623,insufficient_evidence,logistic_regression_sigmoid
CAN-PBRR29HATJ,T1,0.2900800443640918,0.354715201511028,0.3552047541248802,review_not_warranted,logistic_regression_sigmoid
CAN-RWVLQ6JSLV,T1,0.21758996734864908,0.38593346745556695,0.39647656519578406,review_not_warranted,logistic_regression_sigmoid
CAN-D0A5SDWYO9,T1,0.37790881703340307,0.3082656821180809,0.313825500848516,review_not_warranted,logistic_regression_sigmoid
CAN-LAAZKJS0G8,T1,0.39698685772403736,0.33012872128957865,0.272884420986384,insufficient_evidence,logistic_regression_sigmoid
CAN-9UF00BV0SU,T1,0.19927706115109609,0.4969044966459575,0.3038184422029465,review_not_warranted,logistic_regression_sigmoid
CAN-P049Y8KP5Z,T1,0.30628590154360363,0.38526693441583126,0.3084471640405651,review_warranted,logistic_regression_sigmoid
CAN-B0FYO3ENSX,T1,0.37250385177968665,0.2594025158394071,0.36809363238090625,review_warranted,logistic_regression_sigmoid
CAN-2MPIJSE7PT,T1,0.287768547139683,0.42706664394664523,0.28516480891367185,review_warranted,logistic_regression_sigmoid
CAN-6ULFMKJ73X,T1,0.4189073551922832,0.25929587621973665,0.3217967685879801,review_warranted,logistic_regression_sigmoid
CAN-QCF4GZN8TD,T0,0.37631268416870944,0.20015261028408143,0.42353470554720923,insufficient_evidence,random_forest
CAN-O523BGV6IR,T0,0.3069353457115108,0.28947263674835,0.4035920175401391,insufficient_evidence,random_forest
CAN-JUR9CRBOBB,T0,0.2054685413181559,0.36028494731107774,0.43424651137076636,insufficient_evidence,random_forest
CAN-1EJVSHCWNY,T0,0.1354702986598841,0.4190353770104408,0.44549432432967506,review_not_warranted,random_forest
CAN-NLM2FQOWDX,T0,0.11452941340391519,0.4347886812701244,0.4506819053259605,insufficient_evidence,random_forest
CAN-2B1096MPJS,T0,0.4572801965361745,0.2147427965884586,0.32797700687536685,review_warranted,random_forest
CAN-046H2OTGZ2,T0,0.3295214384489528,0.22241632134652273,0.4480622402045245,review_warranted,random_forest
CAN-M8GSUMHUBV,T0,0.5159830920404428,0.14634808860027385,0.3376688193592833,review_not_warranted,random_forest
CAN-BENX1VQFJF,T0,0.36284765743399094,0.28204401034103377,0.35510833222497534,review_warranted,random_forest
CAN-MG8XYRNB7R,T0,0.5228858312136477,0.15098870571334894,0.3261254630730034,insufficient_evidence,random_forest
CAN-N4QFJS875I,T0,0.5557647746561258,0.14739280541284497,0.29684241993102917,insufficient_evidence,random_forest
CAN-4T5MQ6DTMK,T0,0.284192458938438,0.15220956940337815,0.5635979716581838,review_not_warranted,random_forest
CAN-Z33ALI17FK,T0,0.11311071894966389,0.5190505842097121,0.3678386968406241,review_not_warranted,random_forest
CAN-SR7RMC873R,T0,0.2810684549093612,0.21552573592515406,0.5034058091654847,insufficient_evidence,random_forest
CAN-ZSGTTG0DNE,T0,0.5559160301951818,0.17900140413040827,0.2650825656744099,review_not_warranted,random_forest
CAN-DZXEHKO5JZ,T0,0.24692165164567573,0.35888624485604775,0.3941921034982766,review_not_warranted,random_forest
CAN-531EC6XM0A,T0,0.13129834327232623,0.5153191921186121,0.35338246460906175,insufficient_evidence,random_forest
CAN-STFR13OJLS,T0,0.5751103560047485,0.12288970559565741,0.30199993839959416,review_not_warranted,random_forest
CAN-I25Z744R3A,T0,0.0645959733138228,0.6599784784705455,0.27542554821563175,review_not_warranted,random_forest
CAN-7UQ40SSRBR,T0,0.148304946259276,0.3598968501182291,0.491798203622495,review_not_warranted,random_forest
CAN-UVG366PFKZ,T0,0.04848612983521257,0.70399317035319,0.24752069981159738,review_not_warranted,random_forest
CAN-VDBBB1U640,T0,0.12349121584905415,0.47095453730863374,0.40555424684231206,insufficient_evidence,random_forest
CAN-Y1ONULRYLB,T0,0.5350651755268303,0.2147831205558448,0.25015170391732494,review_warranted,random_forest
CAN-QQXBJU6M6L,T0,0.6172940825889551,0.10420262661498926,0.2785032907960556,insufficient_evidence,random_forest
CAN-3D99WGLA9F,T0,0.16752240480480166,0.29294157761445155,0.5395360175807469,review_warranted,random_forest
CAN-RAC3AUDPMW,T0,0.0958638514901481,0.640885056097275,0.26325109241257694,review_not_warranted,random_forest
CAN-MSNJEAB1GA,T0,0.559482049865034,0.2243096521448615,0.21620829799010438,review_warranted,random_forest
CAN-R3PHPYEEK1,T0,0.27332834366860187,0.21934807258215064,0.5073235837492475,review_warranted,random_forest
CAN-4491B2CKSM,T0,0.31323934214890675,0.3293999087801637,0.3573607490709296,insufficient_evidence,random_forest
CAN-QCQLTNKON8,T0,0.06293953265896202,0.717817475365262,0.21924299197577604,review_not_warranted,random_forest
CAN-YGWAL6CGCM,T0,0.6432213829766172,0.1457579842303012,0.21102063279308148,review_warranted,random_forest
CAN-I0MWENXOTY,T0,0.13946344486178494,0.5442993224344562,0.31623723270375886,insufficient_evidence,random_forest
CAN-ZKFSI428I3,T0,0.4898519090118924,0.13045544167776982,0.37969264931033775,review_warranted,random_forest
CAN-CE82WSAY7G,T0,0.41349378599169856,0.2860054501374235,0.3005007638708779,review_warranted,random_forest
CAN-VT4PWKOXUS,T0,0.25394681699472205,0.31837914862006206,0.42767403438521595,insufficient_evidence,random_forest
CAN-WMYE9H5KHU,T0,0.1758981778513034,0.38477060835165755,0.43933121379703893,insufficient_evidence,random_forest
CAN-G5QOBJADAS,T0,0.118737017235701,0.6110994977982598,0.27016348496603926,insufficient_evidence,random_forest
CAN-4HICC8FK63,T0,0.16131491159733832,0.5314261195622078,0.3072589688404539,review_not_warranted,random_forest
CAN-EY5UH24ZIZ,T0,0.1435904274088999,0.3084396276081566,0.5479699449829435,review_warranted,random_forest
CAN-UOZRL1V8KU,T0,0.3163629492239814,0.38209795353593295,0.3015390972400857,insufficient_evidence,random_forest
CAN-BDFTFJSJN7,T0,0.2910123440545711,0.2980012075802094,0.41098644836521947,insufficient_evidence,random_forest
CAN-2OHE79VIFA,T0,0.3915200316728677,0.15336764703822559,0.4551123212889067,review_not_warranted,random_forest
CAN-Z7ABOKWLUW,T0,0.29324906013163593,0.414209034017946,0.2925419058504181,review_not_warranted,random_forest
CAN-MMXHM6U1Q3,T0,0.07865041843684821,0.6647411611079773,0.25660842045517446,review_not_warranted,random_forest
CAN-VY0CLY1UJZ,T0,0.04649296771038511,0.6979324955701338,0.2555745367194811,review_not_warranted,random_forest
CAN-N2OQ035YY8,T0,0.26606444111327476,0.23209219246790244,0.5018433664188228,insufficient_evidence,random_forest
CAN-682VA03Y7M,T0,0.09898794995333285,0.6725315172603709,0.2284805327862961,review_not_warranted,random_forest
CAN-R86U0E2XY5,T0,0.09333801226228973,0.5746136703160137,0.33204831742169644,insufficient_evidence,random_forest
CAN-ZQ0GWKIZ51,T0,0.4866241280814331,0.17544827147276335,0.3379276004458036,review_warranted,random_forest
CAN-A6ETMQZT3D,T0,0.1834391755655519,0.5398104508518142,0.2767503735826338,insufficient_evidence,random_forest
CAN-W41T8OR50L,T0,0.337951352431207,0.2826104967188284,0.37943815084996463,review_warranted,random_forest
CAN-KMB5GTBPM9,T0,0.05545853861111157,0.6467361474245366,0.29780531396435195,review_not_warranted,random_forest
CAN-Z38H9W4ZGC,T0,0.10777423632434918,0.6429569336615273,0.24926883001412362,review_not_warranted,random_forest
CAN-XY38I4LIXQ,T0,0.25055378264492145,0.3395736088588868,0.40987260849619184,review_not_warranted,random_forest
CAN-UC0X4CF5YC,T0,0.38416741125757925,0.22023287645495973,0.3955997122874611,insufficient_evidence,random_forest
CAN-8MG3KHERI3,T0,0.42719877434549736,0.14417353610143868,0.4286276895530641,review_warranted,random_forest
CAN-82A1AW528U,T0,0.09348573932680733,0.44461971067392664,0.461894549999266,insufficient_evidence,random_forest
CAN-MYFWBL13VE,T0,0.31016123536529316,0.2477901854353787,0.44204857919932816,insufficient_evidence,random_forest
CAN-SXC7CQRKWL,T0,0.10823655220653652,0.6443427235258687,0.24742072426759476,review_not_warranted,random_forest
CAN-4SMT2ZQ2JW,T0,0.36422644249508007,0.22301173350322223,0.4127618240016977,insufficient_evidence,random_forest
CAN-F0PK9CCT7U,T0,0.24669266043874796,0.4469587401089222,0.30634859945232995,insufficient_evidence,random_forest
CAN-18HFR7ZPQ5,T0,0.5059757854677057,0.18115184206622184,0.3128723724660725,insufficient_evidence,random_forest
CAN-TT3YS2Q6D9,T0,0.32178752968625374,0.3322598341820741,0.3459526361316721,review_not_warranted,random_forest
CAN-N457EOO43R,T0,0.456322558921928,0.25261831460703016,0.29105912647104193,insufficient_evidence,random_forest
CAN-JE4XWOKZY7,T0,0.29371520858443356,0.17982381648112367,0.5264609749344428,review_warranted,random_forest
CAN-P2BMVSIWSO,T0,0.21646568064638874,0.3996852065706536,0.38384911278295775,insufficient_evidence,random_forest
CAN-WSZ2K6LRDA,T0,0.2208957533959344,0.4164963731945733,0.36260787340949235,review_warranted,random_forest
CAN-LPTV3L15GI,T0,0.6298095528428213,0.10275493950251488,0.2674355076546638,review_warranted,random_forest
CAN-HJSKW8DII3,T0,0.1448452370033656,0.5810488121171461,0.27410595087948825,review_not_warranted,random_forest
CAN-TEZC5LDGEW,T0,0.2546179623964342,0.37780824740997476,0.367573790193591,review_not_warranted,random_forest
CAN-BA2J2OCZ4N,T0,0.1845567576251393,0.18058155698116352,0.6348616853936971,insufficient_evidence,random_forest
CAN-ZMVKC63G2A,T0,0.22586878060416046,0.28451122057588124,0.4896199988199583,insufficient_evidence,random_forest
CAN-K7S70RXAMG,T0,0.49576538274248405,0.14573260099037283,0.3585020162671432,insufficient_evidence,random_forest
CAN-OAOG54YAZO,T0,0.3233190442091183,0.23575302629366252,0.4409279294972194,review_not_warranted,random_forest
CAN-86YS89WD1X,T0,0.40028125889681515,0.23262253652061718,0.36709620458256764,insufficient_evidence,random_forest
CAN-LJAETPGFMO,T0,0.5054650327075714,0.2262948762490626,0.2682400910433659,insufficient_evidence,random_forest
CAN-KNFI1QC8WD,T0,0.5096434215578659,0.15468540526164967,0.3356711731804845,review_warranted,random_forest
CAN-ZSJALHV9SZ,T0,0.3981077779248681,0.11499175151296824,0.4869004705621636,insufficient_evidence,random_forest
CAN-UIDCKJCDCX,T0,0.2915215293311313,0.16710337255488478,0.541375098113984,insufficient_evidence,random_forest
CAN-MDT600E24L,T0,0.46678705244858615,0.22484723476112567,0.3083657127902881,review_warranted,random_forest
CAN-J4H3HYSW7L,T0,0.15961043225509283,0.5384913694451763,0.3018981982997308,review_not_warranted,random_forest
CAN-QM71SGDM4I,T0,0.5682464171175376,0.13519771444808773,0.29655586843437476,review_warranted,random_forest
CAN-SC42SBD0LB,T0,0.05551169426908701,0.6981454148814282,0.2463428908494848,review_not_warranted,random_forest
CAN-J2Z8813Q6I,T0,0.2606205489489874,0.2265602789370488,0.5128191721139639,insufficient_evidence,random_forest
CAN-8WZY5EL0GS,T0,0.3056980095080986,0.2683501773845904,0.425951813107311,insufficient_evidence,random_forest
CAN-UC3CXNT45X,T0,0.6453418494514124,0.12790176470517103,0.2267563858434166,review_warranted,random_forest
CAN-OX9BJ0D2O1,T0,0.09092113242571134,0.6974469910385624,0.21163187653572627,insufficient_evidence,random_forest
CAN-CSA9RPF7N0,T0,0.20391358226253495,0.4336944712092985,0.3623919465281666,review_not_warranted,random_forest
CAN-GAZ28IY33B,T0,0.48689836631746974,0.1698218102378689,0.3432798234446614,insufficient_evidence,random_forest
CAN-JEIC06XTOM,T0,0.24198848251911712,0.41503421913342775,0.34297729834745505,review_not_warranted,random_forest
CAN-WAM0MZEWD7,T0,0.4483554133935161,0.15108747635781936,0.4005571102486645,insufficient_evidence,random_forest
CAN-90NXQQ43RV,T0,0.04666721863758197,0.7067168392945345,0.24661594206788345,review_not_warranted,random_forest
CAN-U9XCTU7C4F,T0,0.049381210457060606,0.7256710849956315,0.22494770454730795,review_not_warranted,random_forest
CAN-3V8APYMFFU,T0,0.08582875646154767,0.6182244103792144,0.295946833159238,review_not_warranted,random_forest
CAN-4FO38FPD7B,T0,0.21204646737321084,0.4474440629724806,0.3405094696543086,review_not_warranted,random_forest
CAN-LQTYLY754O,T0,0.493319324667673,0.20514477721970165,0.30153589811262543,insufficient_evidence,random_forest
CAN-Y1NS971FST,T0,0.6938079177671382,0.09079981087254994,0.21539227136031183,review_warranted,random_forest
CAN-1WB2NA52JZ,T0,0.2658510969134084,0.38910655486539525,0.3450423482211962,review_not_warranted,random_forest
CAN-GPXG19LRNA,T0,0.2769542908198765,0.2725103016472651,0.45053540753285837,review_not_warranted,random_forest
CAN-I4N8CBG88Z,T0,0.49482660283146496,0.21793120256117732,0.2872421946073578,review_warranted,random_forest
CAN-RG84ONNZ7C,T0,0.6797938871951626,0.12457144203809674,0.19563467076674065,review_warranted,random_forest
CAN-1NEQLC2YWG,T0,0.24617451185838307,0.46098009731313183,0.2928453908284851,insufficient_evidence,random_forest
CAN-4QS9RM4XLH,T0,0.32847781132203796,0.23371811317041863,0.43780407550754347,review_warranted,random_forest
CAN-CJN0H4XCFS,T0,0.41589103226089935,0.32368660755538536,0.26042236018371534,insufficient_evidence,random_forest
CAN-P4RVWAG757,T0,0.2319402658529813,0.20083399926135487,0.5672257348856639,insufficient_evidence,random_forest
CAN-ERSOR4K7QJ,T0,0.34180371744682014,0.22653001127136022,0.4316662712818196,insufficient_evidence,random_forest
CAN-RXMWDVU7JD,T0,0.6531162103054763,0.09182793082136545,0.2550558588731583,review_warranted,random_forest
CAN-7HQWF459VW,T0,0.23667787915574634,0.27933872724330505,0.48398339360094866,review_not_warranted,random_forest
CAN-ME2Q23NS0G,T0,0.545130678952702,0.19478097177674725,0.26008834927055086,review_warranted,random_forest
CAN-W1O813CX74,T0,0.2582576535756248,0.15994295932807306,0.5817993870963021,insufficient_evidence,random_forest
CAN-3JG44NWV2W,T0,0.3330754945344141,0.3405292235965424,0.32639528186904343,review_warranted,random_forest
CAN-R3FQ58SFFS,T0,0.2654628044862641,0.33853778284034947,0.3959994126733865,review_not_warranted,random_forest
CAN-H3DK4NU2ZJ,T0,0.6878112533156059,0.10423213411107017,0.20795661257332393,insufficient_evidence,random_forest
CAN-5D0G3VUQUU,T0,0.33876038998797686,0.4003237214081723,0.26091588860385095,review_warranted,random_forest
CAN-ZG2995G25E,T0,0.1559256596998406,0.5294936919266131,0.3145806483735464,review_not_warranted,random_forest
CAN-Y746C1F209,T0,0.2590927295829246,0.3957060655906813,0.34520120482639405,review_warranted,random_forest
CAN-XFRLQDC4M8,T0,0.40283317999392704,0.19729552520266633,0.3998712948034066,review_warranted,random_forest
CAN-QA6NLD1VOR,T0,0.053074462031100535,0.7537650733632717,0.19316046460562777,review_not_warranted,random_forest
CAN-WMUAXBCUOI,T0,0.2235569938515389,0.40386726901082726,0.3725757371376338,review_not_warranted,random_forest
CAN-H08YS9RB2I,T0,0.6024264940774755,0.16948761539661128,0.2280858905259132,review_warranted,random_forest
CAN-V2L4EF4KSE,T0,0.2445405834841862,0.17307281842790126,0.5823865980879126,review_not_warranted,random_forest
CAN-4BW4AXV2DW,T0,0.5962771197761033,0.13356656695148117,0.2701563132724156,review_warranted,random_forest
CAN-DMAU8U15C2,T0,0.40933996962712876,0.20521734700913807,0.3854426833637333,insufficient_evidence,random_forest
CAN-2LQVYTP1NE,T0,0.3129933782228006,0.20411946597828748,0.48288715579891195,review_not_warranted,random_forest
CAN-4CFU2SAM9A,T0,0.37268125243389066,0.3279877917316034,0.29933095583450603,insufficient_evidence,random_forest
CAN-J4XWX7ACSW,T0,0.08804186438473673,0.6204646459335655,0.2914934896816977,review_not_warranted,random_forest
CAN-DQTR43KXGL,T0,0.14297332066211788,0.611557822146216,0.24546885719166628,review_not_warranted,random_forest
CAN-OKRGM086UH,T0,0.22692556945301837,0.3262193001978172,0.4468551303491645,insufficient_evidence,random_forest
CAN-5J9D6PMOG7,T0,0.11484405232343145,0.579243456079096,0.30591249159747264,insufficient_evidence,random_forest
CAN-NS2I9QFL3T,T0,0.17923288620636443,0.44228782438380376,0.3784792894098319,insufficient_evidence,random_forest
CAN-GYB9DQNAPG,T0,0.1335203423141117,0.566681051011262,0.29979860667462627,review_not_warranted,random_forest
CAN-I3PAG0MQ4S,T0,0.13303579955591643,0.3169849762421304,0.5499792242019531,insufficient_evidence,random_forest
CAN-P69V1TRALB,T0,0.0628890370805723,0.7199155186069244,0.21719544431250318,review_not_warranted,random_forest
CAN-6E9YCRS9LL,T0,0.3008333066456484,0.3014012285446186,0.3977654648097332,insufficient_evidence,random_forest
CAN-7YPZD0CRBH,T0,0.25199715262709976,0.37360259241507493,0.3744002549578253,review_warranted,random_forest
CAN-YM0I69QM0I,T0,0.08614197172188244,0.6259425970825935,0.2879154311955242,insufficient_evidence,random_forest
CAN-WP2EAZABSX,T0,0.39643502568677386,0.16453043891065688,0.43903453540256915,insufficient_evidence,random_forest
CAN-VRIHDH9JWE,T0,0.3974109639152487,0.26204956652166944,0.34053946956308184,insufficient_evidence,random_forest
CAN-IA8U1DVUO4,T0,0.10860648565786374,0.6620547315855755,0.22933878275656078,review_not_warranted,random_forest
CAN-TOCVLBL1FO,T0,0.7355986396276979,0.09291154058006672,0.17148981979223551,review_warranted,random_forest
CAN-YP40LZV7HG,T0,0.5197438901409326,0.2558434768198762,0.22441263303919123,insufficient_evidence,random_forest
CAN-XM0NTONS8I,T0,0.3322049538432414,0.335961482356887,0.33183356379987156,review_not_warranted,random_forest
CAN-LO4SALY31V,T0,0.15363971316980693,0.5099151410657621,0.336445145764431,review_not_warranted,random_forest
CAN-UXJU0P1A4M,T0,0.5870458987251489,0.10668942584395616,0.3062646754308949,review_warranted,random_forest
CAN-MFQ4GY8XPH,T0,0.5108146680211089,0.21172734558686404,0.27745798639202707,review_not_warranted,random_forest
CAN-TSX3YOZ6OH,T0,0.3430695192617239,0.3750265704234638,0.2819039103148122,review_not_warranted,random_forest
CAN-RH7J269JWB,T0,0.39466920244128223,0.20135840556885748,0.40397239198986024,review_warranted,random_forest
CAN-MFBV0FQM3G,T0,0.1271520700228783,0.42767875037999564,0.44516917959712615,review_not_warranted,random_forest
CAN-J36EAQ6YIB,T0,0.08835707741988517,0.5967649693528941,0.3148779532272207,review_not_warranted,random_forest
CAN-Y8KKG8V4R5,T0,0.6008776948709424,0.12556507994281335,0.27355722518624415,review_warranted,random_forest
CAN-JH3BMQ4XC7,T0,0.28218002040644163,0.3623882674830848,0.35543171211047364,review_not_warranted,random_forest
CAN-WNGDAMUN3D,T0,0.09690549354871097,0.6511208154329359,0.2519736910183532,review_not_warranted,random_forest
CAN-OQIKHLUC4W,T0,0.29173190194306803,0.3621670156341901,0.3461010824227418,insufficient_evidence,random_forest
CAN-B8OEQZRDZO,T0,0.2076586884846028,0.32869927040463465,0.4636420411107626,insufficient_evidence,random_forest
CAN-GS1ASP5I7M,T0,0.432217962866733,0.1659148223541146,0.4018672147791525,review_warranted,random_forest
CAN-SIIOAIPEG6,T0,0.5341635964226588,0.13789141708628871,0.32794498649105264,review_warranted,random_forest
CAN-OHKKF3MKJ3,T0,0.5140597400157801,0.16282075279176583,0.323119507192454,insufficient_evidence,random_forest
CAN-BDWF22CYUA,T0,0.07995420566988405,0.6640853856106238,0.25596040871949216,insufficient_evidence,random_forest
CAN-JUDHP15RCW,T0,0.1925152185347559,0.5387685734214509,0.26871620804379326,review_not_warranted,random_forest
CAN-3H2ZQ20HYA,T0,0.09642136497359811,0.631227086882846,0.27235154814355594,insufficient_evidence,random_forest
CAN-9Y4E8DVX0U,T0,0.4694960813542116,0.16827119160345827,0.36223272704233017,insufficient_evidence,random_forest
CAN-56NGPDUGKO,T0,0.26471321598794373,0.3306582930199975,0.4046284909920587,review_not_warranted,random_forest
CAN-HNHZKKFNLR,T0,0.1258047602206073,0.653094438596557,0.2211008011828357,insufficient_evidence,random_forest
CAN-3L9PECKRSW,T0,0.46147534174404353,0.1890771195607145,0.349447538695242,review_warranted,random_forest
CAN-30WX81N4ES,T0,0.6654180558793104,0.09064961381985649,0.24393233030083317,review_warranted,random_forest
CAN-UQQIYRW0PD,T0,0.4609763853433822,0.15487470569735207,0.38414890895926573,review_warranted,random_forest
CAN-V9M5ANAVAQ,T0,0.3125287108152711,0.3651920089257648,0.32227928025896413,review_not_warranted,random_forest
CAN-ZT3OGP0JXS,T0,0.06887309151492058,0.6981610862085518,0.23296582227652768,review_not_warranted,random_forest
CAN-VHIJVPARK8,T0,0.5482507542382425,0.10497958319188062,0.3467696625698769,review_warranted,random_forest
CAN-FVPXP9IPUU,T0,0.5332449966256303,0.2323244734074361,0.2344305299669337,review_not_warranted,random_forest
CAN-6EP6GXXTK9,T0,0.11545872851221745,0.46385999998947075,0.4206812714983119,review_not_warranted,random_forest
CAN-JR75FSAO9V,T0,0.25087304837696983,0.45107105119971597,0.2980559004233142,review_not_warranted,random_forest
CAN-07K7VDEEMK,T0,0.678929909892511,0.09362929324633486,0.22744079686115415,review_warranted,random_forest
CAN-X83JEQTGZH,T0,0.5705172982632162,0.15286931659952216,0.27661338513726175,review_warranted,random_forest
CAN-CM7DYFBA7J,T0,0.22986352448229047,0.4551298262776538,0.3150066492400558,insufficient_evidence,random_forest
CAN-5N3RUX7YHN,T0,0.5515661731496264,0.17921808788889584,0.26921573896147777,review_warranted,random_forest
CAN-R18R0Y2KT1,T0,0.2370031152303759,0.39957039285840773,0.36342649191121645,review_warranted,random_forest
CAN-MKP2V46UCL,T0,0.5884261532817221,0.18989172595828113,0.22168212075999671,review_warranted,random_forest
CAN-AUHE529DEL,T0,0.09438378136981677,0.6451321699336139,0.2604840486965694,review_not_warranted,random_forest
CAN-RB7I4QYEUI,T0,0.6090380615807246,0.13541546938258073,0.2555464690366946,insufficient_evidence,random_forest
CAN-0R2G3NUIKR,T0,0.4215082292674418,0.31862450072711834,0.2598672700054398,review_warranted,random_forest
CAN-FTE9U57RLP,T0,0.10973508606329321,0.5612582889529751,0.3290066249837316,review_not_warranted,random_forest
CAN-QUQOLS2HT8,T0,0.689468665735998,0.06274830251051466,0.24778303175348737,review_warranted,random_forest
CAN-J9DW7V0B0M,T0,0.24740555449390386,0.33297534910828686,0.4196190963978092,insufficient_evidence,random_forest
CAN-1U7KYCHT04,T0,0.8481205167918315,0.04515813171902317,0.10672135148914529,insufficient_evidence,random_forest
CAN-8IVXRT38AV,T0,0.30276967453691095,0.334431008459458,0.36279931700363116,review_warranted,random_forest
CAN-8S6ARU7BKP,T0,0.6416254064014716,0.10829841904833303,0.25007617455019543,review_warranted,random_forest
CAN-HA0BA87B8L,T0,0.39418430211607,0.2133449847784536,0.39247071310547643,insufficient_evidence,random_forest
CAN-0XENT8TOVT,T0,0.050510046138779054,0.5939781581874641,0.35551179567375685,review_not_warranted,random_forest
CAN-W10A9RCR81,T0,0.2273286480833472,0.2222181651881974,0.5504531867284554,insufficient_evidence,random_forest
CAN-DRJR4QD6PK,T0,0.07027592132502036,0.6181326392004574,0.31159143947452245,review_not_warranted,random_forest
CAN-L55BKTF9S0,T0,0.3834700877459024,0.30198659592625987,0.3145433163278376,review_not_warranted,random_forest
CAN-D9Y0VJJ6VW,T0,0.7001957994453936,0.08351628246713347,0.2162879180874729,review_warranted,random_forest
CAN-1ZS1BZI6T1,T0,0.2986155934301257,0.1723020170626555,0.5290823895072186,insufficient_evidence,random_forest
CAN-0BEG9SW2FJ,T0,0.13171081860734368,0.6341422262645189,0.23414695512813755,review_not_warranted,random_forest
CAN-R59D8GNWOE,T0,0.5980256705541478,0.13553951284616125,0.26643481659969087,review_warranted,random_forest
CAN-RSAGRRSRCU,T0,0.18013012271675702,0.4213544300237735,0.3985154472594696,insufficient_evidence,random_forest
CAN-TLVR8Y2L8B,T0,0.4891588178546309,0.18663298291346325,0.3242081992319059,review_warranted,random_forest
CAN-KBNRY7AM6A,T0,0.6336430716679573,0.12187958060087718,0.24447734773116553,review_warranted,random_forest
CAN-GP3R1BKFVB,T0,0.2548380795719512,0.38430609352555145,0.3608558269024974,review_not_warranted,random_forest
CAN-ZUC41D21E3,T0,0.18785640055543154,0.5275541217441583,0.2845894777004102,review_not_warranted,random_forest
CAN-AX8X8VO9JH,T0,0.16249707209291522,0.5239716416632649,0.3135312862438198,insufficient_evidence,random_forest
CAN-ADOF3P33HR,T0,0.09411054743176171,0.47952895557503356,0.4263604969932046,insufficient_evidence,random_forest
CAN-JAC9C5ZY2J,T0,0.07261777343817613,0.5836615100078945,0.3437207165539295,review_not_warranted,random_forest
CAN-5EZS1T1ELJ,T0,0.2802543373137017,0.36535124252175316,0.35439442016454514,insufficient_evidence,random_forest
CAN-16LL783QTG,T0,0.3707902084600094,0.28881529953775575,0.340394492002235,review_not_warranted,random_forest
CAN-VIYZ36BREN,T0,0.1668553528616648,0.3828664783362652,0.4502781688020699,insufficient_evidence,random_forest
CAN-Q0VG7NCDFO,T0,0.6185543360679323,0.11877839477355796,0.26266726915850985,review_warranted,random_forest
CAN-LQYOAEONVO,T0,0.2976813180744137,0.2778124581534539,0.42450622377213254,insufficient_evidence,random_forest
CAN-Q7RFRQTAQZ,T0,0.3808055352807673,0.19026347370765617,0.42893099101157656,insufficient_evidence,random_forest
CAN-LNUVVT5CZH,T0,0.4920280847996139,0.21181763045320404,0.296154284747182,review_warranted,random_forest
CAN-0ND8K10G3Q,T0,0.5343639489542779,0.22291105175912465,0.24272499928659758,review_not_warranted,random_forest
CAN-2V0D61OSOH,T0,0.2127424438753277,0.4312290270357746,0.35602852908889776,review_not_warranted,random_forest
CAN-0EEV2PAF0Q,T0,0.29020313635924033,0.3048441688317062,0.40495269480905344,review_not_warranted,random_forest
CAN-OKX1I6CA68,T0,0.19642739644237012,0.36400443730993787,0.4395681662476921,insufficient_evidence,random_forest
CAN-58JRRKXCV8,T0,0.652323652002187,0.072040848008634,0.2756354999891789,insufficient_evidence,random_forest
CAN-Q1G8222TVV,T0,0.3372150080084998,0.28184427345913254,0.3809407185323677,review_warranted,random_forest
CAN-JMSVBKK42K,T0,0.40374128713845436,0.18582500012243827,0.4104337127391073,insufficient_evidence,random_forest
CAN-O8J5XQ1QHK,T0,0.2592135077092379,0.16808857769579702,0.5726979145949651,review_warranted,random_forest
CAN-6NHOI7HD4X,T0,0.1835842747629399,0.5010563327500015,0.31535939248705863,review_not_warranted,random_forest
CAN-Z2FMDPQZ6U,T0,0.12869768099670795,0.5297547517572658,0.34154756724602625,review_not_warranted,random_forest
CAN-YPY46FBMCC,T0,0.3412810985202486,0.37724019751185817,0.2814787039678932,insufficient_evidence,random_forest
CAN-M6I6ONFLH6,T0,0.1260848002985737,0.5800837582324199,0.2938314414690064,insufficient_evidence,random_forest
CAN-MD6HSPZNPH,T0,0.10133144559636752,0.3793546793042267,0.5193138750994057,insufficient_evidence,random_forest
CAN-BG2JQTKE9R,T0,0.3912249312077381,0.20185344849979892,0.4069216202924631,insufficient_evidence,random_forest
CAN-NZ60ITUAMZ,T0,0.2543580468267066,0.4117737194350805,0.3338682337382128,insufficient_evidence,random_forest
CAN-3E88BL7X8N,T0,0.47416375214595713,0.21649437536687283,0.3093418724871701,review_warranted,random_forest
CAN-WRYT3JA62H,T0,0.2515015445388843,0.24484932281917796,0.5036491326419378,insufficient_evidence,random_forest
CAN-UC1GUSFB8Y,T0,0.22469162065629522,0.3235506207835126,0.4517577585601923,insufficient_evidence,random_forest
CAN-KAEH77AZL2,T0,0.21244683009632342,0.3840327548075917,0.4035204150960849,review_not_warranted,random_forest
CAN-NJIWES3CMC,T0,0.1305839822360837,0.5796107461524923,0.2898052716114239,review_not_warranted,random_forest
CAN-OV2OP0BPC2,T0,0.40883068636574527,0.22075455183847723,0.3704147617957776,review_warranted,random_forest
CAN-8BR6ZCR6C5,T0,0.16445509079508372,0.4591260874963949,0.37641882170852137,review_not_warranted,random_forest
CAN-M5PX3JZR1B,T0,0.6074275426725252,0.10749818376505699,0.2850742735624179,review_warranted,random_forest
CAN-WQQAVM6KJ0,T0,0.4537642589679406,0.2849925111651143,0.2612432298669451,insufficient_evidence,random_forest
CAN-GXTMUF9MJ2,T0,0.0774010774289119,0.4353674367989862,0.4872314857721018,review_not_warranted,random_forest
CAN-X66G0DQZY1,T0,0.21266400712247002,0.44535846709860805,0.3419775257789218,review_not_warranted,random_forest
CAN-8G6HTDW3TS,T0,0.2287532087294758,0.27836861558177445,0.49287817568874975,review_not_warranted,random_forest
CAN-IX71UNKLCC,T0,0.21186509308543217,0.4316067880112426,0.35652811890332525,review_not_warranted,random_forest
CAN-BQ2E1CA8JA,T0,0.44078823748163143,0.2998531818355806,0.259358580682788,review_not_warranted,random_forest
CAN-C6JQXV1H28,T0,0.36027661191574484,0.20965954043185392,0.43006384765240124,review_not_warranted,random_forest
CAN-7Z4I6X76ZY,T0,0.17015260397183818,0.4628178763981761,0.36702951962998576,review_not_warranted,random_forest
CAN-4DQEX1DFLP,T0,0.07682379639961955,0.5953797390428,0.3277964645575805,review_not_warranted,random_forest
CAN-GTRZMV90GK,T0,0.3383710460646746,0.22662318511680024,0.4350057688185252,insufficient_evidence,random_forest
CAN-28HOG1H1PI,T0,0.47426759806320196,0.14131044377447607,0.384421958162322,review_warranted,random_forest
CAN-8467CAI41V,T0,0.3380216362833477,0.3536914302981908,0.3082869334184616,review_warranted,random_forest
CAN-A8RUHP98S6,T0,0.1823549754732695,0.433766589000716,0.38387843552601447,review_not_warranted,random_forest
CAN-6FIO389AU7,T0,0.4616909452141827,0.1695114993749733,0.368797555410844,review_warranted,random_forest
CAN-GRA38D14NY,T0,0.6414734056776088,0.13864639264089063,0.21988020168150058,review_warranted,random_forest
CAN-TK9TB1S19Y,T0,0.5061148949967206,0.13428743315296607,0.3595976718503133,review_warranted,random_forest
CAN-6045ADGW9W,T0,0.0508195165249291,0.7069808260649615,0.2421996574101093,review_not_warranted,random_forest
CAN-YVRMB50LXO,T0,0.1271801409646163,0.6581612305778128,0.21465862845757092,review_not_warranted,random_forest
CAN-VJ1ATXQ4KR,T0,0.14309642711121018,0.44260463262797367,0.41429894026081626,review_not_warranted,random_forest
CAN-693NHGTCCO,T0,0.5004299391996156,0.14521673607958419,0.3543533247208002,review_warranted,random_forest
CAN-QZE5QAIJ2T,T0,0.5017032638125966,0.1851296858053056,0.3131670503820979,review_warranted,random_forest
CAN-VB1685ICUZ,T0,0.10899247767264784,0.3094809495574497,0.5815265727699025,review_not_warranted,random_forest
CAN-VNPISGXD4Q,T0,0.6056214435258331,0.09711975043348017,0.2972588060406866,review_warranted,random_forest
CAN-E2FZJZ8WLH,T0,0.16254061640326434,0.5153519336477861,0.32210744994894963,insufficient_evidence,random_forest
CAN-LEJZ8XH8YE,T0,0.5182903182401734,0.2477023838305551,0.23400729792927163,insufficient_evidence,random_forest
CAN-SHRRQNVCIC,T0,0.10880603356418043,0.704607921067074,0.18658604536874562,review_not_warranted,random_forest
CAN-8LF2PPDABK,T0,0.5223968161755366,0.15919108053087397,0.31841210329358954,insufficient_evidence,random_forest
CAN-ZWF0AYKB18,T0,0.26095704698112215,0.3064314209982834,0.4326115320205945,review_warranted,random_forest
CAN-HC7VWRKBC4,T0,0.0737356776694057,0.6843044552391585,0.24195986709143583,insufficient_evidence,random_forest
CAN-6O36VBSAI9,T0,0.5603298435869378,0.17749418037486808,0.2621759760381941,review_warranted,random_forest
CAN-4EK13UOVMH,T0,0.36654303540622074,0.28668234484961347,0.3467746197441658,review_warranted,random_forest
CAN-4JML2H5550,T0,0.5370440747168072,0.19696772622090922,0.26598819906228366,insufficient_evidence,random_forest
CAN-W803WTVEJV,T0,0.1079566391769318,0.6377841583459416,0.2542592024771267,review_not_warranted,random_forest
CAN-1JQKMVCC0E,T0,0.7633216610321938,0.06349016967283765,0.1731881692949686,review_warranted,random_forest
CAN-PFB5DKD37Z,T0,0.4057467634133487,0.2018223052850302,0.39243093130162104,review_warranted,random_forest
CAN-JS0TD7RAVV,T0,0.15120441931826803,0.400274382445295,0.44852119823643694,review_warranted,random_forest
CAN-6N8NUY6QNZ,T0,0.22068892702710663,0.4317698313066431,0.3475412416662503,review_not_warranted,random_forest
CAN-3W1WRGSSBR,T0,0.408815052111677,0.17667280535729024,0.4145121425310328,insufficient_evidence,random_forest
CAN-RLFHYDAOTO,T0,0.45037650327180717,0.2666219765264455,0.2830015202017474,review_not_warranted,random_forest
CAN-USBPGXP3DA,T0,0.10867693318195779,0.6005941978838842,0.290728868934158,insufficient_evidence,random_forest
CAN-F640D3DCIR,T0,0.22572493700497234,0.4083736215318509,0.3659014414631768,insufficient_evidence,random_forest
CAN-J538MFH2RZ,T0,0.07763738733655619,0.6044264088401995,0.31793620382324433,review_warranted,random_forest
CAN-T3BSOKDD2P,T0,0.601567376342209,0.1149719339206089,0.283460689737182,review_warranted,random_forest
CAN-1UXZVZSG4A,T0,0.1210951991890843,0.35950250461075495,0.5194022962001608,review_not_warranted,random_forest
CAN-QU6MD5TN0F,T0,0.24908804312106028,0.4076644814033087,0.3432474754756311,insufficient_evidence,random_forest
CAN-H2TOKOI56S,T0,0.22593865703796107,0.4803459806255983,0.2937153623364406,review_not_warranted,random_forest
CAN-ARNXXD7017,T0,0.4929813323009817,0.2063750862514027,0.30064358144761577,review_warranted,random_forest
CAN-BT0Y88Z5VY,T0,0.3584095937008035,0.22494605703506437,0.4166443492641322,review_warranted,random_forest
CAN-20LP6R01W2,T0,0.5679353935612561,0.1010877479936694,0.3309768584450746,review_warranted,random_forest
CAN-GT29QK48ZR,T0,0.5800759367316531,0.19338111617714976,0.22654294709119713,review_warranted,random_forest
CAN-JTU00IS95H,T0,0.37035471764001243,0.36614928218702814,0.2634960001729595,review_warranted,random_forest
CAN-KLQH9G2XAA,T0,0.20545920031405415,0.35419379593238165,0.4403470037535641,review_not_warranted,random_forest
CAN-1X36MKKDTS,T0,0.10872352981955649,0.5318416215380792,0.3594348486423642,review_not_warranted,random_forest
CAN-DANXMJUTSN,T0,0.38124960204938596,0.2297478819511893,0.3890025159994247,insufficient_evidence,random_forest
CAN-L16ZDGA6KP,T0,0.5979483554759398,0.09517151808683717,0.306880126437223,review_warranted,random_forest
CAN-ICKK4E813F,T0,0.0895945054902666,0.6461335205371124,0.264271973972621,review_not_warranted,random_forest
CAN-BQA0QBKTW1,T0,0.22228986993663485,0.4625765023298458,0.31513362773351933,insufficient_evidence,random_forest
CAN-PBRR29HATJ,T0,0.29924943193724357,0.40896308794599967,0.2917874801167568,review_not_warranted,random_forest
CAN-RWVLQ6JSLV,T0,0.17861384987414558,0.4885648016864899,0.33282134843936445,insufficient_evidence,random_forest
CAN-D0A5SDWYO9,T0,0.48170178303852323,0.2198666094395096,0.2984316075219672,review_not_warranted,random_forest
CAN-LAAZKJS0G8,T0,0.38616227023147653,0.3023391774404656,0.3114985523280578,insufficient_evidence,random_forest
CAN-9UF00BV0SU,T0,0.05922790168487458,0.7537947699111438,0.18697732840398154,insufficient_evidence,random_forest
CAN-P049Y8KP5Z,T0,0.08407950072614233,0.6613280539529572,0.2545924453209005,review_warranted,random_forest
CAN-B0FYO3ENSX,T0,0.4264693952081118,0.31459390863790826,0.25893669615397996,review_warranted,random_forest
CAN-2MPIJSE7PT,T0,0.276060706960365,0.40850361530805934,0.3154356777315757,review_warranted,random_forest
CAN-6ULFMKJ73X,T0,0.31141169276032393,0.37047650285475386,0.3181118043849222,review_warranted,random_forest
CAN-QCF4GZN8TD,T1,0.5125250983831585,0.14442327595788332,0.3430516256589583,insufficient_evidence,random_forest
CAN-O523BGV6IR,T1,0.16492302463129443,0.45693926796620365,0.37813770740250197,review_not_warranted,random_forest
CAN-JUR9CRBOBB,T1,0.2202730583269733,0.2941198606998772,0.48560708097314953,insufficient_evidence,random_forest
CAN-1EJVSHCWNY,T1,0.26807902872539213,0.3728101597586148,0.3591108115159931,review_not_warranted,random_forest
CAN-NLM2FQOWDX,T1,0.22046401188204767,0.31750690741941673,0.4620290806985355,insufficient_evidence,random_forest
CAN-2B1096MPJS,T1,0.5245592480352003,0.13603058721417213,0.33941016475062774,review_warranted,random_forest
CAN-046H2OTGZ2,T1,0.2740238577802934,0.25853715872763144,0.4674389834920752,review_warranted,random_forest
CAN-M8GSUMHUBV,T1,0.25823426572458963,0.34322911964390906,0.39853661463150125,review_not_warranted,random_forest
CAN-BENX1VQFJF,T1,0.2824996700391859,0.2876281823549281,0.42987214760588605,review_warranted,random_forest
CAN-MG8XYRNB7R,T1,0.4985159565130704,0.24214486261275298,0.2593391808741766,insufficient_evidence,random_forest
CAN-N4QFJS875I,T1,0.43347446099908016,0.2673397544020538,0.29918578459886597,insufficient_evidence,random_forest
CAN-4T5MQ6DTMK,T1,0.494737190469795,0.17360055569138222,0.3316622538388228,review_not_warranted,random_forest
CAN-Z33ALI17FK,T1,0.12653290531096437,0.4998148762575104,0.3736522184315252,review_not_warranted,random_forest
CAN-SR7RMC873R,T1,0.15090938106090482,0.3083015370525302,0.5407890818865649,review_not_warranted,random_forest
CAN-ZSGTTG0DNE,T1,0.3656445364553553,0.32928417388090336,0.30507128966374125,review_not_warranted,random_forest
CAN-DZXEHKO5JZ,T1,0.20636172127713656,0.4201633629341481,0.3734749157887154,review_not_warranted,random_forest
CAN-531EC6XM0A,T1,0.19289456621324533,0.44682353849764594,0.3602818952891087,review_not_warranted,random_forest
CAN-STFR13OJLS,T1,0.6635705523952921,0.13191019678131324,0.20451925082339475,review_not_warranted,random_forest
CAN-I25Z744R3A,T1,0.1652083419133802,0.45861609804632086,0.376175560040299,review_not_warranted,random_forest
CAN-7UQ40SSRBR,T1,0.18230122278159772,0.34101549859399255,0.4766832786244097,review_not_warranted,random_forest
CAN-UVG366PFKZ,T1,0.2847882648856779,0.24887061976202257,0.4663411153522996,review_not_warranted,random_forest
CAN-VDBBB1U640,T1,0.1543504368150457,0.45940230273616744,0.3862472604487869,insufficient_evidence,random_forest
CAN-Y1ONULRYLB,T1,0.25466692410171593,0.42399888851372963,0.3213341873845544,insufficient_evidence,random_forest
CAN-QQXBJU6M6L,T1,0.5027624155055455,0.25851336139532427,0.23872422309913027,insufficient_evidence,random_forest
CAN-3D99WGLA9F,T1,0.18363874023030388,0.3812528606502251,0.43510839911947097,insufficient_evidence,random_forest
CAN-RAC3AUDPMW,T1,0.4195049252169945,0.2031444631428268,0.37735061164017863,review_not_warranted,random_forest
CAN-MSNJEAB1GA,T1,0.6325230049244058,0.11726036175694116,0.2502166333186531,review_warranted,random_forest
CAN-R3PHPYEEK1,T1,0.3401804203413143,0.40321008899741007,0.2566094906612757,review_warranted,random_forest
CAN-4491B2CKSM,T1,0.09782935721288542,0.49101859316427127,0.4111520496228434,review_not_warranted,random_forest
CAN-QCQLTNKON8,T1,0.10774673640269718,0.6696250093737643,0.22262825422353846,review_not_warranted,random_forest
CAN-YGWAL6CGCM,T1,0.551779677851668,0.20512014771957446,0.24310017442875756,review_warranted,random_forest
CAN-I0MWENXOTY,T1,0.2937839701189851,0.3104653656741774,0.3957506642068375,review_not_warranted,random_forest
CAN-ZKFSI428I3,T1,0.5545859270218315,0.1202135228842757,0.32520055009389276,review_warranted,random_forest
CAN-CE82WSAY7G,T1,0.5039981753464317,0.26626988266134316,0.22973194199222527,review_warranted,random_forest
CAN-VT4PWKOXUS,T1,0.3240007285763995,0.2599910879373616,0.41600818348623886,insufficient_evidence,random_forest
CAN-WMYE9H5KHU,T1,0.12321071908342472,0.498565135034207,0.37822414588236825,insufficient_evidence,random_forest
CAN-G5QOBJADAS,T1,0.1996865162785867,0.41380949832090635,0.38650398540050707,insufficient_evidence,random_forest
CAN-4HICC8FK63,T1,0.18894662166741255,0.4720545553405423,0.33899882299204515,insufficient_evidence,random_forest
CAN-EY5UH24ZIZ,T1,0.42716284785381087,0.18045115139368365,0.39238600075250546,review_warranted,random_forest
CAN-UOZRL1V8KU,T1,0.11434433907583726,0.39573706211837084,0.4899185988057919,review_warranted,random_forest
CAN-BDFTFJSJN7,T1,0.13512801463596483,0.578570310438053,0.2863016749259822,insufficient_evidence,random_forest
CAN-2OHE79VIFA,T1,0.4280290620051286,0.1874654842971709,0.3845054536977006,review_not_warranted,random_forest
CAN-Z7ABOKWLUW,T1,0.10104765226354236,0.5606729059482456,0.338279441788212,review_not_warranted,random_forest
CAN-MMXHM6U1Q3,T1,0.14387155718798436,0.5960791181012716,0.26004932471074405,review_not_warranted,random_forest
CAN-VY0CLY1UJZ,T1,0.2202147292280239,0.489957122271888,0.2898281485000882,insufficient_evidence,random_forest
CAN-N2OQ035YY8,T1,0.17111545959749752,0.3562488728646277,0.4726356675378747,insufficient_evidence,random_forest
CAN-682VA03Y7M,T1,0.15228629890238637,0.553844916532325,0.29386878456528853,review_not_warranted,random_forest
CAN-R86U0E2XY5,T1,0.13844267552280198,0.5353332753095206,0.32622404916767755,review_not_warranted,random_forest
CAN-ZQ0GWKIZ51,T1,0.5725330634713078,0.13596622446120923,0.29150071206748296,review_warranted,random_forest
CAN-A6ETMQZT3D,T1,0.26735064347781917,0.4174250458266544,0.3152243106955264,review_not_warranted,random_forest
CAN-W41T8OR50L,T1,0.6184291561785873,0.18740411271697893,0.1941667311044338,review_warranted,random_forest
CAN-KMB5GTBPM9,T1,0.2037985442055776,0.42941533748408783,0.36678611831033464,insufficient_evidence,random_forest
CAN-Z38H9W4ZGC,T1,0.158125751217448,0.624162956682724,0.21771129209982804,review_not_warranted,random_forest
CAN-XY38I4LIXQ,T1,0.11331531301979925,0.5028813535963376,0.38380333338386324,review_not_warranted,random_forest
CAN-UC0X4CF5YC,T1,0.2703897550302243,0.3880264151475927,0.341583829822183,insufficient_evidence,random_forest
CAN-8MG3KHERI3,T1,0.32176226407754194,0.2997382780564962,0.37849945786596184,review_warranted,random_forest
CAN-82A1AW528U,T1,0.1459424333027669,0.3012644360745332,0.5527931306227,review_not_warranted,random_forest
CAN-MYFWBL13VE,T1,0.3347948288199865,0.2261089315742209,0.43909623960579264,insufficient_evidence,random_forest
CAN-SXC7CQRKWL,T1,0.20023696007766734,0.5586807659599371,0.2410822739623955,insufficient_evidence,random_forest
CAN-4SMT2ZQ2JW,T1,0.22397006361052335,0.38922287818073587,0.38680705820874073,review_not_warranted,random_forest
CAN-F0PK9CCT7U,T1,0.24439425153433492,0.40613894352053687,0.3494668049451282,review_warranted,random_forest
CAN-18HFR7ZPQ5,T1,0.23841144388890714,0.4284286627381997,0.33315989337289326,insufficient_evidence,random_forest
CAN-TT3YS2Q6D9,T1,0.2949752017190731,0.2629742526219818,0.4420505456589451,insufficient_evidence,random_forest
CAN-N457EOO43R,T1,0.46834692460022326,0.25988715159152276,0.2717659238082539,review_warranted,random_forest
CAN-JE4XWOKZY7,T1,0.15721409867329683,0.4801521782845109,0.3626337230421923,review_warranted,random_forest
CAN-P2BMVSIWSO,T1,0.1753613153512606,0.31734844506027826,0.5072902395884611,insufficient_evidence,random_forest
CAN-WSZ2K6LRDA,T1,0.3475231095529384,0.3449789801283548,0.3074979103187067,review_warranted,random_forest
CAN-LPTV3L15GI,T1,0.42697541573268283,0.1596784539114506,0.4133461303558667,review_warranted,random_forest
CAN-HJSKW8DII3,T1,0.18084070381086556,0.40796815679857984,0.4111911393905547,insufficient_evidence,random_forest
CAN-TEZC5LDGEW,T1,0.21269231965486848,0.4773381595928204,0.30996952075231116,review_not_warranted,random_forest
CAN-BA2J2OCZ4N,T1,0.17090106290954726,0.3837081973764126,0.44539073971404014,insufficient_evidence,random_forest
CAN-ZMVKC63G2A,T1,0.1043862582785754,0.5559146611670833,0.3396990805543414,insufficient_evidence,random_forest
CAN-K7S70RXAMG,T1,0.40644972539528573,0.291909504667808,0.3016407699369062,insufficient_evidence,random_forest
CAN-OAOG54YAZO,T1,0.3834386029286078,0.31787994152721116,0.298681455544181,review_not_warranted,random_forest
CAN-86YS89WD1X,T1,0.1564726299053947,0.556103662801458,0.2874237072931473,insufficient_evidence,random_forest
CAN-LJAETPGFMO,T1,0.3393300243991884,0.3326224021897021,0.32804757341110946,insufficient_evidence,random_forest
CAN-KNFI1QC8WD,T1,0.42478193855752117,0.2907544086653071,0.2844636527771717,review_warranted,random_forest
CAN-ZSJALHV9SZ,T1,0.2972504063393381,0.3136538433653938,0.38909575029526816,insufficient_evidence,random_forest
CAN-UIDCKJCDCX,T1,0.18721615691519367,0.5137303459332442,0.2990534971515621,insufficient_evidence,random_forest
CAN-MDT600E24L,T1,0.33949713322462066,0.33468072226690815,0.32582214450847113,review_warranted,random_forest
CAN-J4H3HYSW7L,T1,0.19903816208564737,0.3721996772879679,0.4287621606263848,insufficient_evidence,random_forest
CAN-QM71SGDM4I,T1,0.6121282666121961,0.1425829043631295,0.24528882902467444,review_warranted,random_forest
CAN-SC42SBD0LB,T1,0.1550729086903704,0.4716250352971763,0.3733020560124533,review_not_warranted,random_forest
CAN-J2Z8813Q6I,T1,0.19203649730601086,0.4181565852962653,0.3898069173977237,insufficient_evidence,random_forest
CAN-8WZY5EL0GS,T1,0.3890040480059154,0.21345468857809344,0.39754126341599116,review_not_warranted,random_forest
CAN-UC3CXNT45X,T1,0.7055168599431276,0.15530176840769674,0.13918137164917563,insufficient_evidence,random_forest
CAN-OX9BJ0D2O1,T1,0.20608355605409925,0.44992023729937647,0.3439962066465242,insufficient_evidence,random_forest
CAN-CSA9RPF7N0,T1,0.3530242141699866,0.24466033133172163,0.4023154544982917,review_not_warranted,random_forest
CAN-GAZ28IY33B,T1,0.48303494914095835,0.15865911563468918,0.35830593522435245,insufficient_evidence,random_forest
CAN-JEIC06XTOM,T1,0.5798859083275969,0.16806339146575058,0.2520507002066526,review_not_warranted,random_forest
CAN-WAM0MZEWD7,T1,0.3563440188860809,0.31940537390766793,0.3242506072062512,insufficient_evidence,random_forest
CAN-90NXQQ43RV,T1,0.11788547819837897,0.5001743340319249,0.3819401877696962,review_not_warranted,random_forest
CAN-U9XCTU7C4F,T1,0.1033944739877814,0.6091382295261876,0.28746729648603114,insufficient_evidence,random_forest
CAN-3V8APYMFFU,T1,0.14605603688010843,0.580715915918315,0.2732280472015766,review_not_warranted,random_forest
CAN-4FO38FPD7B,T1,0.21484850327593336,0.3760867180218144,0.4090647787022523,review_not_warranted,random_forest
CAN-LQTYLY754O,T1,0.35972812256441816,0.21922696640751477,0.4210449110280671,review_warranted,random_forest
CAN-Y1NS971FST,T1,0.5573556092328884,0.1518824026778209,0.2907619880892907,review_warranted,random_forest
CAN-1WB2NA52JZ,T1,0.3846761241160274,0.31695667102662767,0.29836720485734497,insufficient_evidence,random_forest
CAN-GPXG19LRNA,T1,0.21697895496645106,0.45948177703272014,0.3235392680008289,review_not_warranted,random_forest
CAN-I4N8CBG88Z,T1,0.47411107001239655,0.1857073611342321,0.3401815688533713,review_warranted,random_forest
CAN-RG84ONNZ7C,T1,0.5956753151830657,0.18097613028511006,0.22334855453182423,review_warranted,random_forest
CAN-1NEQLC2YWG,T1,0.4557039550682436,0.23738701093800474,0.30690903399375163,insufficient_evidence,random_forest
CAN-4QS9RM4XLH,T1,0.34746393893532174,0.26228469541077276,0.3902513656539055,review_warranted,random_forest
CAN-CJN0H4XCFS,T1,0.29518266928729503,0.3813666936079209,0.323450637104784,insufficient_evidence,random_forest
CAN-P4RVWAG757,T1,0.3110273409056847,0.2773747267896487,0.41159793230466657,insufficient_evidence,random_forest
CAN-ERSOR4K7QJ,T1,0.44171625511321116,0.2624856492637666,0.2957980956230221,insufficient_evidence,random_forest
CAN-RXMWDVU7JD,T1,0.4779638235040241,0.17991205773530777,0.34212411876066806,review_warranted,random_forest
CAN-7HQWF459VW,T1,0.2881981066469096,0.3784177878590687,0.3333841054940217,review_not_warranted,random_forest
CAN-ME2Q23NS0G,T1,0.6273742563494528,0.19440306081586645,0.17822268283468082,review_warranted,random_forest
CAN-W1O813CX74,T1,0.16173861665900563,0.38548256574111944,0.45277881759987487,review_not_warranted,random_forest
CAN-3JG44NWV2W,T1,0.40235651644951725,0.2682191985257064,0.32942428502477633,insufficient_evidence,random_forest
CAN-R3FQ58SFFS,T1,0.23202076005153274,0.457902309832859,0.3100769301156083,review_not_warranted,random_forest
CAN-H3DK4NU2ZJ,T1,0.5751551916126156,0.13406343899871775,0.2907813693886666,review_not_warranted,random_forest
CAN-5D0G3VUQUU,T1,0.21800984865034922,0.45107329983377853,0.3309168515158723,insufficient_evidence,random_forest
CAN-ZG2995G25E,T1,0.21048087418913197,0.4727129075366921,0.316806218274176,review_not_warranted,random_forest
CAN-Y746C1F209,T1,0.17387771039699432,0.47208576167984945,0.35403652792315626,review_warranted,random_forest
CAN-XFRLQDC4M8,T1,0.22074448635672064,0.2801002052640037,0.49915530837927574,insufficient_evidence,random_forest
CAN-QA6NLD1VOR,T1,0.09424442124154572,0.7089708420529852,0.19678473670546898,review_not_warranted,random_forest
CAN-WMUAXBCUOI,T1,0.41702309469216864,0.214068051834558,0.3689088534732734,review_not_warranted,random_forest
CAN-H08YS9RB2I,T1,0.3173834150366434,0.33379917252939545,0.34881741243396125,review_warranted,random_forest
CAN-V2L4EF4KSE,T1,0.26354560602377347,0.410306657188808,0.3261477367874186,insufficient_evidence,random_forest
CAN-4BW4AXV2DW,T1,0.46918523789252303,0.24233537391017593,0.288479388197301,review_warranted,random_forest
CAN-DMAU8U15C2,T1,0.1365759366943982,0.5200049501850652,0.34341911312053663,review_not_warranted,random_forest
CAN-2LQVYTP1NE,T1,0.2912022614843188,0.31745999308968753,0.39133774542599364,review_not_warranted,random_forest
CAN-4CFU2SAM9A,T1,0.3828227624632056,0.26185734700502233,0.35531989053177204,insufficient_evidence,random_forest
CAN-J4XWX7ACSW,T1,0.18184524125194376,0.5309906290883892,0.2871641296596671,review_not_warranted,random_forest
CAN-DQTR43KXGL,T1,0.14348969569227493,0.5915210317040126,0.26498927260371247,review_not_warranted,random_forest
CAN-OKRGM086UH,T1,0.4184022885121244,0.20701486589070875,0.37458284559716687,insufficient_evidence,random_forest
CAN-5J9D6PMOG7,T1,0.1471681056205022,0.4345634831646976,0.41826841121480024,review_not_warranted,random_forest
CAN-NS2I9QFL3T,T1,0.33226586452610535,0.3016336961423748,0.3661004393315199,insufficient_evidence,random_forest
CAN-GYB9DQNAPG,T1,0.13419154517931933,0.4756085338130303,0.3901999210076504,review_not_warranted,random_forest
CAN-I3PAG0MQ4S,T1,0.19582819979424196,0.4250783199191144,0.3790934802866438,insufficient_evidence,random_forest
CAN-P69V1TRALB,T1,0.3208694548035408,0.3644183760125172,0.31471216918394185,insufficient_evidence,random_forest
CAN-6E9YCRS9LL,T1,0.1288695250770314,0.4894422355520508,0.38168823937091784,insufficient_evidence,random_forest
CAN-7YPZD0CRBH,T1,0.4763989773901945,0.1726397011585378,0.3509613214512677,review_warranted,random_forest
CAN-YM0I69QM0I,T1,0.2176806409219955,0.32188492384767753,0.460434435230327,review_not_warranted,random_forest
CAN-WP2EAZABSX,T1,0.36631208446625596,0.2932805695382344,0.3404073459955097,insufficient_evidence,random_forest
CAN-VRIHDH9JWE,T1,0.2082400320542835,0.32378676317451444,0.467973204771202,insufficient_evidence,random_forest
CAN-IA8U1DVUO4,T1,0.26539597033983453,0.3410982267141227,0.3935058029460427,review_not_warranted,random_forest
CAN-TOCVLBL1FO,T1,0.6049827885520092,0.15590841681805606,0.23910879462993484,review_warranted,random_forest
CAN-YP40LZV7HG,T1,0.6493381583426099,0.138445431871709,0.21221640978568107,insufficient_evidence,random_forest
CAN-XM0NTONS8I,T1,0.22918763717179602,0.3050073240800373,0.46580503874816676,review_not_warranted,random_forest
CAN-LO4SALY31V,T1,0.48612247437985534,0.18068854132605885,0.33318898429408583,insufficient_evidence,random_forest
CAN-UXJU0P1A4M,T1,0.2731192326274172,0.25624783874500945,0.4706329286275734,insufficient_evidence,random_forest
CAN-MFQ4GY8XPH,T1,0.20129446599101958,0.3963829731881939,0.40232256082078643,review_not_warranted,random_forest
CAN-TSX3YOZ6OH,T1,0.2929735775348835,0.3519400355638445,0.355086386901272,review_not_warranted,random_forest
CAN-RH7J269JWB,T1,0.3283596421114177,0.38699130992182507,0.2846490479667572,review_warranted,random_forest
CAN-MFBV0FQM3G,T1,0.12187889353940715,0.5137068411506159,0.36441426530997695,review_not_warranted,random_forest
CAN-J36EAQ6YIB,T1,0.17880618831019168,0.481613280417505,0.3395805312723033,review_not_warranted,random_forest
CAN-Y8KKG8V4R5,T1,0.5542975035645887,0.20156442712878034,0.24413806930663096,review_warranted,random_forest
CAN-JH3BMQ4XC7,T1,0.17170038483089942,0.4811492782710455,0.347150336898055,review_not_warranted,random_forest
CAN-WNGDAMUN3D,T1,0.30187067818091873,0.38176359632177576,0.3163657254973056,insufficient_evidence,random_forest
CAN-OQIKHLUC4W,T1,0.3111561388072587,0.3328672450647303,0.35597661612801096,insufficient_evidence,random_forest
CAN-B8OEQZRDZO,T1,0.22010773907723497,0.3990837811214987,0.38080847980126636,insufficient_evidence,random_forest
CAN-GS1ASP5I7M,T1,0.4125525979938613,0.26664418274460766,0.3208032192615312,review_warranted,random_forest
CAN-SIIOAIPEG6,T1,0.4122987942799252,0.21688094107462613,0.3708202646454487,review_warranted,random_forest
CAN-OHKKF3MKJ3,T1,0.34742607177235907,0.2943393709167393,0.3582345573109016,review_warranted,random_forest
CAN-BDWF22CYUA,T1,0.11445246044945347,0.5990529439102098,0.28649459564033675,insufficient_evidence,random_forest
CAN-JUDHP15RCW,T1,0.08963738996962979,0.5770718839537402,0.3332907260766301,review_not_warranted,random_forest
CAN-3H2ZQ20HYA,T1,0.15730683864068237,0.5310233824003225,0.3116697789589951,insufficient_evidence,random_forest
CAN-9Y4E8DVX0U,T1,0.6023252276801185,0.16984446603725994,0.22783030628262146,review_warranted,random_forest
CAN-56NGPDUGKO,T1,0.40509661822903126,0.1931650826483467,0.4017382991226221,insufficient_evidence,random_forest
CAN-HNHZKKFNLR,T1,0.10794457507201752,0.6764700877857616,0.215585337142221,insufficient_evidence,random_forest
CAN-3L9PECKRSW,T1,0.474622955182124,0.17151491355606727,0.3538621312618087,review_warranted,random_forest
CAN-30WX81N4ES,T1,0.2690868777521704,0.351428644975389,0.3794844772724406,review_warranted,random_forest
CAN-UQQIYRW0PD,T1,0.5665313672968605,0.1555402741828389,0.27792835852030073,review_warranted,random_forest
CAN-V9M5ANAVAQ,T1,0.35836902289602907,0.26524820352432316,0.37638277357964783,review_not_warranted,random_forest
CAN-ZT3OGP0JXS,T1,0.09250664471175309,0.5734548319772564,0.33403852331099043,review_not_warranted,random_forest
CAN-VHIJVPARK8,T1,0.5397919037040314,0.16176957580238338,0.29843852049358527,review_warranted,random_forest
CAN-FVPXP9IPUU,T1,0.4239859692086551,0.2335078233802322,0.34250620741111265,review_not_warranted,random_forest
CAN-6EP6GXXTK9,T1,0.11745323555172148,0.5585987409817431,0.3239480234665354,review_not_warranted,random_forest
CAN-JR75FSAO9V,T1,0.16380926724780268,0.5348700510136681,0.3013206817385292,review_not_warranted,random_forest
CAN-07K7VDEEMK,T1,0.490053095415411,0.1779372001121827,0.3320097044724063,review_warranted,random_forest
CAN-X83JEQTGZH,T1,0.38473832844999023,0.24786334241616256,0.36739832913384723,review_warranted,random_forest
CAN-CM7DYFBA7J,T1,0.4454421274211304,0.3016872343707723,0.25287063820809746,insufficient_evidence,random_forest
CAN-5N3RUX7YHN,T1,0.1781670082795422,0.5131898878395834,0.3086431038808745,review_warranted,random_forest
CAN-R18R0Y2KT1,T1,0.3843242317054501,0.32934770041256917,0.2863280678819807,insufficient_evidence,random_forest
CAN-MKP2V46UCL,T1,0.46302791261436194,0.22670419301809297,0.31026789436754515,review_warranted,random_forest
CAN-AUHE529DEL,T1,0.23851554001491734,0.46440064486224697,0.29708381512283577,insufficient_evidence,random_forest
CAN-RB7I4QYEUI,T1,0.4103676214366888,0.22351065328327477,0.3661217252800364,insufficient_evidence,random_forest
CAN-0R2G3NUIKR,T1,0.5187307492566724,0.19173228821455843,0.28953696252876915,review_warranted,random_forest
CAN-FTE9U57RLP,T1,0.16328610288251688,0.5291408028547816,0.30757309426270146,review_not_warranted,random_forest
CAN-QUQOLS2HT8,T1,0.5247725577209461,0.17770598953117311,0.29752145274788083,review_warranted,random_forest
CAN-J9DW7V0B0M,T1,0.23093387671610552,0.37667453490298564,0.3923915883809089,review_not_warranted,random_forest
CAN-1U7KYCHT04,T1,0.6330766288028642,0.1029158269857812,0.2640075442113547,insufficient_evidence,random_forest
CAN-8IVXRT38AV,T1,0.3908976053008836,0.2601176198832026,0.34898477481591395,review_warranted,random_forest
CAN-8S6ARU7BKP,T1,0.5925208811952062,0.14409105989062318,0.26338805891417066,review_warranted,random_forest
CAN-HA0BA87B8L,T1,0.4124990894205759,0.23737085073960806,0.3501300598398161,review_warranted,random_forest
CAN-0XENT8TOVT,T1,0.1299076184294391,0.5799372381103225,0.2901551434602385,review_not_warranted,random_forest
CAN-W10A9RCR81,T1,0.22617726982390765,0.30125901415008227,0.4725637160260102,insufficient_evidence,random_forest
CAN-DRJR4QD6PK,T1,0.172444830790626,0.45600023074309914,0.37155493846627496,review_not_warranted,random_forest
CAN-L55BKTF9S0,T1,0.3392130172002626,0.28653994330510446,0.37424703949463295,review_not_warranted,random_forest
CAN-D9Y0VJJ6VW,T1,0.3334701891668152,0.23432683164603615,0.4322029791871486,review_warranted,random_forest
CAN-1ZS1BZI6T1,T1,0.21381410263383177,0.41977422889357807,0.3664116684725901,insufficient_evidence,random_forest
CAN-0BEG9SW2FJ,T1,0.10926716495921035,0.630916281877284,0.2598165531635057,review_not_warranted,random_forest
CAN-R59D8GNWOE,T1,0.5748533943870389,0.16548518604668763,0.25966141956627353,review_warranted,random_forest
CAN-RSAGRRSRCU,T1,0.21038511055973394,0.46511298291221864,0.3245019065280475,insufficient_evidence,random_forest
CAN-TLVR8Y2L8B,T1,0.12205503870609612,0.5695272102771536,0.30841775101675034,insufficient_evidence,random_forest
CAN-KBNRY7AM6A,T1,0.6394578375327895,0.13338396249188847,0.22715819997532197,review_warranted,random_forest
CAN-GP3R1BKFVB,T1,0.3381644029857581,0.27286425670650866,0.3889713403077331,review_not_warranted,random_forest
CAN-ZUC41D21E3,T1,0.24985014393934682,0.37460184764333176,0.37554800841732133,review_not_warranted,random_forest
CAN-AX8X8VO9JH,T1,0.1897977317512293,0.34058730154120576,0.46961496670756475,insufficient_evidence,random_forest
CAN-ADOF3P33HR,T1,0.08901678282512496,0.5154394882357185,0.3955437289391566,review_not_warranted,random_forest
CAN-JAC9C5ZY2J,T1,0.21554493553011952,0.3771025453760544,0.407352519093826,review_not_warranted,random_forest
CAN-5EZS1T1ELJ,T1,0.23612713541199154,0.3552740774913812,0.4085987870966272,review_warranted,random_forest
CAN-16LL783QTG,T1,0.20961919533053563,0.44540631952025367,0.34497448514921075,review_not_warranted,random_forest
CAN-VIYZ36BREN,T1,0.3417590117579335,0.24937374728348208,0.40886724095858445,insufficient_evidence,random_forest
CAN-Q0VG7NCDFO,T1,0.6552214259374006,0.15051008154551646,0.1942684925170829,review_warranted,random_forest
CAN-LQYOAEONVO,T1,0.3107699118921617,0.31397779568941936,0.3752522924184189,insufficient_evidence,random_forest
CAN-Q7RFRQTAQZ,T1,0.1909038462584429,0.3448000378131066,0.4642961159284506,insufficient_evidence,random_forest
CAN-LNUVVT5CZH,T1,0.5046620062256808,0.20231861441565285,0.2930193793586663,review_warranted,random_forest
CAN-0ND8K10G3Q,T1,0.2760841407394368,0.3008658240273356,0.42305003523322754,review_not_warranted,random_forest
CAN-2V0D61OSOH,T1,0.2976817120822695,0.32714208910248,0.37517619881525044,review_not_warranted,random_forest
CAN-0EEV2PAF0Q,T1,0.13864953781919714,0.5507254406527743,0.3106250215280286,review_not_warranted,random_forest
CAN-OKX1I6CA68,T1,0.1780190385004211,0.4677214163128332,0.35425954518674574,insufficient_evidence,random_forest
CAN-58JRRKXCV8,T1,0.5881698093446324,0.11823532261769279,0.29359486803767487,insufficient_evidence,random_forest
CAN-Q1G8222TVV,T1,0.2722731293630135,0.2959675183351916,0.431759352301795,review_not_warranted,random_forest
CAN-JMSVBKK42K,T1,0.14289468601215952,0.5122838654020933,0.3448214485857473,insufficient_evidence,random_forest
CAN-O8J5XQ1QHK,T1,0.36024746431026544,0.24403476019769396,0.39571777549204057,review_warranted,random_forest
CAN-6NHOI7HD4X,T1,0.19992575395994694,0.4114660768414807,0.3886081691985725,insufficient_evidence,random_forest
CAN-Z2FMDPQZ6U,T1,0.1306153343181935,0.515284288982765,0.3541003766990416,review_not_warranted,random_forest
CAN-YPY46FBMCC,T1,0.5212458596361486,0.20756318664545317,0.27119095371839835,review_warranted,random_forest
CAN-M6I6ONFLH6,T1,0.19896272257062292,0.4214015024795545,0.3796357749498226,review_warranted,random_forest
CAN-MD6HSPZNPH,T1,0.336736080462446,0.2363753720955399,0.4268885474420141,review_not_warranted,random_forest
CAN-BG2JQTKE9R,T1,0.3399246894484707,0.26438174001790593,0.39569357053362325,insufficient_evidence,random_forest
CAN-NZ60ITUAMZ,T1,0.3617487335965409,0.2561721206927334,0.3820791457107259,review_warranted,random_forest
CAN-3E88BL7X8N,T1,0.3596987522479962,0.3392055520592023,0.3010956956928016,review_warranted,random_forest
CAN-WRYT3JA62H,T1,0.17417509590571303,0.4817898597864747,0.3440350443078123,insufficient_evidence,random_forest
CAN-UC1GUSFB8Y,T1,0.41058166231758825,0.2715121899518912,0.31790614773052067,insufficient_evidence,random_forest
CAN-KAEH77AZL2,T1,0.24042421348581142,0.39971559140604523,0.3598601951081433,review_not_warranted,random_forest
CAN-NJIWES3CMC,T1,0.15171789593250642,0.5298037398439417,0.31847836422355197,review_not_warranted,random_forest
CAN-OV2OP0BPC2,T1,0.4249646800278926,0.2580906622145891,0.3169446577575183,insufficient_evidence,random_forest
CAN-8BR6ZCR6C5,T1,0.2981873461768384,0.39783632240839456,0.30397633141476704,review_not_warranted,random_forest
CAN-M5PX3JZR1B,T1,0.28028959257912084,0.2951549362953142,0.4245554711255651,review_warranted,random_forest
CAN-WQQAVM6KJ0,T1,0.4786639180854202,0.2380209533599362,0.2833151285546435,insufficient_evidence,random_forest
CAN-GXTMUF9MJ2,T1,0.1730030697750364,0.3368508573242131,0.4901460729007506,review_not_warranted,random_forest
CAN-X66G0DQZY1,T1,0.20083448236664156,0.44492818867615114,0.35423732895720733,review_not_warranted,random_forest
CAN-8G6HTDW3TS,T1,0.10242111736996566,0.554182930796828,0.3433959518332062,review_not_warranted,random_forest
CAN-IX71UNKLCC,T1,0.19575194211794103,0.5069553575862781,0.297292700295781,review_not_warranted,random_forest
CAN-BQ2E1CA8JA,T1,0.2235142594375942,0.4883596193606716,0.28812612120173425,review_not_warranted,random_forest
CAN-C6JQXV1H28,T1,0.32015700191234037,0.2892040502800427,0.390638947807617,review_not_warranted,random_forest
CAN-7Z4I6X76ZY,T1,0.24197207808485346,0.46822593105081367,0.28980199086433295,insufficient_evidence,random_forest
CAN-4DQEX1DFLP,T1,0.14031152314923429,0.6182214200927827,0.241467056757983,review_not_warranted,random_forest
CAN-GTRZMV90GK,T1,0.30271215438076454,0.24732462322484136,0.44996322239439407,insufficient_evidence,random_forest
CAN-28HOG1H1PI,T1,0.5403772796913967,0.2325005627563617,0.22712215755224163,review_warranted,random_forest
CAN-8467CAI41V,T1,0.48240126222273916,0.2984622154450466,0.21913652233221426,review_warranted,random_forest
CAN-A8RUHP98S6,T1,0.3540659713501441,0.29296192035878865,0.3529721082910672,insufficient_evidence,random_forest
CAN-6FIO389AU7,T1,0.21622541350965646,0.37392525368713847,0.40984933280320507,review_warranted,random_forest
CAN-GRA38D14NY,T1,0.5325337574896303,0.18541605083373736,0.2820501916766323,review_warranted,random_forest
CAN-TK9TB1S19Y,T1,0.1873835838384078,0.41743485275228676,0.3951815634093055,review_warranted,random_forest
CAN-6045ADGW9W,T1,0.0645124798408295,0.5839281958409626,0.35155932431820797,review_not_warranted,random_forest
CAN-YVRMB50LXO,T1,0.1061220324371049,0.6266318395163679,0.2672461280465272,review_not_warranted,random_forest
CAN-VJ1ATXQ4KR,T1,0.23895851502740498,0.21952525000372852,0.5415162349688666,review_not_warranted,random_forest
CAN-693NHGTCCO,T1,0.47360819330924075,0.28193605307536784,0.24445575361539146,review_warranted,random_forest
CAN-QZE5QAIJ2T,T1,0.5753564810649907,0.14463799461295904,0.28000552432205017,review_warranted,random_forest
CAN-VB1685ICUZ,T1,0.1727562529287696,0.41093075613671604,0.4163129909345144,review_not_warranted,random_forest
CAN-VNPISGXD4Q,T1,0.2948792464930168,0.3303999517930346,0.37472080171394867,insufficient_evidence,random_forest
CAN-E2FZJZ8WLH,T1,0.1965481490567325,0.3858875729673196,0.41756427797594803,review_not_warranted,random_forest
CAN-LEJZ8XH8YE,T1,0.1651363685375514,0.4268232300561263,0.4080404014063223,insufficient_evidence,random_forest
CAN-SHRRQNVCIC,T1,0.15323239090517765,0.5048689561780234,0.3418986529167989,review_not_warranted,random_forest
CAN-8LF2PPDABK,T1,0.4684508550724336,0.23197650464232672,0.29957264028523967,insufficient_evidence,random_forest
CAN-ZWF0AYKB18,T1,0.20839844024125312,0.3725067801999735,0.41909477955877333,review_warranted,random_forest
CAN-HC7VWRKBC4,T1,0.19229533339647087,0.5543759004410441,0.2533287661624851,insufficient_evidence,random_forest
CAN-6O36VBSAI9,T1,0.26785345634489827,0.36220453244090717,0.3699420112141946,insufficient_evidence,random_forest
CAN-4EK13UOVMH,T1,0.4664049832931394,0.1928344971947543,0.34076051951210634,review_warranted,random_forest
CAN-4JML2H5550,T1,0.4723216792267453,0.24872204485418534,0.27895627591906946,review_not_warranted,random_forest
CAN-W803WTVEJV,T1,0.13457018955730152,0.5376901447723917,0.32773966567030677,review_not_warranted,random_forest
CAN-1JQKMVCC0E,T1,0.6036766829725551,0.13130350031765553,0.26501981670978936,review_warranted,random_forest
CAN-PFB5DKD37Z,T1,0.28041877328700576,0.3414447956828566,0.37813643103013755,review_warranted,random_forest
CAN-JS0TD7RAVV,T1,0.19344390668271125,0.4209227717057719,0.3856333216115167,review_warranted,random_forest
CAN-6N8NUY6QNZ,T1,0.26313720253517964,0.35713393887759437,0.379728858587226,review_not_warranted,random_forest
CAN-3W1WRGSSBR,T1,0.4841527026534328,0.17720956999789292,0.33863772734867426,insufficient_evidence,random_forest
CAN-RLFHYDAOTO,T1,0.5014278277347999,0.22904858935070666,0.2695235829144935,insufficient_evidence,random_forest
CAN-USBPGXP3DA,T1,0.22240213151104357,0.5232033525905977,0.25439451589835876,insufficient_evidence,random_forest
CAN-F640D3DCIR,T1,0.3003032966285778,0.2564309899982016,0.4432657133732207,review_warranted,random_forest
CAN-J538MFH2RZ,T1,0.1511469141152599,0.5084525369778298,0.3404005489069103,review_warranted,random_forest
CAN-T3BSOKDD2P,T1,0.46467003499828097,0.19693856342184818,0.33839140157987074,review_warranted,random_forest
CAN-1UXZVZSG4A,T1,0.17990166776188354,0.49270169621718507,0.3273966360209314,review_not_warranted,random_forest
CAN-QU6MD5TN0F,T1,0.20951804032407934,0.3961544999567048,0.3943274597192158,insufficient_evidence,random_forest
CAN-H2TOKOI56S,T1,0.25893913035285154,0.375991031607467,0.36506983803968146,insufficient_evidence,random_forest
CAN-ARNXXD7017,T1,0.18604885405783206,0.4498513930851626,0.3640997528570054,review_warranted,random_forest
CAN-BT0Y88Z5VY,T1,0.25498329695592076,0.42045692034572263,0.3245597826983566,review_warranted,random_forest
CAN-20LP6R01W2,T1,0.5287370015830111,0.1532589979746789,0.3180040004423101,review_warranted,random_forest
CAN-GT29QK48ZR,T1,0.500227972342771,0.18472726192926947,0.31504476572795953,review_warranted,random_forest
CAN-JTU00IS95H,T1,0.5454148485913959,0.14699047769762535,0.30759467371097876,review_warranted,random_forest
CAN-KLQH9G2XAA,T1,0.21573780028906672,0.4125505540341922,0.37171164567674103,review_not_warranted,random_forest
CAN-1X36MKKDTS,T1,0.14271593276003022,0.5007355254859951,0.3565485417539748,review_not_warranted,random_forest
CAN-DANXMJUTSN,T1,0.18775926025112627,0.35875073356812764,0.45349000618074603,insufficient_evidence,random_forest
CAN-L16ZDGA6KP,T1,0.5383756458577057,0.1643909128358503,0.29723344130644413,review_warranted,random_forest
CAN-ICKK4E813F,T1,0.16716135446903815,0.6088121233931586,0.2240265221378033,review_not_warranted,random_forest
CAN-BQA0QBKTW1,T1,0.20324175346832504,0.5383060726352942,0.2584521738963807,insufficient_evidence,random_forest
CAN-PBRR29HATJ,T1,0.32172397211359477,0.33176605571878126,0.3465099721676241,review_not_warranted,random_forest
CAN-RWVLQ6JSLV,T1,0.2734261094877605,0.3550081206157913,0.37156576989644813,review_not_warranted,random_forest
CAN-D0A5SDWYO9,T1,0.6201404839874967,0.15012405728299993,0.22973545872950346,review_not_warranted,random_forest
CAN-LAAZKJS0G8,T1,0.4958600998970174,0.1937843753686571,0.3103555247343256,insufficient_evidence,random_forest
CAN-9UF00BV0SU,T1,0.15827752287436672,0.5358831398399069,0.3058393372857263,review_not_warranted,random_forest
CAN-P049Y8KP5Z,T1,0.16937119207272605,0.5176897644163055,0.3129390435109684,review_warranted,random_forest
CAN-B0FYO3ENSX,T1,0.37307013337046646,0.28914583039068675,0.3377840362388468,review_warranted,random_forest
CAN-2MPIJSE7PT,T1,0.3767239583313253,0.28029147775956553,0.34298456390910914,review_warranted,random_forest
CAN-6ULFMKJ73X,T1,0.5496940373137638,0.1870675903547845,0.26323837233145175,review_warranted,random_forest
CAN-QCF4GZN8TD,T0,0.333039699484378,0.19222075613894804,0.474739544376674,insufficient_evidence,random_forest_sigmoid
CAN-O523BGV6IR,T0,0.24262673017832068,0.33259059247879846,0.4247826773428809,insufficient_evidence,random_forest_sigmoid
CAN-JUR9CRBOBB,T0,0.14779704730620566,0.4427728736670245,0.4094300790267698,insufficient_evidence,random_forest_sigmoid
CAN-1EJVSHCWNY,T0,0.1141583563533672,0.44280504206907795,0.44303660157755487,review_not_warranted,random_forest_sigmoid
CAN-NLM2FQOWDX,T0,0.07047552859628285,0.47913079190438124,0.4503936794993359,insufficient_evidence,random_forest_sigmoid
CAN-2B1096MPJS,T0,0.45458455020976857,0.18313470707514434,0.3622807427150871,review_warranted,random_forest_sigmoid
CAN-046H2OTGZ2,T0,0.2638000736540416,0.19949743136036616,0.5367024949855923,review_warranted,random_forest_sigmoid
CAN-M8GSUMHUBV,T0,0.5928542698852145,0.11648615536473204,0.2906595747500535,review_not_warranted,random_forest_sigmoid
CAN-BENX1VQFJF,T0,0.3733658077168416,0.25665642841212405,0.3699777638710344,review_warranted,random_forest_sigmoid
CAN-MG8XYRNB7R,T0,0.5472020632772172,0.1472666358036237,0.30553130091915903,insufficient_evidence,random_forest_sigmoid
CAN-N4QFJS875I,T0,0.5799015725875453,0.12573504192493512,0.29436338548751967,insufficient_evidence,random_forest_sigmoid
CAN-4T5MQ6DTMK,T0,0.30554356449598524,0.15924204517667953,0.5352143903273352,review_not_warranted,random_forest_sigmoid
CAN-Z33ALI17FK,T0,0.059000384734433586,0.5785609005776974,0.3624387146878691,review_not_warranted,random_forest_sigmoid
CAN-SR7RMC873R,T0,0.30183361874649717,0.22513685348289192,0.47302952777061086,insufficient_evidence,random_forest_sigmoid
CAN-ZSGTTG0DNE,T0,0.5517390794696119,0.1540275095609295,0.2942334109694586,review_not_warranted,random_forest_sigmoid
CAN-DZXEHKO5JZ,T0,0.27503801445594334,0.3633612878901265,0.3616006976539302,review_not_warranted,random_forest_sigmoid
CAN-531EC6XM0A,T0,0.0802822109657574,0.5148983156351721,0.4048194733990705,insufficient_evidence,random_forest_sigmoid
CAN-STFR13OJLS,T0,0.5709747578694474,0.10641361345840875,0.32261162867214377,review_not_warranted,random_forest_sigmoid
CAN-I25Z744R3A,T0,0.04544172821359727,0.665875832721583,0.2886824390648198,review_not_warranted,random_forest_sigmoid
CAN-7UQ40SSRBR,T0,0.0784161942580811,0.40196666093601047,0.5196171448059084,review_not_warranted,random_forest_sigmoid
CAN-UVG366PFKZ,T0,0.049504381568403366,0.6917995075152182,0.2586961109163784,review_not_warranted,random_forest_sigmoid
CAN-VDBBB1U640,T0,0.09572664916187645,0.5092587076843104,0.39501464315381324,insufficient_evidence,random_forest_sigmoid
CAN-Y1ONULRYLB,T0,0.583389053710955,0.16750101577529997,0.24910993051374514,review_warranted,random_forest_sigmoid
CAN-QQXBJU6M6L,T0,0.6743687291194884,0.08461703842128304,0.24101423245922862,insufficient_evidence,random_forest_sigmoid
CAN-3D99WGLA9F,T0,0.15772560304531075,0.3190794330503495,0.5231949639043398,review_warranted,random_forest_sigmoid
CAN-RAC3AUDPMW,T0,0.07899981210142161,0.6509563411458504,0.2700438467527279,review_not_warranted,random_forest_sigmoid
CAN-MSNJEAB1GA,T0,0.5601165048990709,0.15418483111081469,0.2856986639901144,review_warranted,random_forest_sigmoid
CAN-R3PHPYEEK1,T0,0.29603951192656225,0.2605711816158047,0.44338930645763314,review_warranted,random_forest_sigmoid
CAN-4491B2CKSM,T0,0.26945552599702954,0.32677042658491096,0.4037740474180595,insufficient_evidence,random_forest_sigmoid
CAN-QCQLTNKON8,T0,0.05838629028847691,0.698757544025289,0.2428561656862341,review_not_warranted,random_forest_sigmoid
CAN-YGWAL6CGCM,T0,0.6808155938572807,0.11313542523634076,0.20604898090637852,review_warranted,random_forest_sigmoid
CAN-I0MWENXOTY,T0,0.08768922603126666,0.5708550606062169,0.3414557133625164,insufficient_evidence,random_forest_sigmoid
CAN-ZKFSI428I3,T0,0.587385431209489,0.1195493589581427,0.29306520983236833,review_warranted,random_forest_sigmoid
CAN-CE82WSAY7G,T0,0.44817184748682,0.2482779729482191,0.3035501795649609,review_warranted,random_forest_sigmoid
CAN-VT4PWKOXUS,T0,0.24316007806745846,0.3518623319280934,0.4049775900044481,insufficient_evidence,random_forest_sigmoid
CAN-WMYE9H5KHU,T0,0.14058658571689997,0.4443257248220209,0.41508768946107916,insufficient_evidence,random_forest_sigmoid
CAN-G5QOBJADAS,T0,0.08091256368606166,0.6186622315391241,0.30042520477481427,insufficient_evidence,random_forest_sigmoid
CAN-4HICC8FK63,T0,0.11766402243495144,0.5586762374576275,0.3236597401074211,review_not_warranted,random_forest_sigmoid
CAN-EY5UH24ZIZ,T0,0.1147296037017092,0.39265672639644095,0.4926136699018498,review_warranted,random_forest_sigmoid
CAN-UOZRL1V8KU,T0,0.2541119450133959,0.3982611095608881,0.347626945425716,insufficient_evidence,random_forest_sigmoid
CAN-BDFTFJSJN7,T0,0.2769501611336593,0.2735502789107216,0.44949955995561913,insufficient_evidence,random_forest_sigmoid
CAN-2OHE79VIFA,T0,0.30707865084137026,0.19278684515625036,0.5001345040023795,review_not_warranted,random_forest_sigmoid
CAN-Z7ABOKWLUW,T0,0.1974374936587941,0.4462369362237067,0.3563255701174991,review_not_warranted,random_forest_sigmoid
CAN-MMXHM6U1Q3,T0,0.061321052046997164,0.6525720620910275,0.28610688586197536,review_not_warranted,random_forest_sigmoid
CAN-VY0CLY1UJZ,T0,0.047631740618709305,0.6864726297626071,0.26589562961868357,review_not_warranted,random_forest_sigmoid
CAN-N2OQ035YY8,T0,0.21273173931262712,0.22168872546997057,0.5655795352174023,insufficient_evidence,random_forest_sigmoid
CAN-682VA03Y7M,T0,0.07293458220026391,0.6923924618453419,0.23467295595439427,review_not_warranted,random_forest_sigmoid
CAN-R86U0E2XY5,T0,0.06016191112698597,0.6442411685080355,0.29559692036497864,insufficient_evidence,random_forest_sigmoid
CAN-ZQ0GWKIZ51,T0,0.4849951067439327,0.15498091033123154,0.36002398292483573,review_warranted,random_forest_sigmoid
CAN-A6ETMQZT3D,T0,0.13459139692237254,0.5616412450947101,0.30376735798291726,insufficient_evidence,random_forest_sigmoid
CAN-W41T8OR50L,T0,0.34712707432433304,0.2627986950680536,0.3900742306076133,review_warranted,random_forest_sigmoid
CAN-KMB5GTBPM9,T0,0.06152092805915871,0.6554633546607963,0.28301571728004493,review_not_warranted,random_forest_sigmoid
CAN-Z38H9W4ZGC,T0,0.08757183648135741,0.6703210084798813,0.24210715503876123,review_not_warranted,random_forest_sigmoid
CAN-XY38I4LIXQ,T0,0.15619115327233005,0.39586711582868306,0.447941730898987,review_not_warranted,random_forest_sigmoid
CAN-UC0X4CF5YC,T0,0.3504597682436068,0.1635906755167932,0.48594955623959996,insufficient_evidence,random_forest_sigmoid
CAN-8MG3KHERI3,T0,0.4102060443433955,0.16910609886380876,0.4206878567927957,review_warranted,random_forest_sigmoid
CAN-82A1AW528U,T0,0.062269099425502676,0.4210812958980903,0.516649604676407,insufficient_evidence,random_forest_sigmoid
CAN-MYFWBL13VE,T0,0.2567064806272175,0.21605281291426195,0.5272407064585205,insufficient_evidence,random_forest_sigmoid
CAN-SXC7CQRKWL,T0,0.062286716499878075,0.6958071841330324,0.2419060993670895,review_not_warranted,random_forest_sigmoid
CAN-4SMT2ZQ2JW,T0,0.35883377405697836,0.22466432617489257,0.41650189976812896,insufficient_evidence,random_forest_sigmoid
CAN-F0PK9CCT7U,T0,0.1825499177436802,0.4479010148941373,0.36954906736218246,insufficient_evidence,random_forest_sigmoid
CAN-18HFR7ZPQ5,T0,0.5338126072264097,0.162336382408284,0.3038510103653063,insufficient_evidence,random_forest_sigmoid
CAN-TT3YS2Q6D9,T0,0.27348737285884167,0.34941490064609765,0.37709772649506074,review_not_warranted,random_forest_sigmoid
CAN-N457EOO43R,T0,0.44928431999020396,0.20049822881248272,0.35021745119731323,insufficient_evidence,random_forest_sigmoid
CAN-JE4XWOKZY7,T0,0.264397329268967,0.24536465210240754,0.4902380186286255,review_warranted,random_forest_sigmoid
CAN-P2BMVSIWSO,T0,0.14233024182601597,0.4687216581745872,0.3889480999993969,insufficient_evidence,random_forest_sigmoid
CAN-WSZ2K6LRDA,T0,0.16974227402242556,0.4019282165266382,0.4283295094509363,review_warranted,random_forest_sigmoid
CAN-LPTV3L15GI,T0,0.6083918188073514,0.08342201061740216,0.3081861705752465,review_warranted,random_forest_sigmoid
CAN-HJSKW8DII3,T0,0.10150768694042718,0.6217791635055775,0.2767131495539953,review_not_warranted,random_forest_sigmoid
CAN-TEZC5LDGEW,T0,0.16242234659050195,0.46847536845317334,0.36910228495632474,review_not_warranted,random_forest_sigmoid
CAN-BA2J2OCZ4N,T0,0.17982629849366152,0.19969190521849836,0.6204817962878401,insufficient_evidence,random_forest_sigmoid
CAN-ZMVKC63G2A,T0,0.16740299761517047,0.2481736564408119,0.5844233459440177,insufficient_evidence,random_forest_sigmoid
CAN-K7S70RXAMG,T0,0.48213103802297325,0.11660154131941854,0.4012674206576083,insufficient_evidence,random_forest_sigmoid
CAN-OAOG54YAZO,T0,0.36949426249775114,0.22324026879152395,0.4072654687107249,review_not_warranted,random_forest_sigmoid
CAN-86YS89WD1X,T0,0.45307947074476845,0.1737335415724983,0.3731869876827334,insufficient_evidence,random_forest_sigmoid
CAN-LJAETPGFMO,T0,0.4967813451246954,0.20420858105451364,0.29901007382079103,insufficient_evidence,random_forest_sigmoid
CAN-KNFI1QC8WD,T0,0.4644957020695423,0.1689986423790334,0.36650565555142434,review_warranted,random_forest_sigmoid
CAN-ZSJALHV9SZ,T0,0.43170376187098397,0.13904957583445712,0.42924666229455893,insufficient_evidence,random_forest_sigmoid
CAN-UIDCKJCDCX,T0,0.25457774018184626,0.1845772741781748,0.560844985639979,insufficient_evidence,random_forest_sigmoid
CAN-MDT600E24L,T0,0.4120325262514098,0.18935713968515958,0.3986103340634306,review_warranted,random_forest_sigmoid
CAN-J4H3HYSW7L,T0,0.1084649405645587,0.6284035565883862,0.26313150284705505,review_not_warranted,random_forest_sigmoid
CAN-QM71SGDM4I,T0,0.5933805355261249,0.10353709395915651,0.3030823705147186,review_warranted,random_forest_sigmoid
CAN-SC42SBD0LB,T0,0.06956430747707802,0.6132835763647598,0.31715211615816213,review_not_warranted,random_forest_sigmoid
CAN-J2Z8813Q6I,T0,0.23023397064028672,0.25944877121877913,0.5103172581409341,insufficient_evidence,random_forest_sigmoid
CAN-8WZY5EL0GS,T0,0.26042893103387454,0.22473197609583803,0.5148390928702875,insufficient_evidence,random_forest_sigmoid
CAN-UC3CXNT45X,T0,0.7123266991455093,0.08267862583048982,0.20499467502400093,review_warranted,random_forest_sigmoid
CAN-OX9BJ0D2O1,T0,0.05414633420648846,0.6961211113953087,0.24973255439820286,insufficient_evidence,random_forest_sigmoid
CAN-CSA9RPF7N0,T0,0.13858953634498183,0.4694905092740334,0.39191995438098465,review_not_warranted,random_forest_sigmoid
CAN-GAZ28IY33B,T0,0.5126794052445166,0.16191999151422662,0.3254006032412568,insufficient_evidence,random_forest_sigmoid
CAN-JEIC06XTOM,T0,0.2140086634273895,0.3963926791345828,0.38959865743802785,review_not_warranted,random_forest_sigmoid
CAN-WAM0MZEWD7,T0,0.492038286869986,0.125430678597196,0.38253103453281806,insufficient_evidence,random_forest_sigmoid
CAN-90NXQQ43RV,T0,0.03104704641549504,0.7521560767939333,0.21679687679057166,review_not_warranted,random_forest_sigmoid
CAN-U9XCTU7C4F,T0,0.039710414943624504,0.7197024142033553,0.24058717085302014,review_not_warranted,random_forest_sigmoid
CAN-3V8APYMFFU,T0,0.05102409247035775,0.6095073267983722,0.33946858073127006,review_not_warranted,random_forest_sigmoid
CAN-4FO38FPD7B,T0,0.15560039639041426,0.4876849783798782,0.35671462522970765,review_not_warranted,random_forest_sigmoid
CAN-LQTYLY754O,T0,0.5104462020746006,0.18796337032046592,0.30159042760493354,insufficient_evidence,random_forest_sigmoid
CAN-Y1NS971FST,T0,0.7300632445104671,0.069545952449257,0.20039080304027596,review_warranted,random_forest_sigmoid
CAN-1WB2NA52JZ,T0,0.2268340116640893,0.4086088192010037,0.36455716913490704,review_not_warranted,random_forest_sigmoid
CAN-GPXG19LRNA,T0,0.2359176922478773,0.29715084515903695,0.46693146259308577,review_not_warranted,random_forest_sigmoid
CAN-I4N8CBG88Z,T0,0.5364778108426135,0.15610503023339126,0.3074171589239953,review_warranted,random_forest_sigmoid
CAN-RG84ONNZ7C,T0,0.6323737422648189,0.10871243478317594,0.2589138229520051,review_warranted,random_forest_sigmoid
CAN-1NEQLC2YWG,T0,0.17791613324044206,0.4778115935540861,0.3442722732054719,insufficient_evidence,random_forest_sigmoid
CAN-4QS9RM4XLH,T0,0.27274043684585897,0.2284204747466195,0.49883908840752156,review_warranted,random_forest_sigmoid
CAN-CJN0H4XCFS,T0,0.3739539915716983,0.32448893122724426,0.30155707720105746,insufficient_evidence,random_forest_sigmoid
CAN-P4RVWAG757,T0,0.17408333607688134,0.20725839486566067,0.618658269057458,insufficient_evidence,random_forest_sigmoid
CAN-ERSOR4K7QJ,T0,0.35532809706903945,0.16686109831446785,0.4778108046164928,insufficient_evidence,random_forest_sigmoid
CAN-RXMWDVU7JD,T0,0.6442756593811059,0.0879331860109848,0.2677911546079093,review_warranted,random_forest_sigmoid
CAN-7HQWF459VW,T0,0.19855393198005947,0.3257683868762801,0.47567768114366044,review_not_warranted,random_forest_sigmoid
CAN-ME2Q23NS0G,T0,0.543839581688632,0.14469965118773215,0.31146076712363585,review_warranted,random_forest_sigmoid
CAN-W1O813CX74,T0,0.20075469511405944,0.18747639264040136,0.6117689122455392,insufficient_evidence,random_forest_sigmoid
CAN-3JG44NWV2W,T0,0.316249194254785,0.3364993775032133,0.34725142824200167,review_warranted,random_forest_sigmoid
CAN-R3FQ58SFFS,T0,0.2333100334500688,0.3121082873721311,0.4545816791778002,review_not_warranted,random_forest_sigmoid
CAN-H3DK4NU2ZJ,T0,0.6558219401575185,0.11176870984664038,0.2324093499958412,insufficient_evidence,random_forest_sigmoid
CAN-5D0G3VUQUU,T0,0.2827881376502315,0.39525425620457466,0.3219576061451938,review_warranted,random_forest_sigmoid
CAN-ZG2995G25E,T0,0.11469613759678195,0.5464343494480374,0.3388695129551806,review_not_warranted,random_forest_sigmoid
CAN-Y746C1F209,T0,0.2023467655521446,0.4383525078902293,0.35930072655762607,review_warranted,random_forest_sigmoid
CAN-XFRLQDC4M8,T0,0.36191803109731446,0.2205214508244125,0.41756051807827294,review_warranted,random_forest_sigmoid
CAN-QA6NLD1VOR,T0,0.05688526869581588,0.6907224859677001,0.252392245336484,review_not_warranted,random_forest_sigmoid
CAN-WMUAXBCUOI,T0,0.14718192302873065,0.49135376273453146,0.36146431423673797,review_not_warranted,random_forest_sigmoid
CAN-H08YS9RB2I,T0,0.5885847639076592,0.17120687555833783,0.24020836053400307,review_warranted,random_forest_sigmoid
CAN-V2L4EF4KSE,T0,0.24293380352622282,0.19389045462105936,0.5631757418527178,review_not_warranted,random_forest_sigmoid
CAN-4BW4AXV2DW,T0,0.6183455118985067,0.13515554940726157,0.2464989386942317,review_warranted,random_forest_sigmoid
CAN-DMAU8U15C2,T0,0.38733851096020583,0.1996017829610498,0.4130597060787444,insufficient_evidence,random_forest_sigmoid
CAN-2LQVYTP1NE,T0,0.28404021170881033,0.22602803546892378,0.4899317528222659,review_not_warranted,random_forest_sigmoid
CAN-4CFU2SAM9A,T0,0.30357654992751343,0.2839712937298186,0.41245215634266796,insufficient_evidence,random_forest_sigmoid
CAN-J4XWX7ACSW,T0,0.059687811662480494,0.634384702897794,0.3059274854397254,review_not_warranted,random_forest_sigmoid
CAN-DQTR43KXGL,T0,0.09212090190719387,0.6181878440413358,0.2896912540514704,review_not_warranted,random_forest_sigmoid
CAN-OKRGM086UH,T0,0.15058593447082502,0.2988526695426255,0.5505613959865494,insufficient_evidence,random_forest_sigmoid
CAN-5J9D6PMOG7,T0,0.09242620175743599,0.6210371852872169,0.28653661295534716,insufficient_evidence,random_forest_sigmoid
CAN-NS2I9QFL3T,T0,0.1611854315532375,0.41182751683614943,0.42698705161061296,insufficient_evidence,random_forest_sigmoid
CAN-GYB9DQNAPG,T0,0.06661591467484561,0.5989867795299274,0.33439730579522703,review_not_warranted,random_forest_sigmoid
CAN-I3PAG0MQ4S,T0,0.12652847767810899,0.3634624079960411,0.5100091143258499,insufficient_evidence,random_forest_sigmoid
CAN-P69V1TRALB,T0,0.04487945120355534,0.7034328249389137,0.2516877238575311,review_not_warranted,random_forest_sigmoid
CAN-6E9YCRS9LL,T0,0.27689515173465257,0.3078076482960248,0.41529719996932263,insufficient_evidence,random_forest_sigmoid
CAN-7YPZD0CRBH,T0,0.26679571287531195,0.3813405706076372,0.3518637165170508,review_warranted,random_forest_sigmoid
CAN-YM0I69QM0I,T0,0.05206656410903402,0.7163847700066058,0.23154866588436016,insufficient_evidence,random_forest_sigmoid
CAN-WP2EAZABSX,T0,0.43260183997227103,0.14727268641456442,0.4201254736131645,insufficient_evidence,random_forest_sigmoid
CAN-VRIHDH9JWE,T0,0.35951406530690994,0.2804087676531796,0.3600771670399105,insufficient_evidence,random_forest_sigmoid
CAN-IA8U1DVUO4,T0,0.06943693251933591,0.7003989059443869,0.2301641615362772,review_not_warranted,random_forest_sigmoid
CAN-TOCVLBL1FO,T0,0.7657758419569644,0.07468176856709761,0.15954238947593802,review_warranted,random_forest_sigmoid
CAN-YP40LZV7HG,T0,0.570173266920097,0.2004884012483318,0.22933833183157112,insufficient_evidence,random_forest_sigmoid
CAN-XM0NTONS8I,T0,0.3296501520712061,0.3024595871644528,0.367890260764341,review_not_warranted,random_forest_sigmoid
CAN-LO4SALY31V,T0,0.12298212746576331,0.5682682676254195,0.30874960490881714,review_not_warranted,random_forest_sigmoid
CAN-UXJU0P1A4M,T0,0.5852909033461108,0.12157155747740767,0.29313753917648167,review_warranted,random_forest_sigmoid
CAN-MFQ4GY8XPH,T0,0.47135118536062715,0.2247957524007419,0.303853062238631,review_not_warranted,random_forest_sigmoid
CAN-TSX3YOZ6OH,T0,0.2839741764150618,0.39097940040249296,0.32504642318244525,review_not_warranted,random_forest_sigmoid
CAN-RH7J269JWB,T0,0.416466541529757,0.1907194190727429,0.3928140393975002,review_warranted,random_forest_sigmoid
CAN-MFBV0FQM3G,T0,0.07597128961743228,0.5093824852317114,0.4146462251508563,review_not_warranted,random_forest_sigmoid
CAN-J36EAQ6YIB,T0,0.056300058631981155,0.5878545771890806,0.35584536417893825,review_not_warranted,random_forest_sigmoid
CAN-Y8KKG8V4R5,T0,0.65273943420518,0.08073460065824617,0.26652596513657395,review_warranted,random_forest_sigmoid
CAN-JH3BMQ4XC7,T0,0.2324682943349319,0.4043649966718599,0.3631667089932082,review_not_warranted,random_forest_sigmoid
CAN-WNGDAMUN3D,T0,0.07426425801075354,0.6383807406737674,0.2873550013154791,review_not_warranted,random_forest_sigmoid
CAN-OQIKHLUC4W,T0,0.2544097839833339,0.35479820776313403,0.39079200825353205,insufficient_evidence,random_forest_sigmoid
CAN-B8OEQZRDZO,T0,0.14411274971428104,0.3351254104910692,0.5207618397946497,insufficient_evidence,random_forest_sigmoid
CAN-GS1ASP5I7M,T0,0.5399577854975307,0.11516373717682087,0.3448784773256485,review_warranted,random_forest_sigmoid
CAN-SIIOAIPEG6,T0,0.5862631067310992,0.11816634057185037,0.2955705526970505,review_warranted,random_forest_sigmoid
CAN-OHKKF3MKJ3,T0,0.5298094148492491,0.15089913354278048,0.3192914516079704,insufficient_evidence,random_forest_sigmoid
CAN-BDWF22CYUA,T0,0.04835970577990861,0.7039373893600054,0.24770290486008611,insufficient_evidence,random_forest_sigmoid
CAN-JUDHP15RCW,T0,0.09681993285367388,0.6276221918571658,0.27555787528916026,review_not_warranted,random_forest_sigmoid
CAN-3H2ZQ20HYA,T0,0.07396866861859647,0.6419286162335709,0.2841027151478327,insufficient_evidence,random_forest_sigmoid
CAN-9Y4E8DVX0U,T0,0.4986123613743523,0.128984910334821,0.37240272829082666,insufficient_evidence,random_forest_sigmoid
CAN-56NGPDUGKO,T0,0.22708826769757473,0.36795694199344536,0.4049547903089799,review_not_warranted,random_forest_sigmoid
CAN-HNHZKKFNLR,T0,0.0883737935887044,0.6925251761950254,0.21910103021627017,insufficient_evidence,random_forest_sigmoid
CAN-3L9PECKRSW,T0,0.5127757256116757,0.15817467569625743,0.3290495986920669,review_warranted,random_forest_sigmoid
CAN-30WX81N4ES,T0,0.6859290920906322,0.08686271773781729,0.22720819017155044,review_warranted,random_forest_sigmoid
CAN-UQQIYRW0PD,T0,0.4608687723096187,0.13149270989756667,0.40763851779281457,review_warranted,random_forest_sigmoid
CAN-V9M5ANAVAQ,T0,0.26224284052556496,0.37211372552958016,0.3656434339448548,review_not_warranted,random_forest_sigmoid
CAN-ZT3OGP0JXS,T0,0.07079065017490176,0.6531548331690319,0.27605451665606634,review_not_warranted,random_forest_sigmoid
CAN-VHIJVPARK8,T0,0.5597927895213102,0.10588488678148025,0.3343223236972096,review_warranted,random_forest_sigmoid
CAN-FVPXP9IPUU,T0,0.5329490093153895,0.19422541843178856,0.27282557225282206,review_not_warranted,random_forest_sigmoid
CAN-6EP6GXXTK9,T0,0.1103624637994925,0.5042823664907455,0.3853551697097619,review_not_warranted,random_forest_sigmoid
CAN-JR75FSAO9V,T0,0.21666215105417072,0.4872846735613034,0.29605317538452586,review_not_warranted,random_forest_sigmoid
CAN-07K7VDEEMK,T0,0.6934668925826423,0.08964629805224052,0.2168868093651172,review_warranted,random_forest_sigmoid
CAN-X83JEQTGZH,T0,0.6129582370360038,0.11536025671196955,0.2716815062520267,review_warranted,random_forest_sigmoid
CAN-CM7DYFBA7J,T0,0.16340186486517128,0.4879820048727785,0.3486161302620503,insufficient_evidence,random_forest_sigmoid
CAN-5N3RUX7YHN,T0,0.6004836662673365,0.1436706252409259,0.25584570849173766,review_warranted,random_forest_sigmoid
CAN-R18R0Y2KT1,T0,0.1613322971800303,0.4467483163000412,0.39191938651992847,review_warranted,random_forest_sigmoid
CAN-MKP2V46UCL,T0,0.6276596504145181,0.13921655079060216,0.23312379879487985,review_warranted,random_forest_sigmoid
CAN-AUHE529DEL,T0,0.06665401274878316,0.669972967190124,0.26337302006109287,review_not_warranted,random_forest_sigmoid
CAN-RB7I4QYEUI,T0,0.5733107668544672,0.14090116124742322,0.28578807189810956,insufficient_evidence,random_forest_sigmoid
CAN-0R2G3NUIKR,T0,0.4547741049619988,0.24849265955639113,0.29673323548161007,review_warranted,random_forest_sigmoid
CAN-FTE9U57RLP,T0,0.05667472468811537,0.5771782171052187,0.36614705820666593,review_not_warranted,random_forest_sigmoid
CAN-QUQOLS2HT8,T0,0.6862042158348145,0.07632341995046876,0.23747236421471685,review_warranted,random_forest_sigmoid
CAN-J9DW7V0B0M,T0,0.15229617412904203,0.3719993831428301,0.47570444272812784,insufficient_evidence,random_forest_sigmoid
CAN-1U7KYCHT04,T0,0.7440092344664448,0.07989458818230757,0.1760961773512476,insufficient_evidence,random_forest_sigmoid
CAN-8IVXRT38AV,T0,0.24625366860364228,0.3426866049752825,0.41105972642107513,review_warranted,random_forest_sigmoid
CAN-8S6ARU7BKP,T0,0.6154248917114672,0.10003974653606307,0.2845353617524698,review_warranted,random_forest_sigmoid
CAN-HA0BA87B8L,T0,0.46245927137415704,0.2100453634432413,0.3274953651826017,insufficient_evidence,random_forest_sigmoid
CAN-0XENT8TOVT,T0,0.04488682511094342,0.6072189705009605,0.3478942043880961,review_not_warranted,random_forest_sigmoid
CAN-W10A9RCR81,T0,0.20338096822884486,0.26184256523040583,0.5347764665407494,insufficient_evidence,random_forest_sigmoid
CAN-DRJR4QD6PK,T0,0.04701459986392529,0.6303767492909197,0.32260865084515494,review_not_warranted,random_forest_sigmoid
CAN-L55BKTF9S0,T0,0.35906624300778667,0.2626031477057948,0.3783306092864185,review_not_warranted,random_forest_sigmoid
CAN-D9Y0VJJ6VW,T0,0.724571710798661,0.08225095526590966,0.19317733393542932,review_warranted,random_forest_sigmoid
CAN-1ZS1BZI6T1,T0,0.26372145979953654,0.19281831206720232,0.5434602281332611,insufficient_evidence,random_forest_sigmoid
CAN-0BEG9SW2FJ,T0,0.09649139450056386,0.672059187415791,0.23144941808364514,review_not_warranted,random_forest_sigmoid
CAN-R59D8GNWOE,T0,0.6217141399203959,0.1192807005134393,0.2590051595661647,review_warranted,random_forest_sigmoid
CAN-RSAGRRSRCU,T0,0.14445093494481093,0.483412901266106,0.37213616378908315,insufficient_evidence,random_forest_sigmoid
CAN-TLVR8Y2L8B,T0,0.5260686554502566,0.14762903590750376,0.3263023086422397,review_warranted,random_forest_sigmoid
CAN-KBNRY7AM6A,T0,0.6414690093578682,0.1211825587013593,0.2373484319407725,review_warranted,random_forest_sigmoid
CAN-GP3R1BKFVB,T0,0.19279417826712977,0.4555498707226327,0.35165595101023756,review_not_warranted,random_forest_sigmoid
CAN-ZUC41D21E3,T0,0.11491059998857518,0.550499549766404,0.3345898502450208,review_not_warranted,random_forest_sigmoid
CAN-AX8X8VO9JH,T0,0.10850910199761138,0.5775482717744667,0.31394262622792185,insufficient_evidence,random_forest_sigmoid
CAN-ADOF3P33HR,T0,0.06647910774467249,0.5450990893190754,0.3884218029362521,insufficient_evidence,random_forest_sigmoid
CAN-JAC9C5ZY2J,T0,0.0464599172415057,0.6300899241560552,0.32345015860243914,review_not_warranted,random_forest_sigmoid
CAN-5EZS1T1ELJ,T0,0.18315969747532287,0.4577796053259811,0.35906069719869604,insufficient_evidence,random_forest_sigmoid
CAN-16LL783QTG,T0,0.343529273154861,0.28131724648747236,0.3751534803576666,review_not_warranted,random_forest_sigmoid
CAN-VIYZ36BREN,T0,0.1016417045632304,0.4044121560568388,0.49394613937993076,insufficient_evidence,random_forest_sigmoid
CAN-Q0VG7NCDFO,T0,0.6568600840696169,0.10563913413581145,0.23750078179457165,review_warranted,random_forest_sigmoid
CAN-LQYOAEONVO,T0,0.3099196326970326,0.26651690083023144,0.4235634664727359,insufficient_evidence,random_forest_sigmoid
CAN-Q7RFRQTAQZ,T0,0.441969225730668,0.14631153914901907,0.41171923512031294,insufficient_evidence,random_forest_sigmoid
CAN-LNUVVT5CZH,T0,0.5314017333790175,0.18011944317541312,0.28847882344556947,review_warranted,random_forest_sigmoid
CAN-0ND8K10G3Q,T0,0.5537348661272291,0.16122380383171347,0.2850413300410574,review_not_warranted,random_forest_sigmoid
CAN-2V0D61OSOH,T0,0.13884035098632297,0.4674612661957922,0.3936983828178849,review_not_warranted,random_forest_sigmoid
CAN-0EEV2PAF0Q,T0,0.2373863856651719,0.3352297237006759,0.4273838906341522,review_not_warranted,random_forest_sigmoid
CAN-OKX1I6CA68,T0,0.1398842715411007,0.38577714133079083,0.47433858712810845,insufficient_evidence,random_forest_sigmoid
CAN-58JRRKXCV8,T0,0.7110579013484161,0.07432060585210311,0.21462149279948087,insufficient_evidence,random_forest_sigmoid
CAN-Q1G8222TVV,T0,0.25006335310791844,0.2904351559033196,0.459501490988762,review_warranted,random_forest_sigmoid
CAN-JMSVBKK42K,T0,0.3529283826325771,0.2083520852225098,0.4387195321449131,insufficient_evidence,random_forest_sigmoid
CAN-O8J5XQ1QHK,T0,0.21701494388099885,0.1722044273004967,0.6107806288185045,review_warranted,random_forest_sigmoid
CAN-6NHOI7HD4X,T0,0.1325839422996241,0.5159648479989629,0.351451209701413,review_not_warranted,random_forest_sigmoid
CAN-Z2FMDPQZ6U,T0,0.08893290278892267,0.6014383788838581,0.3096287183272193,review_not_warranted,random_forest_sigmoid
CAN-YPY46FBMCC,T0,0.3325981603655308,0.3969668397796013,0.2704349998548679,insufficient_evidence,random_forest_sigmoid
CAN-M6I6ONFLH6,T0,0.09533510300534358,0.6139760257729738,0.29068887122168263,insufficient_evidence,random_forest_sigmoid
CAN-MD6HSPZNPH,T0,0.11186210597343475,0.43336234896481063,0.4547755450617547,insufficient_evidence,random_forest_sigmoid
CAN-BG2JQTKE9R,T0,0.41707413474665356,0.19899063160492614,0.3839352336484203,insufficient_evidence,random_forest_sigmoid
CAN-NZ60ITUAMZ,T0,0.2023265677524264,0.4351152709460943,0.3625581613014793,insufficient_evidence,random_forest_sigmoid
CAN-3E88BL7X8N,T0,0.5198421995912816,0.1373853900312976,0.34277241037742084,review_warranted,random_forest_sigmoid
CAN-WRYT3JA62H,T0,0.22767124771960126,0.22819680745705323,0.5441319448233456,insufficient_evidence,random_forest_sigmoid
CAN-UC1GUSFB8Y,T0,0.1369346917963352,0.3400805828381735,0.5229847253654913,insufficient_evidence,random_forest_sigmoid
CAN-KAEH77AZL2,T0,0.17238402529093932,0.4433660236620376,0.38424995104702303,review_not_warranted,random_forest_sigmoid
CAN-NJIWES3CMC,T0,0.06707284014873481,0.6447971581932398,0.2881300016580254,review_not_warranted,random_forest_sigmoid
CAN-OV2OP0BPC2,T0,0.46333470829656265,0.19556166204735026,0.34110362965608715,review_warranted,random_forest_sigmoid
CAN-8BR6ZCR6C5,T0,0.11299355416136592,0.5338130552949605,0.35319339054367355,review_not_warranted,random_forest_sigmoid
CAN-M5PX3JZR1B,T0,0.619522860807068,0.09319626925762775,0.2872808699353044,review_warranted,random_forest_sigmoid
CAN-WQQAVM6KJ0,T0,0.4035995864393273,0.3124267201721082,0.2839736933885646,insufficient_evidence,random_forest_sigmoid
CAN-GXTMUF9MJ2,T0,0.07341880310780434,0.4554627995768475,0.47111839731534827,review_not_warranted,random_forest_sigmoid
CAN-X66G0DQZY1,T0,0.12412285678333335,0.5081444040291275,0.3677327391875392,review_not_warranted,random_forest_sigmoid
CAN-8G6HTDW3TS,T0,0.21867002949238215,0.28773265301243994,0.4935973174951778,review_not_warranted,random_forest_sigmoid
CAN-IX71UNKLCC,T0,0.14994467671840603,0.4163680299635719,0.4336872933180221,review_not_warranted,random_forest_sigmoid
CAN-BQ2E1CA8JA,T0,0.46999658241378034,0.23841282682993592,0.2915905907562837,review_not_warranted,random_forest_sigmoid
CAN-C6JQXV1H28,T0,0.31615446387245816,0.1968175666508179,0.48702796947672405,review_not_warranted,random_forest_sigmoid
CAN-7Z4I6X76ZY,T0,0.12407308013154279,0.47013214671174763,0.40579477315670953,review_not_warranted,random_forest_sigmoid
CAN-4DQEX1DFLP,T0,0.05876620954780032,0.5759590395918796,0.3652747508603201,review_not_warranted,random_forest_sigmoid
CAN-GTRZMV90GK,T0,0.3548980813447209,0.23601136850861337,0.4090905501466657,insufficient_evidence,random_forest_sigmoid
CAN-28HOG1H1PI,T0,0.5084800771200233,0.13541809212439498,0.35610183075558177,review_warranted,random_forest_sigmoid
CAN-8467CAI41V,T0,0.3156202753309543,0.3222956938421502,0.3620840308268955,review_warranted,random_forest_sigmoid
CAN-A8RUHP98S6,T0,0.12504747494425406,0.449399478803151,0.4255530462525949,review_not_warranted,random_forest_sigmoid
CAN-6FIO389AU7,T0,0.3942556187474924,0.1476275443234355,0.4581168369290722,review_warranted,random_forest_sigmoid
CAN-GRA38D14NY,T0,0.6519525957468567,0.1102136995503894,0.23783370470275392,review_warranted,random_forest_sigmoid
CAN-TK9TB1S19Y,T0,0.5203675975151353,0.15346264444764066,0.3261697580372241,review_warranted,random_forest_sigmoid
CAN-6045ADGW9W,T0,0.04527332025890705,0.6690195464007113,0.2857071333403817,review_not_warranted,random_forest_sigmoid
CAN-YVRMB50LXO,T0,0.10398090609114159,0.6718251881896373,0.22419390571922107,review_not_warranted,random_forest_sigmoid
CAN-VJ1ATXQ4KR,T0,0.0787423313261314,0.5379347379209972,0.3833229307528714,review_not_warranted,random_forest_sigmoid
CAN-693NHGTCCO,T0,0.5703073557325563,0.11367622559738315,0.31601641867006064,review_warranted,random_forest_sigmoid
CAN-QZE5QAIJ2T,T0,0.5429494382086981,0.16543582142909863,0.2916147403622032,review_warranted,random_forest_sigmoid
CAN-VB1685ICUZ,T0,0.06438105829443871,0.31313004248436344,0.6224888992211979,review_not_warranted,random_forest_sigmoid
CAN-VNPISGXD4Q,T0,0.6066950883460188,0.11460990773479314,0.27869500391918794,review_warranted,random_forest_sigmoid
CAN-E2FZJZ8WLH,T0,0.09414759473209015,0.556315483849949,0.3495369214179609,insufficient_evidence,random_forest_sigmoid
CAN-LEJZ8XH8YE,T0,0.5618526751586173,0.16539135394010557,0.2727559709012773,insufficient_evidence,random_forest_sigmoid
CAN-SHRRQNVCIC,T0,0.0785052912071359,0.6969632770724769,0.22453143172038725,review_not_warranted,random_forest_sigmoid
CAN-8LF2PPDABK,T0,0.532553439825247,0.14711538257941117,0.32033117759534185,insufficient_evidence,random_forest_sigmoid
CAN-ZWF0AYKB18,T0,0.21573147545708635,0.3169846244360078,0.46728390010690585,review_warranted,random_forest_sigmoid
CAN-HC7VWRKBC4,T0,0.06326862939426285,0.6537946652641302,0.282936705341607,insufficient_evidence,random_forest_sigmoid
CAN-6O36VBSAI9,T0,0.5566608746950154,0.14295170314439376,0.30038742216059094,review_warranted,random_forest_sigmoid
CAN-4EK13UOVMH,T0,0.36475855738959534,0.24611709473868984,0.3891243478717148,review_warranted,random_forest_sigmoid
CAN-4JML2H5550,T0,0.5107234455221094,0.18495021348983032,0.30432634098806033,insufficient_evidence,random_forest_sigmoid
CAN-W803WTVEJV,T0,0.07949103401657782,0.6687503317904266,0.2517586341929955,review_not_warranted,random_forest_sigmoid
CAN-1JQKMVCC0E,T0,0.7091755617718709,0.08336558186215996,0.20745885636596914,review_warranted,random_forest_sigmoid
CAN-PFB5DKD37Z,T0,0.36418320492074346,0.22765098430734634,0.4081658107719101,review_warranted,random_forest_sigmoid
CAN-JS0TD7RAVV,T0,0.0960952103147414,0.43756326516172356,0.4663415245235351,review_warranted,random_forest_sigmoid
CAN-6N8NUY6QNZ,T0,0.1896868841490292,0.48126279466994526,0.3290503211810256,review_not_warranted,random_forest_sigmoid
CAN-3W1WRGSSBR,T0,0.4438503587920187,0.14413517355645097,0.4120144676515303,insufficient_evidence,random_forest_sigmoid
CAN-RLFHYDAOTO,T0,0.4444165719474755,0.24490707155694968,0.31067635649557485,review_not_warranted,random_forest_sigmoid
CAN-USBPGXP3DA,T0,0.08139331306223965,0.558527884975756,0.36007880196200437,insufficient_evidence,random_forest_sigmoid
CAN-F640D3DCIR,T0,0.16013684289666874,0.46256062180394447,0.3773025352993868,insufficient_evidence,random_forest_sigmoid
CAN-J538MFH2RZ,T0,0.046879697645328976,0.6737229020713134,0.27939740028335763,review_warranted,random_forest_sigmoid
CAN-T3BSOKDD2P,T0,0.6467445909722059,0.11766032121509185,0.2355950878127022,review_warranted,random_forest_sigmoid
CAN-1UXZVZSG4A,T0,0.09489452017952016,0.3667265128607629,0.5383789669597169,review_not_warranted,random_forest_sigmoid
CAN-QU6MD5TN0F,T0,0.1450200284918683,0.4808742583840105,0.37410571312412116,insufficient_evidence,random_forest_sigmoid
CAN-H2TOKOI56S,T0,0.12884568083509926,0.5383928141335733,0.33276150503132745,review_not_warranted,random_forest_sigmoid
CAN-ARNXXD7017,T0,0.49571938976230606,0.1931094062888671,0.3111712039488268,review_warranted,random_forest_sigmoid
CAN-BT0Y88Z5VY,T0,0.3365581927059905,0.2510937342610416,0.412348073032968,review_warranted,random_forest_sigmoid
CAN-20LP6R01W2,T0,0.5954995761369564,0.094977565854848,0.30952285800819557,review_warranted,random_forest_sigmoid
CAN-GT29QK48ZR,T0,0.5746278348108312,0.14391378239394784,0.281458382795221,review_warranted,random_forest_sigmoid
CAN-JTU00IS95H,T0,0.35607001069190414,0.3434345657462648,0.3004954235618311,review_warranted,random_forest_sigmoid
CAN-KLQH9G2XAA,T0,0.15504263769180857,0.420314989947898,0.4246423723602934,review_not_warranted,random_forest_sigmoid
CAN-1X36MKKDTS,T0,0.08041307942438132,0.5461159136133796,0.37347100696223895,review_not_warranted,random_forest_sigmoid
CAN-DANXMJUTSN,T0,0.375038212275779,0.2431638932275293,0.3817978944966917,insufficient_evidence,random_forest_sigmoid
CAN-L16ZDGA6KP,T0,0.636751661131446,0.09679200531396649,0.26645633355458753,review_warranted,random_forest_sigmoid
CAN-ICKK4E813F,T0,0.053462590455889546,0.6821617951374228,0.2643756144066876,review_not_warranted,random_forest_sigmoid
CAN-BQA0QBKTW1,T0,0.14879903456815569,0.5273961276753232,0.3238048377565212,insufficient_evidence,random_forest_sigmoid
CAN-PBRR29HATJ,T0,0.26289252334785645,0.3608277175365065,0.37627975911563705,review_not_warranted,random_forest_sigmoid
CAN-RWVLQ6JSLV,T0,0.12497821419264783,0.4919876602773239,0.38303412553002825,insufficient_evidence,random_forest_sigmoid
CAN-D0A5SDWYO9,T0,0.5076988798598343,0.1970896963225857,0.2952114238175799,review_not_warranted,random_forest_sigmoid
CAN-LAAZKJS0G8,T0,0.29403962922957444,0.31315575389123085,0.39280461687919477,insufficient_evidence,random_forest_sigmoid
CAN-9UF00BV0SU,T0,0.06146566406602544,0.7045358374973946,0.2339984984365801,insufficient_evidence,random_forest_sigmoid
CAN-P049Y8KP5Z,T0,0.05846255919793605,0.6603734892287408,0.28116395157332313,review_warranted,random_forest_sigmoid
CAN-B0FYO3ENSX,T0,0.411574261306433,0.2833820028965444,0.3050437357970226,review_warranted,random_forest_sigmoid
CAN-2MPIJSE7PT,T0,0.24412705039056426,0.40742064927520566,0.34845230033423014,review_warranted,random_forest_sigmoid
CAN-6ULFMKJ73X,T0,0.3032325268897889,0.3655261211675129,0.3312413519426982,review_warranted,random_forest_sigmoid
CAN-QCF4GZN8TD,T1,0.5240261542967972,0.13639504531261037,0.33957880039059246,insufficient_evidence,random_forest_sigmoid
CAN-O523BGV6IR,T1,0.1507283331834042,0.48824586821505456,0.36102579860154127,review_not_warranted,random_forest_sigmoid
CAN-JUR9CRBOBB,T1,0.2473279296901547,0.3362050841303532,0.4164669861794921,insufficient_evidence,random_forest_sigmoid
CAN-1EJVSHCWNY,T1,0.22533883467761262,0.4022589998225144,0.37240216549987304,review_not_warranted,random_forest_sigmoid
CAN-NLM2FQOWDX,T1,0.1727350839392198,0.3329553603455861,0.49430955571519414,insufficient_evidence,random_forest_sigmoid
CAN-2B1096MPJS,T1,0.5148492134434565,0.14245901266054323,0.3426917738960002,review_warranted,random_forest_sigmoid
CAN-046H2OTGZ2,T1,0.2929686601013481,0.32104222216031275,0.38598911773833905,review_warranted,random_forest_sigmoid
CAN-M8GSUMHUBV,T1,0.1961487871233305,0.41508463505610305,0.38876657782056645,review_not_warranted,random_forest_sigmoid
CAN-BENX1VQFJF,T1,0.3230325653146875,0.31667635566297453,0.360291079022338,review_warranted,random_forest_sigmoid
CAN-MG8XYRNB7R,T1,0.49794943628653815,0.2128262454401964,0.28922431827326556,insufficient_evidence,random_forest_sigmoid
CAN-N4QFJS875I,T1,0.4485086376702255,0.25558723745358203,0.2959041248761926,insufficient_evidence,random_forest_sigmoid
CAN-4T5MQ6DTMK,T1,0.5484699395785958,0.16316804413150443,0.28836201628989977,review_not_warranted,random_forest_sigmoid
CAN-Z33ALI17FK,T1,0.10430249167482825,0.5658029323957888,0.32989457592938304,review_not_warranted,random_forest_sigmoid
CAN-SR7RMC873R,T1,0.15809810896164386,0.437678271846686,0.4042236191916701,review_not_warranted,random_forest_sigmoid
CAN-ZSGTTG0DNE,T1,0.2738293259112513,0.3565832048113422,0.36958746927740654,review_not_warranted,random_forest_sigmoid
CAN-DZXEHKO5JZ,T1,0.1925780117012249,0.44752106531475094,0.35990092298402415,review_not_warranted,random_forest_sigmoid
CAN-531EC6XM0A,T1,0.1685106531775987,0.454211541754479,0.37727780506792236,review_not_warranted,random_forest_sigmoid
CAN-STFR13OJLS,T1,0.6432019855435029,0.11759840058134999,0.2391996138751471,review_not_warranted,random_forest_sigmoid
CAN-I25Z744R3A,T1,0.1161359785706998,0.4981462660498897,0.38571775537941044,review_not_warranted,random_forest_sigmoid
CAN-7UQ40SSRBR,T1,0.19142169497088476,0.4138671275532271,0.3947111774758881,review_not_warranted,random_forest_sigmoid
CAN-UVG366PFKZ,T1,0.24707431716180508,0.29358654987136984,0.45933913296682505,review_not_warranted,random_forest_sigmoid
CAN-VDBBB1U640,T1,0.10792149494156601,0.5487053643551464,0.34337314070328756,insufficient_evidence,random_forest_sigmoid
CAN-Y1ONULRYLB,T1,0.20280594492503645,0.44930007067500605,0.34789398439995756,insufficient_evidence,random_forest_sigmoid
CAN-QQXBJU6M6L,T1,0.5062669437541449,0.22801945389790582,0.26571360234794933,insufficient_evidence,random_forest_sigmoid
CAN-3D99WGLA9F,T1,0.1405781229996221,0.4871444480984972,0.37227742890188065,insufficient_evidence,random_forest_sigmoid
CAN-RAC3AUDPMW,T1,0.4363331482386979,0.1739906546160824,0.38967619714521967,review_not_warranted,random_forest_sigmoid
CAN-MSNJEAB1GA,T1,0.5785938437278436,0.12856701201112783,0.29283914426102853,review_warranted,random_forest_sigmoid
CAN-R3PHPYEEK1,T1,0.32598578375384,0.390929239981406,0.283084976264754,review_warranted,random_forest_sigmoid
CAN-4491B2CKSM,T1,0.09380576414405489,0.5456068195614094,0.3605874162945358,review_not_warranted,random_forest_sigmoid
CAN-QCQLTNKON8,T1,0.057883976867211105,0.6862629492543996,0.2558530738783893,review_not_warranted,random_forest_sigmoid
CAN-YGWAL6CGCM,T1,0.5667783582681594,0.16036237887709126,0.2728592628547493,review_warranted,random_forest_sigmoid
CAN-I0MWENXOTY,T1,0.23611636988812157,0.3735535605751446,0.3903300695367338,review_not_warranted,random_forest_sigmoid
CAN-ZKFSI428I3,T1,0.5590142234705566,0.12065717946111439,0.32032859706832895,review_warranted,random_forest_sigmoid
CAN-CE82WSAY7G,T1,0.5341601683928353,0.21183163922044942,0.2540081923867152,review_warranted,random_forest_sigmoid
CAN-VT4PWKOXUS,T1,0.33796495265860466,0.2890382865766087,0.3729967607647866,insufficient_evidence,random_forest_sigmoid
CAN-WMYE9H5KHU,T1,0.09080950986779415,0.5627243668839508,0.34646612324825515,insufficient_evidence,random_forest_sigmoid
CAN-G5QOBJADAS,T1,0.13792451196299801,0.495309395756009,0.366766092280993,insufficient_evidence,random_forest_sigmoid
CAN-4HICC8FK63,T1,0.1082115572276604,0.5551400640322094,0.3366483787401302,insufficient_evidence,random_forest_sigmoid
CAN-EY5UH24ZIZ,T1,0.43310913939815254,0.1974527390251568,0.36943812157669065,review_warranted,random_forest_sigmoid
CAN-UOZRL1V8KU,T1,0.09093950118854781,0.44357994127481626,0.4654805575366359,review_warranted,random_forest_sigmoid
CAN-BDFTFJSJN7,T1,0.08475228954820722,0.6123136261717085,0.3029340842800842,insufficient_evidence,random_forest_sigmoid
CAN-2OHE79VIFA,T1,0.4197609691890025,0.1728390507246923,0.4073999800863051,review_not_warranted,random_forest_sigmoid
CAN-Z7ABOKWLUW,T1,0.06350698785886877,0.5806204449302094,0.3558725672109218,review_not_warranted,random_forest_sigmoid
CAN-MMXHM6U1Q3,T1,0.08492373150317961,0.6125254158610681,0.3025508526357524,review_not_warranted,random_forest_sigmoid
CAN-VY0CLY1UJZ,T1,0.2116775388391593,0.43711372930535597,0.3512087318554847,insufficient_evidence,random_forest_sigmoid
CAN-N2OQ035YY8,T1,0.14690801251950947,0.4545632788632319,0.39852870861725864,insufficient_evidence,random_forest_sigmoid
CAN-682VA03Y7M,T1,0.07486533206746299,0.5858430069793334,0.33929166095320357,review_not_warranted,random_forest_sigmoid
CAN-R86U0E2XY5,T1,0.07051922107213077,0.5910011805904776,0.33847959833739155,review_not_warranted,random_forest_sigmoid
CAN-ZQ0GWKIZ51,T1,0.5932016471684107,0.1050327958490194,0.3017655569825698,review_warranted,random_forest_sigmoid
CAN-A6ETMQZT3D,T1,0.20157905941081014,0.47420122196392694,0.32421971862526294,review_not_warranted,random_forest_sigmoid
CAN-W41T8OR50L,T1,0.6106089833480426,0.17496832962990205,0.21442268702205544,review_warranted,random_forest_sigmoid
CAN-KMB5GTBPM9,T1,0.19018865018901873,0.4317295153109657,0.3780818345000156,insufficient_evidence,random_forest_sigmoid
CAN-Z38H9W4ZGC,T1,0.11487141907548627,0.5828456287108844,0.30228295221362944,review_not_warranted,random_forest_sigmoid
CAN-XY38I4LIXQ,T1,0.07284539900679458,0.5608904821678261,0.3662641188253793,review_not_warranted,random_forest_sigmoid
CAN-UC0X4CF5YC,T1,0.21026856452870094,0.4324058059987075,0.35732562947259167,insufficient_evidence,random_forest_sigmoid
CAN-8MG3KHERI3,T1,0.35351983372563195,0.2923866912944038,0.3540934749799643,review_warranted,random_forest_sigmoid
CAN-82A1AW528U,T1,0.14724634550364255,0.4155668876968222,0.4371867667995352,review_not_warranted,random_forest_sigmoid
CAN-MYFWBL13VE,T1,0.31729696685945763,0.2783373181368186,0.4043657150037238,insufficient_evidence,random_forest_sigmoid
CAN-SXC7CQRKWL,T1,0.13130086046116926,0.5849595893912438,0.28373955014758684,insufficient_evidence,random_forest_sigmoid
CAN-4SMT2ZQ2JW,T1,0.1509345479880477,0.43183606275535835,0.4172293892565939,review_not_warranted,random_forest_sigmoid
CAN-F0PK9CCT7U,T1,0.15891411929085716,0.4791877645745372,0.3618981161346057,review_warranted,random_forest_sigmoid
CAN-18HFR7ZPQ5,T1,0.16489431609362648,0.4888433656277336,0.3462623182786399,insufficient_evidence,random_forest_sigmoid
CAN-TT3YS2Q6D9,T1,0.2556347326990327,0.27061797557455614,0.4737472917264112,insufficient_evidence,random_forest_sigmoid
CAN-N457EOO43R,T1,0.46081118946076277,0.22444685710979143,0.31474195342944583,review_warranted,random_forest_sigmoid
CAN-JE4XWOKZY7,T1,0.12489392925805394,0.5007645683383554,0.3743415024035906,review_warranted,random_forest_sigmoid
CAN-P2BMVSIWSO,T1,0.17547942301693065,0.3568123235811671,0.4677082534019023,insufficient_evidence,random_forest_sigmoid
CAN-WSZ2K6LRDA,T1,0.3664128025649738,0.29017872488805446,0.3434084725469717,review_warranted,random_forest_sigmoid
CAN-LPTV3L15GI,T1,0.46729708021853866,0.14253384353644521,0.3901690762450161,review_warranted,random_forest_sigmoid
CAN-HJSKW8DII3,T1,0.14239565856762446,0.44202912114773324,0.4155752202846423,insufficient_evidence,random_forest_sigmoid
CAN-TEZC5LDGEW,T1,0.14134445342970223,0.5131421041823444,0.34551344238795334,review_not_warranted,random_forest_sigmoid
CAN-BA2J2OCZ4N,T1,0.10620541937277349,0.44877070791336243,0.44502387271386407,insufficient_evidence,random_forest_sigmoid
CAN-ZMVKC63G2A,T1,0.055790859924641334,0.6069801499918267,0.33722899008353197,insufficient_evidence,random_forest_sigmoid
CAN-K7S70RXAMG,T1,0.336182064380552,0.31677767102781795,0.34704026459163,insufficient_evidence,random_forest_sigmoid
CAN-OAOG54YAZO,T1,0.40466030851932405,0.2882827269180414,0.3070569645626346,review_not_warranted,random_forest_sigmoid
CAN-86YS89WD1X,T1,0.12470411201219367,0.5460500466133447,0.32924584137446167,insufficient_evidence,random_forest_sigmoid
CAN-LJAETPGFMO,T1,0.296680207834245,0.3663445903564728,0.33697520180928225,insufficient_evidence,random_forest_sigmoid
CAN-KNFI1QC8WD,T1,0.43471393124183294,0.2410338594187292,0.3242522093394378,review_warranted,random_forest_sigmoid
CAN-ZSJALHV9SZ,T1,0.20640907628730432,0.428571762309273,0.3650191614034226,insufficient_evidence,random_forest_sigmoid
CAN-UIDCKJCDCX,T1,0.13334928146262798,0.5290287535018159,0.33762196503555614,insufficient_evidence,random_forest_sigmoid
CAN-MDT600E24L,T1,0.3507333776041366,0.2986909181693713,0.35057570422649204,review_warranted,random_forest_sigmoid
CAN-J4H3HYSW7L,T1,0.18125945251433706,0.43563286018268005,0.38310768730298284,insufficient_evidence,random_forest_sigmoid
CAN-QM71SGDM4I,T1,0.5804871491873989,0.13154438311441902,0.2879684676981822,review_warranted,random_forest_sigmoid
CAN-SC42SBD0LB,T1,0.08145906384776282,0.5761434445675965,0.3423974915846408,review_not_warranted,random_forest_sigmoid
CAN-J2Z8813Q6I,T1,0.11188928835078371,0.5225252913957933,0.36558542025342294,insufficient_evidence,random_forest_sigmoid
CAN-8WZY5EL0GS,T1,0.4254033019304577,0.21350600313637913,0.3610906949331631,review_not_warranted,random_forest_sigmoid
CAN-UC3CXNT45X,T1,0.6475291671511573,0.13852430443484778,0.2139465284139949,insufficient_evidence,random_forest_sigmoid
CAN-OX9BJ0D2O1,T1,0.15989150223495055,0.48290993659451137,0.3571985611705381,insufficient_evidence,random_forest_sigmoid
CAN-CSA9RPF7N0,T1,0.39193902961374083,0.24682557470271918,0.36123539568353996,review_not_warranted,random_forest_sigmoid
CAN-GAZ28IY33B,T1,0.5024564440053595,0.15756315229397974,0.33998040370066085,insufficient_evidence,random_forest_sigmoid
CAN-JEIC06XTOM,T1,0.5890464829264977,0.14989563660762426,0.261057880465878,review_not_warranted,random_forest_sigmoid
CAN-WAM0MZEWD7,T1,0.3654673296146762,0.2885758488842219,0.34595682150110196,insufficient_evidence,random_forest_sigmoid
CAN-90NXQQ43RV,T1,0.0695507284327143,0.5864045523160201,0.3440447192512656,review_not_warranted,random_forest_sigmoid
CAN-U9XCTU7C4F,T1,0.06911224438611961,0.6124459792389905,0.3184417763748899,insufficient_evidence,random_forest_sigmoid
CAN-3V8APYMFFU,T1,0.1128743203826488,0.5309634332526727,0.3561622463646784,review_not_warranted,random_forest_sigmoid
CAN-4FO38FPD7B,T1,0.1439433775184468,0.44664707646116897,0.4094095460203843,review_not_warranted,random_forest_sigmoid
CAN-LQTYLY754O,T1,0.4179476965560867,0.23606138602022714,0.34599091742368626,review_warranted,random_forest_sigmoid
CAN-Y1NS971FST,T1,0.6356538944547737,0.10740247061467106,0.2569436349305553,review_warranted,random_forest_sigmoid
CAN-1WB2NA52JZ,T1,0.31379053108536914,0.32748846753328525,0.3587210013813456,insufficient_evidence,random_forest_sigmoid
CAN-GPXG19LRNA,T1,0.15502463753254886,0.5256422966285088,0.31933306583894233,review_not_warranted,random_forest_sigmoid
CAN-I4N8CBG88Z,T1,0.4999655627567366,0.17848049417468168,0.3215539430685818,review_warranted,random_forest_sigmoid
CAN-RG84ONNZ7C,T1,0.5691087369554559,0.18929361023998953,0.2415976528045546,review_warranted,random_forest_sigmoid
CAN-1NEQLC2YWG,T1,0.4130891364084387,0.2350089734519799,0.35190189013958145,insufficient_evidence,random_forest_sigmoid
CAN-4QS9RM4XLH,T1,0.3402504494818137,0.2570370367705268,0.40271251374765943,review_warranted,random_forest_sigmoid
CAN-CJN0H4XCFS,T1,0.28599036722488197,0.34373923903648307,0.37027039373863496,insufficient_evidence,random_forest_sigmoid
CAN-P4RVWAG757,T1,0.2557952795479027,0.32275127320372954,0.42145344724836775,insufficient_evidence,random_forest_sigmoid
CAN-ERSOR4K7QJ,T1,0.45960677010986367,0.246343310513138,0.29404991937699837,insufficient_evidence,random_forest_sigmoid
CAN-RXMWDVU7JD,T1,0.4736494827819265,0.18739303702844867,0.33895748018962485,review_warranted,random_forest_sigmoid
CAN-7HQWF459VW,T1,0.19380742140458013,0.4334815161475108,0.3727110624479092,review_not_warranted,random_forest_sigmoid
CAN-ME2Q23NS0G,T1,0.5774926838038653,0.1950664488330245,0.2274408673631102,review_warranted,random_forest_sigmoid
CAN-W1O813CX74,T1,0.09750915792794573,0.4833089109021394,0.4191819311699148,review_not_warranted,random_forest_sigmoid
CAN-3JG44NWV2W,T1,0.3803570242686087,0.2761155753928835,0.3435274003385078,insufficient_evidence,random_forest_sigmoid
CAN-R3FQ58SFFS,T1,0.14201075683029674,0.5247922478703274,0.3331969952993759,review_not_warranted,random_forest_sigmoid
CAN-H3DK4NU2ZJ,T1,0.5636961409559907,0.14169955444360002,0.2946043046004092,review_not_warranted,random_forest_sigmoid
CAN-5D0G3VUQUU,T1,0.13732594654225916,0.5555430635178378,0.3071309899399031,insufficient_evidence,random_forest_sigmoid
CAN-ZG2995G25E,T1,0.14062295107968065,0.5196472888648886,0.3397297600554308,review_not_warranted,random_forest_sigmoid
CAN-Y746C1F209,T1,0.1347666293661135,0.49544889180558666,0.3697844788282998,review_warranted,random_forest_sigmoid
CAN-XFRLQDC4M8,T1,0.17364808141980556,0.38983444539242607,0.43651747318776835,insufficient_evidence,random_forest_sigmoid
CAN-QA6NLD1VOR,T1,0.0609735497819269,0.6482282393030062,0.2907982109150669,review_not_warranted,random_forest_sigmoid
CAN-WMUAXBCUOI,T1,0.48957607642250434,0.1637576784503966,0.34666624512709904,review_not_warranted,random_forest_sigmoid
CAN-H08YS9RB2I,T1,0.2831694385027583,0.2991646801997705,0.41766588129747134,review_warranted,random_forest_sigmoid
CAN-V2L4EF4KSE,T1,0.190808345025809,0.4491122948090086,0.36007936016518244,insufficient_evidence,random_forest_sigmoid
CAN-4BW4AXV2DW,T1,0.44672948360175774,0.2238349962219164,0.32943552017632577,review_warranted,random_forest_sigmoid
CAN-DMAU8U15C2,T1,0.116791590855866,0.5337113479234551,0.34949706122067886,review_not_warranted,random_forest_sigmoid
CAN-2LQVYTP1NE,T1,0.17842642149293816,0.42008481806037357,0.4014887604466882,review_not_warranted,random_forest_sigmoid
CAN-4CFU2SAM9A,T1,0.41981784936232697,0.24276619358609444,0.3374159570515785,insufficient_evidence,random_forest_sigmoid
CAN-J4XWX7ACSW,T1,0.11179077107947737,0.5903763648003985,0.29783286412012416,review_not_warranted,random_forest_sigmoid
CAN-DQTR43KXGL,T1,0.10086224400361815,0.5671622856951118,0.33197547030127006,review_not_warranted,random_forest_sigmoid
CAN-OKRGM086UH,T1,0.45933010103547617,0.17680777574504533,0.3638621232194785,insufficient_evidence,random_forest_sigmoid
CAN-5J9D6PMOG7,T1,0.11898800518127513,0.48193314699878415,0.39907884781994074,review_not_warranted,random_forest_sigmoid
CAN-NS2I9QFL3T,T1,0.29042914396813135,0.32529140648536,0.3842794495465087,insufficient_evidence,random_forest_sigmoid
CAN-GYB9DQNAPG,T1,0.10805791932912294,0.52360883648802,0.3683332441828571,review_not_warranted,random_forest_sigmoid
CAN-I3PAG0MQ4S,T1,0.16885354922608187,0.47366147535435105,0.3574849754195671,insufficient_evidence,random_forest_sigmoid
CAN-P69V1TRALB,T1,0.25509182855928875,0.41000889079016395,0.33489928065054736,insufficient_evidence,random_forest_sigmoid
CAN-6E9YCRS9LL,T1,0.11691428980953458,0.524279024108173,0.35880668608229255,insufficient_evidence,random_forest_sigmoid
CAN-7YPZD0CRBH,T1,0.4973044520565386,0.1728509484329325,0.32984459951052886,review_warranted,random_forest_sigmoid
CAN-YM0I69QM0I,T1,0.1558758652122136,0.36923262026053694,0.47489151452724937,review_not_warranted,random_forest_sigmoid
CAN-WP2EAZABSX,T1,0.3906706530579079,0.2863229702190406,0.3230063767230516,insufficient_evidence,random_forest_sigmoid
CAN-VRIHDH9JWE,T1,0.20130204470350557,0.4113308013136085,0.38736715398288596,insufficient_evidence,random_forest_sigmoid
CAN-IA8U1DVUO4,T1,0.17035783069948165,0.3183282268594587,0.5113139424410597,review_not_warranted,random_forest_sigmoid
CAN-TOCVLBL1FO,T1,0.6523554873795816,0.11033744786306529,0.23730706475735314,review_warranted,random_forest_sigmoid
CAN-YP40LZV7HG,T1,0.6003467726973394,0.11732810047258037,0.2823251268300803,insufficient_evidence,random_forest_sigmoid
CAN-XM0NTONS8I,T1,0.22355852729295908,0.3130616805490808,0.4633797921579601,review_not_warranted,random_forest_sigmoid
CAN-LO4SALY31V,T1,0.46901116845594615,0.1793730791242977,0.3516157524197561,insufficient_evidence,random_forest_sigmoid
CAN-UXJU0P1A4M,T1,0.2582614398908163,0.3537426792163873,0.3879958808927964,insufficient_evidence,random_forest_sigmoid
CAN-MFQ4GY8XPH,T1,0.14704564181628588,0.4410253684370571,0.411928989746657,review_not_warranted,random_forest_sigmoid
CAN-TSX3YOZ6OH,T1,0.31897656937151414,0.32502905545414307,0.3559943751743428,review_not_warranted,random_forest_sigmoid
CAN-RH7J269JWB,T1,0.29562286047725916,0.3487593453598721,0.3556177941628687,review_warranted,random_forest_sigmoid
CAN-MFBV0FQM3G,T1,0.10140351574698192,0.5359157445792874,0.36268073967373077,review_not_warranted,random_forest_sigmoid
CAN-J36EAQ6YIB,T1,0.08920962643800068,0.5755253796108031,0.3352649939511962,review_not_warranted,random_forest_sigmoid
CAN-Y8KKG8V4R5,T1,0.5465375257727856,0.19560356075209695,0.25785891347511747,review_warranted,random_forest_sigmoid
CAN-JH3BMQ4XC7,T1,0.1201802680664591,0.555021607957397,0.324798123976144,review_not_warranted,random_forest_sigmoid
CAN-WNGDAMUN3D,T1,0.2515730738337411,0.37080637036423436,0.37762055580202447,insufficient_evidence,random_forest_sigmoid
CAN-OQIKHLUC4W,T1,0.2751725444757555,0.3620217476979757,0.3628057078262688,insufficient_evidence,random_forest_sigmoid
CAN-B8OEQZRDZO,T1,0.17955264216310327,0.3977209546678244,0.4227264031690723,insufficient_evidence,random_forest_sigmoid
CAN-GS1ASP5I7M,T1,0.42315638524181115,0.23176902618090456,0.3450745885772844,review_warranted,random_forest_sigmoid
CAN-SIIOAIPEG6,T1,0.42197175331343795,0.2197055026136423,0.3583227440729198,review_warranted,random_forest_sigmoid
CAN-OHKKF3MKJ3,T1,0.36216161638067196,0.30973822666719597,0.32810015695213207,review_warranted,random_forest_sigmoid
CAN-BDWF22CYUA,T1,0.06872527005020158,0.6357466902560492,0.29552803969374924,insufficient_evidence,random_forest_sigmoid
CAN-JUDHP15RCW,T1,0.061475949232208955,0.6118989150298967,0.3266251357378943,review_not_warranted,random_forest_sigmoid
CAN-3H2ZQ20HYA,T1,0.08284023848389131,0.6263051371929201,0.2908546243231886,insufficient_evidence,random_forest_sigmoid
CAN-9Y4E8DVX0U,T1,0.5805194646975492,0.12937255243794799,0.29010798286450284,review_warranted,random_forest_sigmoid
CAN-56NGPDUGKO,T1,0.43824141249339355,0.19794899696449766,0.36380959054210876,insufficient_evidence,random_forest_sigmoid
CAN-HNHZKKFNLR,T1,0.06194157702814671,0.6726422442066129,0.2654161787652403,insufficient_evidence,random_forest_sigmoid
CAN-3L9PECKRSW,T1,0.5312279272443597,0.15243161057238544,0.3163404621832549,review_warranted,random_forest_sigmoid
CAN-30WX81N4ES,T1,0.22862168057953788,0.3887064069616823,0.38267191245877985,review_warranted,random_forest_sigmoid
CAN-UQQIYRW0PD,T1,0.49984819946385173,0.18225595516339677,0.31789584537275156,review_warranted,random_forest_sigmoid
CAN-V9M5ANAVAQ,T1,0.314761295925452,0.2489122063881671,0.43632649768638093,review_not_warranted,random_forest_sigmoid
CAN-ZT3OGP0JXS,T1,0.07686506330742972,0.5869599294918956,0.3361750072006748,review_not_warranted,random_forest_sigmoid
CAN-VHIJVPARK8,T1,0.5289490935879494,0.1701566339757,0.3008942724363506,review_warranted,random_forest_sigmoid
CAN-FVPXP9IPUU,T1,0.4006327300222692,0.22594247235394102,0.3734247976237899,review_not_warranted,random_forest_sigmoid
CAN-6EP6GXXTK9,T1,0.0766852957879322,0.6129708922120176,0.31034381200005023,review_not_warranted,random_forest_sigmoid
CAN-JR75FSAO9V,T1,0.09724002235484523,0.6147287288270518,0.28803124881810316,review_not_warranted,random_forest_sigmoid
CAN-07K7VDEEMK,T1,0.49180121754421285,0.1270079727357234,0.38119080972006375,review_warranted,random_forest_sigmoid
CAN-X83JEQTGZH,T1,0.369406859897901,0.24472524941546137,0.38586789068663774,review_warranted,random_forest_sigmoid
CAN-CM7DYFBA7J,T1,0.4455046207087528,0.27739386065830235,0.2771015186329449,insufficient_evidence,random_forest_sigmoid
CAN-5N3RUX7YHN,T1,0.15140996502911236,0.5544177867107564,0.2941722482601312,review_warranted,random_forest_sigmoid
CAN-R18R0Y2KT1,T1,0.35066669300786396,0.37537223823647153,0.2739610687556645,insufficient_evidence,random_forest_sigmoid
CAN-MKP2V46UCL,T1,0.44335967384003533,0.22342515840251745,0.3332151677574472,review_warranted,random_forest_sigmoid
CAN-AUHE529DEL,T1,0.22161915839511628,0.43537090999595085,0.34300993160893284,insufficient_evidence,random_forest_sigmoid
CAN-RB7I4QYEUI,T1,0.42110598876347877,0.26764310601289476,0.3112509052236265,insufficient_evidence,random_forest_sigmoid
CAN-0R2G3NUIKR,T1,0.5621583844479393,0.15334217421919524,0.2844994413328655,review_warranted,random_forest_sigmoid
CAN-FTE9U57RLP,T1,0.09998509995229642,0.5952955552887882,0.3047193447589155,review_not_warranted,random_forest_sigmoid
CAN-QUQOLS2HT8,T1,0.5466110193046786,0.16940957848271052,0.2839794022126109,review_warranted,random_forest_sigmoid
CAN-J9DW7V0B0M,T1,0.17517132137472943,0.47075815936126725,0.35407051926400346,review_not_warranted,random_forest_sigmoid
CAN-1U7KYCHT04,T1,0.621404999340861,0.10156641940717594,0.277028581251963,insufficient_evidence,random_forest_sigmoid
CAN-8IVXRT38AV,T1,0.38477258983377177,0.24585572533234748,0.36937168483388066,review_warranted,random_forest_sigmoid
CAN-8S6ARU7BKP,T1,0.5971833349843078,0.14795923432314648,0.25485743069254574,review_warranted,random_forest_sigmoid
CAN-HA0BA87B8L,T1,0.37036929127780405,0.2337873776942513,0.3958433310279446,review_warranted,random_forest_sigmoid
CAN-0XENT8TOVT,T1,0.09439874137507283,0.6035668523525818,0.3020344062723453,review_not_warranted,random_forest_sigmoid
CAN-W10A9RCR81,T1,0.18720575593614128,0.37077511197826246,0.44201913208559623,insufficient_evidence,random_forest_sigmoid
CAN-DRJR4QD6PK,T1,0.12854066171853795,0.4715233355685539,0.39993600271290825,review_not_warranted,random_forest_sigmoid
CAN-L55BKTF9S0,T1,0.33209389698385094,0.30866075868341153,0.35924534433273747,review_not_warranted,random_forest_sigmoid
CAN-D9Y0VJJ6VW,T1,0.2979427636625605,0.27031189644602593,0.43174533989141356,review_warranted,random_forest_sigmoid
CAN-1ZS1BZI6T1,T1,0.12987412752776478,0.4525247797632986,0.4176010927089367,insufficient_evidence,random_forest_sigmoid
CAN-0BEG9SW2FJ,T1,0.06734827039232552,0.6207043749386922,0.31194735466898227,review_not_warranted,random_forest_sigmoid
CAN-R59D8GNWOE,T1,0.620026455909008,0.1093900392919468,0.2705835047990452,review_warranted,random_forest_sigmoid
CAN-RSAGRRSRCU,T1,0.14633674734485005,0.49937436567276833,0.35428888698238153,insufficient_evidence,random_forest_sigmoid
CAN-TLVR8Y2L8B,T1,0.09222919440230366,0.612152763294034,0.2956180423036624,insufficient_evidence,random_forest_sigmoid
CAN-KBNRY7AM6A,T1,0.6192066662929657,0.10371571365143999,0.2770776200555943,review_warranted,random_forest_sigmoid
CAN-GP3R1BKFVB,T1,0.3242199983115565,0.279189803494007,0.3965901981944364,review_not_warranted,random_forest_sigmoid
CAN-ZUC41D21E3,T1,0.22596923408212818,0.39943638173763313,0.37459438418023877,review_not_warranted,random_forest_sigmoid
CAN-AX8X8VO9JH,T1,0.15939710606838486,0.38628204086782447,0.4543208530637908,insufficient_evidence,random_forest_sigmoid
CAN-ADOF3P33HR,T1,0.06924298478957053,0.5774019864349608,0.3533550287754687,review_not_warranted,random_forest_sigmoid
CAN-JAC9C5ZY2J,T1,0.13990435686941252,0.4243948128764263,0.43570083025416134,review_not_warranted,random_forest_sigmoid
CAN-5EZS1T1ELJ,T1,0.193471170974274,0.3944648632742562,0.41206396575146975,review_warranted,random_forest_sigmoid
CAN-16LL783QTG,T1,0.16663181642854116,0.455478011421162,0.3778901721502968,review_not_warranted,random_forest_sigmoid
CAN-VIYZ36BREN,T1,0.3155143938281344,0.2854891772735555,0.39899642889831016,insufficient_evidence,random_forest_sigmoid
CAN-Q0VG7NCDFO,T1,0.6261300229756513,0.12432625892083632,0.2495437181035124,review_warranted,random_forest_sigmoid
CAN-LQYOAEONVO,T1,0.31687177284088724,0.3356811078989274,0.3474471192601854,insufficient_evidence,random_forest_sigmoid
CAN-Q7RFRQTAQZ,T1,0.13429967076757854,0.37902875685195797,0.4866715723804635,insufficient_evidence,random_forest_sigmoid
CAN-LNUVVT5CZH,T1,0.5728205244890875,0.15181855541002529,0.27536092010088714,review_warranted,random_forest_sigmoid
CAN-0ND8K10G3Q,T1,0.21873822777482954,0.3777488637023214,0.403512908522849,review_not_warranted,random_forest_sigmoid
CAN-2V0D61OSOH,T1,0.27229550245591666,0.3397593007714483,0.38794519677263506,review_not_warranted,random_forest_sigmoid
CAN-0EEV2PAF0Q,T1,0.09232075473348111,0.5668606401214623,0.3408186051450566,review_not_warranted,random_forest_sigmoid
CAN-OKX1I6CA68,T1,0.1476426221152178,0.5080055791665431,0.3443517987182391,insufficient_evidence,random_forest_sigmoid
CAN-58JRRKXCV8,T1,0.6253252640332717,0.10566104397117387,0.26901369199555436,insufficient_evidence,random_forest_sigmoid
CAN-Q1G8222TVV,T1,0.2352317670662532,0.33918354625898817,0.42558468667475874,review_not_warranted,random_forest_sigmoid
CAN-JMSVBKK42K,T1,0.07001835309501002,0.5525878207373652,0.3773938261676248,insufficient_evidence,random_forest_sigmoid
CAN-O8J5XQ1QHK,T1,0.3027520810905505,0.2673269724772337,0.42992094643221584,review_warranted,random_forest_sigmoid
CAN-6NHOI7HD4X,T1,0.1240758589974635,0.49825243406732217,0.3776717069352143,insufficient_evidence,random_forest_sigmoid
CAN-Z2FMDPQZ6U,T1,0.09314280300496666,0.5626601661390429,0.3441970308559904,review_not_warranted,random_forest_sigmoid
CAN-YPY46FBMCC,T1,0.4984643982850358,0.17963680044350885,0.32189880127145526,review_warranted,random_forest_sigmoid
CAN-M6I6ONFLH6,T1,0.13049499072129397,0.4760455810065618,0.39345942827214425,review_warranted,random_forest_sigmoid
CAN-MD6HSPZNPH,T1,0.37627538588769044,0.17111067992970877,0.4526139341826008,review_not_warranted,random_forest_sigmoid
CAN-BG2JQTKE9R,T1,0.3746224005978394,0.2695773820052596,0.355800217396901,insufficient_evidence,random_forest_sigmoid
CAN-NZ60ITUAMZ,T1,0.30295188057877626,0.2892561885471942,0.4077919308740295,review_warranted,random_forest_sigmoid
CAN-3E88BL7X8N,T1,0.35710757171687574,0.289561336095248,0.35333109218787634,review_warranted,random_forest_sigmoid
CAN-WRYT3JA62H,T1,0.11826278709558757,0.4726754100858705,0.40906180281854193,insufficient_evidence,random_forest_sigmoid
CAN-UC1GUSFB8Y,T1,0.39313786738615203,0.27130936027897784,0.33555277233487013,insufficient_evidence,random_forest_sigmoid
CAN-KAEH77AZL2,T1,0.23045345378625062,0.39348000218790863,0.37606654402584067,review_not_warranted,random_forest_sigmoid
CAN-NJIWES3CMC,T1,0.09933503042020501,0.5631983577256077,0.3374666118541874,review_not_warranted,random_forest_sigmoid
CAN-OV2OP0BPC2,T1,0.4388090545333742,0.23649196016454957,0.32469898530207625,insufficient_evidence,random_forest_sigmoid
CAN-8BR6ZCR6C5,T1,0.24488455149033847,0.4192448729473961,0.33587057556226546,review_not_warranted,random_forest_sigmoid
CAN-M5PX3JZR1B,T1,0.23936143072071533,0.33711199158056937,0.4235265776987154,review_warranted,random_forest_sigmoid
CAN-WQQAVM6KJ0,T1,0.49640327199906586,0.19369655731896596,0.3099001706819681,insufficient_evidence,random_forest_sigmoid
CAN-GXTMUF9MJ2,T1,0.1253939238054524,0.40336169545324263,0.4712443807413049,review_not_warranted,random_forest_sigmoid
CAN-X66G0DQZY1,T1,0.16387057245428105,0.5057510287253685,0.3303783988203505,review_not_warranted,random_forest_sigmoid
CAN-8G6HTDW3TS,T1,0.052230107680933745,0.6163910591182864,0.3313788332007799,review_not_warranted,random_forest_sigmoid
CAN-IX71UNKLCC,T1,0.199166293826082,0.4492732721562788,0.3515604340176391,review_not_warranted,random_forest_sigmoid
CAN-BQ2E1CA8JA,T1,0.1300460664535538,0.5238983788213488,0.3460555547250974,review_not_warranted,random_forest_sigmoid
CAN-C6JQXV1H28,T1,0.3136372342734945,0.29223817135340363,0.394124594373102,review_not_warranted,random_forest_sigmoid
CAN-7Z4I6X76ZY,T1,0.16279514922780866,0.49426651283878464,0.3429383379334068,insufficient_evidence,random_forest_sigmoid
CAN-4DQEX1DFLP,T1,0.09563594994225237,0.6034812883888198,0.30088276166892786,review_not_warranted,random_forest_sigmoid
CAN-GTRZMV90GK,T1,0.3003511638876191,0.24344616100633143,0.4562026751060495,insufficient_evidence,random_forest_sigmoid
CAN-28HOG1H1PI,T1,0.5465588057862755,0.17376494513929605,0.2796762490744285,review_warranted,random_forest_sigmoid
CAN-8467CAI41V,T1,0.4718589905375626,0.2266105314781981,0.3015304779842393,review_warranted,random_forest_sigmoid
CAN-A8RUHP98S6,T1,0.4004897366889611,0.24211507142595542,0.3573951918850835,insufficient_evidence,random_forest_sigmoid
CAN-6FIO389AU7,T1,0.20840535713843877,0.4122901619542331,0.3793044809073281,review_warranted,random_forest_sigmoid
CAN-GRA38D14NY,T1,0.5897067932275365,0.1557978709985899,0.2544953357738736,review_warranted,random_forest_sigmoid
CAN-TK9TB1S19Y,T1,0.14656861829165643,0.4412681511508645,0.4121632305574791,review_warranted,random_forest_sigmoid
CAN-6045ADGW9W,T1,0.04836912465278611,0.6272588984693602,0.3243719768778537,review_not_warranted,random_forest_sigmoid
CAN-YVRMB50LXO,T1,0.11202536766674281,0.6281293416733035,0.2598452906599537,review_not_warranted,random_forest_sigmoid
CAN-VJ1ATXQ4KR,T1,0.217583680137002,0.27268170714938805,0.50973461271361,review_not_warranted,random_forest_sigmoid
CAN-693NHGTCCO,T1,0.4429499500426653,0.265236881661572,0.2918131682957627,review_warranted,random_forest_sigmoid
CAN-QZE5QAIJ2T,T1,0.5724778566469824,0.12751499536538602,0.3000071479876316,review_warranted,random_forest_sigmoid
CAN-VB1685ICUZ,T1,0.11340940142398702,0.4032432286091961,0.4833473699668169,review_not_warranted,random_forest_sigmoid
CAN-VNPISGXD4Q,T1,0.2703372433972969,0.36386641964939975,0.3657963369533033,insufficient_evidence,random_forest_sigmoid
CAN-E2FZJZ8WLH,T1,0.15390917776500776,0.4781533816080836,0.3679374406269087,review_not_warranted,random_forest_sigmoid
CAN-LEJZ8XH8YE,T1,0.10127041369851913,0.5160518279413475,0.38267775836013335,insufficient_evidence,random_forest_sigmoid
CAN-SHRRQNVCIC,T1,0.11097194295528383,0.5387852140685164,0.35024284297619984,review_not_warranted,random_forest_sigmoid
CAN-8LF2PPDABK,T1,0.492182173684618,0.16474956669593963,0.3430682596194424,insufficient_evidence,random_forest_sigmoid
CAN-ZWF0AYKB18,T1,0.17470835062271786,0.43104261416747863,0.3942490352098036,review_warranted,random_forest_sigmoid
CAN-HC7VWRKBC4,T1,0.14425456280063148,0.5273324387788468,0.3284129984205218,insufficient_evidence,random_forest_sigmoid
CAN-6O36VBSAI9,T1,0.21205771539862642,0.3835334284816005,0.4044088561197732,insufficient_evidence,random_forest_sigmoid
CAN-4EK13UOVMH,T1,0.478165652834144,0.1996034407898003,0.3222309063760557,review_warranted,random_forest_sigmoid
CAN-4JML2H5550,T1,0.4469328683941975,0.23500199384961443,0.3180651377561881,review_not_warranted,random_forest_sigmoid
CAN-W803WTVEJV,T1,0.11789613374372486,0.5641296839591693,0.3179741822971058,review_not_warranted,random_forest_sigmoid
CAN-1JQKMVCC0E,T1,0.6615590043756377,0.08331167691105791,0.25512931871330435,review_warranted,random_forest_sigmoid
CAN-PFB5DKD37Z,T1,0.2826143078316682,0.34501337511403957,0.37237231705429225,review_warranted,random_forest_sigmoid
CAN-JS0TD7RAVV,T1,0.17156554155184944,0.4547914308248342,0.3736430276233164,review_warranted,random_forest_sigmoid
CAN-6N8NUY6QNZ,T1,0.24441868609147943,0.38917719565944653,0.36640411824907404,review_not_warranted,random_forest_sigmoid
CAN-3W1WRGSSBR,T1,0.4905998827283016,0.1744858144485781,0.3349143028231203,insufficient_evidence,random_forest_sigmoid
CAN-RLFHYDAOTO,T1,0.4909458813449665,0.19603109276740502,0.3130230258876286,insufficient_evidence,random_forest_sigmoid
CAN-USBPGXP3DA,T1,0.12365622486456736,0.5553475926432914,0.3209961824921413,insufficient_evidence,random_forest_sigmoid
CAN-F640D3DCIR,T1,0.23469090879045842,0.2988863635796937,0.4664227276298478,review_warranted,random_forest_sigmoid
CAN-J538MFH2RZ,T1,0.10601568623896752,0.5523771278276437,0.34160718593338885,review_warranted,random_forest_sigmoid
CAN-T3BSOKDD2P,T1,0.5463700330199789,0.15065507354379218,0.302974893436229,review_warranted,random_forest_sigmoid
CAN-1UXZVZSG4A,T1,0.13869370088006258,0.5020363940668757,0.3592699050530616,review_not_warranted,random_forest_sigmoid
CAN-QU6MD5TN0F,T1,0.14050107226748304,0.5217551340280315,0.3377437937044855,insufficient_evidence,random_forest_sigmoid
CAN-H2TOKOI56S,T1,0.27706221326643,0.3499915511215521,0.37294623561201784,insufficient_evidence,random_forest_sigmoid
CAN-ARNXXD7017,T1,0.14263003589277504,0.4804031767936177,0.37696678731360733,review_warranted,random_forest_sigmoid
CAN-BT0Y88Z5VY,T1,0.2612799108796691,0.3929923638858313,0.3457277252344995,review_warranted,random_forest_sigmoid
CAN-20LP6R01W2,T1,0.5394369826443743,0.14942632905639455,0.3111366882992312,review_warranted,random_forest_sigmoid
CAN-GT29QK48ZR,T1,0.5493255797150624,0.1439649162507139,0.30670950403422387,review_warranted,random_forest_sigmoid
CAN-JTU00IS95H,T1,0.5556096488886603,0.1320606809674072,0.31232967014393254,review_warranted,random_forest_sigmoid
CAN-KLQH9G2XAA,T1,0.13632513438561594,0.49834067576399804,0.36533418985038607,review_not_warranted,random_forest_sigmoid
CAN-1X36MKKDTS,T1,0.0897102078581243,0.5601327986473613,0.3501569934945144,review_not_warranted,random_forest_sigmoid
CAN-DANXMJUTSN,T1,0.1331783003021362,0.4277140153986281,0.4391076842992357,insufficient_evidence,random_forest_sigmoid
CAN-L16ZDGA6KP,T1,0.532838662803987,0.15720728140829798,0.30995405578771507,review_warranted,random_forest_sigmoid
CAN-ICKK4E813F,T1,0.12515412486438252,0.6060365164521997,0.26880935868341777,review_not_warranted,random_forest_sigmoid
CAN-BQA0QBKTW1,T1,0.12806951122038096,0.5676626532784972,0.3042678355011219,insufficient_evidence,random_forest_sigmoid
CAN-PBRR29HATJ,T1,0.2445307786656692,0.3842364089684058,0.37123281236592504,review_not_warranted,random_forest_sigmoid
CAN-RWVLQ6JSLV,T1,0.2179463956613852,0.3822786303252012,0.3997749740134135,review_not_warranted,random_forest_sigmoid
CAN-D0A5SDWYO9,T1,0.5562484110072803,0.14981175246999848,0.2939398365227212,review_not_warranted,random_forest_sigmoid
CAN-LAAZKJS0G8,T1,0.47045764864105516,0.20143789788222585,0.32810445347671907,insufficient_evidence,random_forest_sigmoid
CAN-9UF00BV0SU,T1,0.09462566370936176,0.5593746026906933,0.34599973359994496,review_not_warranted,random_forest_sigmoid
CAN-P049Y8KP5Z,T1,0.0867629289875549,0.6100556448002242,0.30318142621222083,review_warranted,random_forest_sigmoid
CAN-B0FYO3ENSX,T1,0.38019280418003903,0.27361054797393364,0.3461966478460273,review_warranted,random_forest_sigmoid
CAN-2MPIJSE7PT,T1,0.3864876803606024,0.27156654524915835,0.34194577439023927,review_warranted,random_forest_sigmoid
CAN-6ULFMKJ73X,T1,0.6084615462667659,0.14975575367533867,0.24178270005789554,review_warranted,random_forest_sigmoid
CAN-QCF4GZN8TD,T0,0.40235744512551447,0.09124439398654793,0.5063981608879375,insufficient_evidence,hist_gradient_boosting
CAN-O523BGV6IR,T0,0.4470410381291597,0.25993122087689985,0.2930277409939405,insufficient_evidence,hist_gradient_boosting
CAN-JUR9CRBOBB,T0,0.011157877295710623,0.024164666402546393,0.964677456301743,insufficient_evidence,hist_gradient_boosting
CAN-1EJVSHCWNY,T0,0.007159181138766669,0.03769464070986779,0.9551461781513655,review_not_warranted,hist_gradient_boosting
CAN-NLM2FQOWDX,T0,0.013461926179601659,0.3981069441134167,0.5884311297069816,insufficient_evidence,hist_gradient_boosting
CAN-2B1096MPJS,T0,0.5846183990208638,0.22175579844528026,0.19362580253385603,review_warranted,hist_gradient_boosting
CAN-046H2OTGZ2,T0,0.19359519109444775,0.21199893082036528,0.594405878085187,review_warranted,hist_gradient_boosting
CAN-M8GSUMHUBV,T0,0.24986737581670468,0.03622403674550336,0.713908587437792,review_not_warranted,hist_gradient_boosting
CAN-BENX1VQFJF,T0,0.436704910492506,0.3467660132098538,0.21652907629764023,review_warranted,hist_gradient_boosting
CAN-MG8XYRNB7R,T0,0.8670712208675772,0.018489636003159764,0.11443914312926311,insufficient_evidence,hist_gradient_boosting
CAN-N4QFJS875I,T0,0.719775319285845,0.10970598976218245,0.17051869095197245,insufficient_evidence,hist_gradient_boosting
CAN-4T5MQ6DTMK,T0,0.28448743695855777,0.14694769541554914,0.5685648676258931,review_not_warranted,hist_gradient_boosting
CAN-Z33ALI17FK,T0,0.129855531183915,0.318983761362094,0.551160707453991,review_not_warranted,hist_gradient_boosting
CAN-SR7RMC873R,T0,0.38772113076470593,0.06061718447307445,0.5516616847622197,insufficient_evidence,hist_gradient_boosting
CAN-ZSGTTG0DNE,T0,0.48827882085894375,0.049181289083086555,0.46253989005796975,review_not_warranted,hist_gradient_boosting
CAN-DZXEHKO5JZ,T0,0.6940309044318242,0.12114228184429349,0.18482681372388218,review_not_warranted,hist_gradient_boosting
CAN-531EC6XM0A,T0,0.0013377208677140533,0.32620534455045447,0.6724569345818315,insufficient_evidence,hist_gradient_boosting
CAN-STFR13OJLS,T0,0.8824618436666467,0.006257367753651774,0.11128078857970157,review_not_warranted,hist_gradient_boosting
CAN-I25Z744R3A,T0,0.01837592255144976,0.8695144252105451,0.11210965223800526,review_not_warranted,hist_gradient_boosting
CAN-7UQ40SSRBR,T0,0.004703385089727215,0.601278301494148,0.3940183134161248,review_not_warranted,hist_gradient_boosting
CAN-UVG366PFKZ,T0,0.005313959758037292,0.7961514034255007,0.1985346368164621,review_not_warranted,hist_gradient_boosting
CAN-VDBBB1U640,T0,0.005107438216773019,0.21456191930162957,0.7803306424815974,insufficient_evidence,hist_gradient_boosting
CAN-Y1ONULRYLB,T0,0.6447414343102403,0.16804299989376725,0.1872155657959924,review_warranted,hist_gradient_boosting
CAN-QQXBJU6M6L,T0,0.9603044143931337,0.013302726470606012,0.026392859136260268,insufficient_evidence,hist_gradient_boosting
CAN-3D99WGLA9F,T0,0.00994693639722428,0.007335455596139837,0.9827176080066359,review_warranted,hist_gradient_boosting
CAN-RAC3AUDPMW,T0,0.005371654002250288,0.9886988872873725,0.005929458710377281,review_not_warranted,hist_gradient_boosting
CAN-MSNJEAB1GA,T0,0.8819292165432104,0.101282313329961,0.016788470126828384,review_warranted,hist_gradient_boosting
CAN-R3PHPYEEK1,T0,0.2556887272378059,0.4257771945582741,0.31853407820392005,review_warranted,hist_gradient_boosting
CAN-4491B2CKSM,T0,0.17122118391838076,0.7387542493540344,0.09002456672758491,insufficient_evidence,hist_gradient_boosting
CAN-QCQLTNKON8,T0,0.0007935611158111929,0.9957333338602735,0.0034731050239152975,review_not_warranted,hist_gradient_boosting
CAN-YGWAL6CGCM,T0,0.993489430228348,0.003824066333155574,0.002686503438496395,review_warranted,hist_gradient_boosting
CAN-I0MWENXOTY,T0,0.05651362826751103,0.7245420710003698,0.2189443007321191,insufficient_evidence,hist_gradient_boosting
CAN-ZKFSI428I3,T0,0.926168137850157,0.008251439654081401,0.06558042249576172,review_warranted,hist_gradient_boosting
CAN-CE82WSAY7G,T0,0.07377967498645738,0.9043198051133131,0.021900519900229586,review_warranted,hist_gradient_boosting
CAN-VT4PWKOXUS,T0,0.01926777335069641,0.9030911925538824,0.07764103409542127,insufficient_evidence,hist_gradient_boosting
CAN-WMYE9H5KHU,T0,0.022635086834525968,0.795231717092161,0.18213319607331302,insufficient_evidence,hist_gradient_boosting
CAN-G5QOBJADAS,T0,0.01207878524157323,0.8188046821441755,0.16911653261425136,insufficient_evidence,hist_gradient_boosting
CAN-4HICC8FK63,T0,0.09927323596114351,0.48147571987282267,0.4192510441660339,review_not_warranted,hist_gradient_boosting
CAN-EY5UH24ZIZ,T0,0.042949508482736765,0.271544683318746,0.6855058081985173,review_warranted,hist_gradient_boosting
CAN-UOZRL1V8KU,T0,0.9027606372848397,0.04307061511274758,0.05416874760241277,insufficient_evidence,hist_gradient_boosting
CAN-BDFTFJSJN7,T0,0.0935137205714606,0.34971881501615193,0.5567674644123874,insufficient_evidence,hist_gradient_boosting
CAN-2OHE79VIFA,T0,0.15621064697797754,0.009806880529038558,0.8339824724929839,review_not_warranted,hist_gradient_boosting
CAN-Z7ABOKWLUW,T0,0.2166240801754654,0.5013141883353327,0.2820617314892019,review_not_warranted,hist_gradient_boosting
CAN-MMXHM6U1Q3,T0,0.02197292160637732,0.4626443235034043,0.5153827548902183,review_not_warranted,hist_gradient_boosting
CAN-VY0CLY1UJZ,T0,0.010615155219440293,0.9724021181500506,0.01698272663050905,review_not_warranted,hist_gradient_boosting
CAN-N2OQ035YY8,T0,0.03666731956740158,0.029783593297768935,0.9335490871348294,insufficient_evidence,hist_gradient_boosting
CAN-682VA03Y7M,T0,0.017905433438855672,0.9673946818811884,0.014699884679955932,review_not_warranted,hist_gradient_boosting
CAN-R86U0E2XY5,T0,0.0064130534927212745,0.9591313408462818,0.03445560566099691,insufficient_evidence,hist_gradient_boosting
CAN-ZQ0GWKIZ51,T0,0.49029320528015635,0.01376421441137325,0.4959425803084703,review_warranted,hist_gradient_boosting
CAN-A6ETMQZT3D,T0,0.015065955593570868,0.9326118514759386,0.052322192930490556,insufficient_evidence,hist_gradient_boosting
CAN-W41T8OR50L,T0,0.5086351378605918,0.13664061239501596,0.35472424974439226,review_warranted,hist_gradient_boosting
CAN-KMB5GTBPM9,T0,0.005819552925120246,0.9095913910046387,0.08458905607024107,review_not_warranted,hist_gradient_boosting
CAN-Z38H9W4ZGC,T0,0.023796136253327077,0.9500339169722111,0.02616994677446188,review_not_warranted,hist_gradient_boosting
CAN-XY38I4LIXQ,T0,0.07464790283398183,0.22343594240934594,0.7019161547566722,review_not_warranted,hist_gradient_boosting
CAN-UC0X4CF5YC,T0,0.08001237071084032,0.05008772961763282,0.8698998996715269,insufficient_evidence,hist_gradient_boosting
CAN-8MG3KHERI3,T0,0.12614853725128056,0.001786108897295208,0.8720653538514243,review_warranted,hist_gradient_boosting
CAN-82A1AW528U,T0,0.004088571061038721,0.42313770818902524,0.572773720749936,insufficient_evidence,hist_gradient_boosting
CAN-MYFWBL13VE,T0,0.04424247449428512,0.12963039411491822,0.8261271313907966,insufficient_evidence,hist_gradient_boosting
CAN-SXC7CQRKWL,T0,0.0048759587546943406,0.9867541299040336,0.008369911341272141,review_not_warranted,hist_gradient_boosting
CAN-4SMT2ZQ2JW,T0,0.2329272549354506,0.2354647738499294,0.53160797121462,insufficient_evidence,hist_gradient_boosting
CAN-F0PK9CCT7U,T0,0.03848613341703617,0.6892979321970083,0.2722159343859555,insufficient_evidence,hist_gradient_boosting
CAN-18HFR7ZPQ5,T0,0.8981197369841278,0.06141046696355347,0.04046979605231878,insufficient_evidence,hist_gradient_boosting
CAN-TT3YS2Q6D9,T0,0.6246072437138224,0.11130543176489376,0.2640873245212839,review_not_warranted,hist_gradient_boosting
CAN-N457EOO43R,T0,0.5869160126389834,0.10721926847793987,0.30586471888307676,insufficient_evidence,hist_gradient_boosting
CAN-JE4XWOKZY7,T0,0.06400647018904988,0.3446643023191055,0.5913292274918447,review_warranted,hist_gradient_boosting
CAN-P2BMVSIWSO,T0,0.07091928847130097,0.7698714804509562,0.15920923107774296,insufficient_evidence,hist_gradient_boosting
CAN-WSZ2K6LRDA,T0,0.003654671880496696,0.9311655777366075,0.0651797503828958,review_warranted,hist_gradient_boosting
CAN-LPTV3L15GI,T0,0.7203696160888488,0.0020435940412251185,0.27758678986992613,review_warranted,hist_gradient_boosting
CAN-HJSKW8DII3,T0,0.020218641139143057,0.9158592869181199,0.06392207194273694,review_not_warranted,hist_gradient_boosting
CAN-TEZC5LDGEW,T0,0.04783518365223265,0.30365407522207394,0.6485107411256934,review_not_warranted,hist_gradient_boosting
CAN-BA2J2OCZ4N,T0,0.013489615746253895,0.008940280628343409,0.9775701036254028,insufficient_evidence,hist_gradient_boosting
CAN-ZMVKC63G2A,T0,0.04481831576832294,0.07482637973298555,0.8803553044986916,insufficient_evidence,hist_gradient_boosting
CAN-K7S70RXAMG,T0,0.8675520453072905,0.017504180403580566,0.11494377428912904,insufficient_evidence,hist_gradient_boosting
CAN-OAOG54YAZO,T0,0.17306638508196662,0.06731624485988037,0.7596173700581531,review_not_warranted,hist_gradient_boosting
CAN-86YS89WD1X,T0,0.2727111563996095,0.13560798148046033,0.5916808621199302,insufficient_evidence,hist_gradient_boosting
CAN-LJAETPGFMO,T0,0.8769165571559158,0.07363414003318863,0.04944930281089551,insufficient_evidence,hist_gradient_boosting
CAN-KNFI1QC8WD,T0,0.6745230683323798,0.06804694180756851,0.25742998986005156,review_warranted,hist_gradient_boosting
CAN-ZSJALHV9SZ,T0,0.049618019971343116,0.0018987642345821244,0.9484832157940747,insufficient_evidence,hist_gradient_boosting
CAN-UIDCKJCDCX,T0,0.026945502769779053,0.033817843041702586,0.9392366541885184,insufficient_evidence,hist_gradient_boosting
CAN-MDT600E24L,T0,0.5638969108722139,0.0690185428014344,0.3670845463263516,review_warranted,hist_gradient_boosting
CAN-J4H3HYSW7L,T0,0.0103292485765309,0.9691186726660884,0.020552078757380635,review_not_warranted,hist_gradient_boosting
CAN-QM71SGDM4I,T0,0.1593139238213278,0.005704104731194204,0.8349819714474781,review_warranted,hist_gradient_boosting
CAN-SC42SBD0LB,T0,0.004255776572464047,0.9219789013447626,0.07376532208277348,review_not_warranted,hist_gradient_boosting
CAN-J2Z8813Q6I,T0,0.19561169689889546,0.004820353666367452,0.7995679494347371,insufficient_evidence,hist_gradient_boosting
CAN-8WZY5EL0GS,T0,0.15177960304468888,0.12744594509164703,0.7207744518636642,insufficient_evidence,hist_gradient_boosting
CAN-UC3CXNT45X,T0,0.8936149344260294,0.016542842508556633,0.08984222306541406,review_warranted,hist_gradient_boosting
CAN-OX9BJ0D2O1,T0,0.0012411281620832361,0.9845146066656261,0.01424426517229075,insufficient_evidence,hist_gradient_boosting
CAN-CSA9RPF7N0,T0,0.011165655716594433,0.6900384163116523,0.2987959279717533,review_not_warranted,hist_gradient_boosting
CAN-GAZ28IY33B,T0,0.21054061349520456,0.14348132178778863,0.6459780647170068,insufficient_evidence,hist_gradient_boosting
CAN-JEIC06XTOM,T0,0.079942394652378,0.890785845818189,0.029271759529432888,review_not_warranted,hist_gradient_boosting
CAN-WAM0MZEWD7,T0,0.25351566868907555,0.05111210685325717,0.6953722244576673,insufficient_evidence,hist_gradient_boosting
CAN-90NXQQ43RV,T0,0.0014072104040175172,0.9492775058337963,0.04931528376218616,review_not_warranted,hist_gradient_boosting
CAN-U9XCTU7C4F,T0,0.03573064491999623,0.8667850259981937,0.0974843290818101,review_not_warranted,hist_gradient_boosting
CAN-3V8APYMFFU,T0,0.014523020302749457,0.6889461935537559,0.29653078614349476,review_not_warranted,hist_gradient_boosting
CAN-4FO38FPD7B,T0,0.016922025152725412,0.6723668496965484,0.3107111251507262,review_not_warranted,hist_gradient_boosting
CAN-LQTYLY754O,T0,0.5918029814438295,0.3368366063553829,0.07136041220078763,insufficient_evidence,hist_gradient_boosting
CAN-Y1NS971FST,T0,0.8521740484095495,0.019450899514216333,0.12837505207623426,review_warranted,hist_gradient_boosting
CAN-1WB2NA52JZ,T0,0.11872438234390441,0.4731756042717969,0.40810001338429874,review_not_warranted,hist_gradient_boosting
CAN-GPXG19LRNA,T0,0.008574565589399535,0.06662829529044102,0.9247971391201595,review_not_warranted,hist_gradient_boosting
CAN-I4N8CBG88Z,T0,0.8278369726390623,0.08825320835050243,0.08390981901043536,review_warranted,hist_gradient_boosting
CAN-RG84ONNZ7C,T0,0.8424561151303014,0.1429356432946733,0.014608241575025362,review_warranted,hist_gradient_boosting
CAN-1NEQLC2YWG,T0,0.18810340070934956,0.7408349246570691,0.07106167463358137,insufficient_evidence,hist_gradient_boosting
CAN-4QS9RM4XLH,T0,0.043615753665145404,0.059674075013678836,0.8967101713211758,review_warranted,hist_gradient_boosting
CAN-CJN0H4XCFS,T0,0.1716473172801077,0.6848318394888947,0.14352084323099765,insufficient_evidence,hist_gradient_boosting
CAN-P4RVWAG757,T0,0.11226523739774397,0.025159861709239534,0.8625749008930166,insufficient_evidence,hist_gradient_boosting
CAN-ERSOR4K7QJ,T0,0.033316563320062526,0.020899538335941874,0.9457838983439956,insufficient_evidence,hist_gradient_boosting
CAN-RXMWDVU7JD,T0,0.8524353337337085,0.0012355496078218264,0.14632911665846968,review_warranted,hist_gradient_boosting
CAN-7HQWF459VW,T0,0.15472769690908328,0.3859927339203004,0.4592795691706164,review_not_warranted,hist_gradient_boosting
CAN-ME2Q23NS0G,T0,0.901185748642786,0.01702326690677122,0.08179098445044279,review_warranted,hist_gradient_boosting
CAN-W1O813CX74,T0,0.1525425374061937,0.008534529051393748,0.8389229335424125,insufficient_evidence,hist_gradient_boosting
CAN-3JG44NWV2W,T0,0.3526830872913963,0.42980496694214243,0.2175119457664613,review_warranted,hist_gradient_boosting
CAN-R3FQ58SFFS,T0,0.4182534869133076,0.1610952443502194,0.420651268736473,review_not_warranted,hist_gradient_boosting
CAN-H3DK4NU2ZJ,T0,0.9815715797134977,0.0025417010352421494,0.015886719251260208,insufficient_evidence,hist_gradient_boosting
CAN-5D0G3VUQUU,T0,0.09310325824128303,0.8826740675924398,0.024222674166277276,review_warranted,hist_gradient_boosting
CAN-ZG2995G25E,T0,0.01657042579008944,0.8941843633672476,0.08924521084266299,review_not_warranted,hist_gradient_boosting
CAN-Y746C1F209,T0,0.08109437340351183,0.46048881773877254,0.4584168088577156,review_warranted,hist_gradient_boosting
CAN-XFRLQDC4M8,T0,0.6532686890455137,0.009841377451644717,0.33688993350284163,review_warranted,hist_gradient_boosting
CAN-QA6NLD1VOR,T0,0.0009256141973806666,0.9875364172242116,0.011537968578407738,review_not_warranted,hist_gradient_boosting
CAN-WMUAXBCUOI,T0,0.003367824457319431,0.8226414075956445,0.1739907679470361,review_not_warranted,hist_gradient_boosting
CAN-H08YS9RB2I,T0,0.6043756287500237,0.3756489562440297,0.0199754150059467,review_warranted,hist_gradient_boosting
CAN-V2L4EF4KSE,T0,0.021173777341861936,0.03996870097343761,0.9388575216847005,review_not_warranted,hist_gradient_boosting
CAN-4BW4AXV2DW,T0,0.8531416791809768,0.011783777859877227,0.13507454295914587,review_warranted,hist_gradient_boosting
CAN-DMAU8U15C2,T0,0.23167984325582738,0.03781863663716287,0.7305015201070099,insufficient_evidence,hist_gradient_boosting
CAN-2LQVYTP1NE,T0,0.017426228642498338,0.02175811864756966,0.9608156527099321,review_not_warranted,hist_gradient_boosting
CAN-4CFU2SAM9A,T0,0.12567563044610539,0.11796200101939307,0.7563623685345016,insufficient_evidence,hist_gradient_boosting
CAN-J4XWX7ACSW,T0,0.012044485822720366,0.3956766402993657,0.5922788738779139,review_not_warranted,hist_gradient_boosting
CAN-DQTR43KXGL,T0,0.023822741135501067,0.9621090019170009,0.014068256947497922,review_not_warranted,hist_gradient_boosting
CAN-OKRGM086UH,T0,0.04746787628762461,0.10025298807791165,0.8522791356344638,insufficient_evidence,hist_gradient_boosting
CAN-5J9D6PMOG7,T0,0.0018968744308468274,0.9568224541418741,0.04128067142727916,insufficient_evidence,hist_gradient_boosting
CAN-NS2I9QFL3T,T0,0.01642727411082656,0.8452300643091595,0.13834266158001407,insufficient_evidence,hist_gradient_boosting
CAN-GYB9DQNAPG,T0,0.03506263128384367,0.8810943727779021,0.08384299593825419,review_not_warranted,hist_gradient_boosting
CAN-I3PAG0MQ4S,T0,0.0053097619890610966,0.12336770383711634,0.8713225341738225,insufficient_evidence,hist_gradient_boosting
CAN-P69V1TRALB,T0,0.0012006886885463743,0.9708623515904982,0.027936959720955397,review_not_warranted,hist_gradient_boosting
CAN-6E9YCRS9LL,T0,0.4780014710812633,0.24453006254318016,0.2774684663755566,insufficient_evidence,hist_gradient_boosting
CAN-7YPZD0CRBH,T0,0.2841534513826167,0.3565172279809995,0.3593293206363838,review_warranted,hist_gradient_boosting
CAN-YM0I69QM0I,T0,0.0006075096828929064,0.9974965223241494,0.0018959679929576921,insufficient_evidence,hist_gradient_boosting
CAN-WP2EAZABSX,T0,0.8746195376110263,0.008769633321861791,0.11661082906711191,insufficient_evidence,hist_gradient_boosting
CAN-VRIHDH9JWE,T0,0.33172322773205565,0.04469791891583778,0.6235788533521065,insufficient_evidence,hist_gradient_boosting
CAN-IA8U1DVUO4,T0,0.033582900450440274,0.9492778816801446,0.01713921786941511,review_not_warranted,hist_gradient_boosting
CAN-TOCVLBL1FO,T0,0.968245591842583,0.0013103367338606717,0.030444071423556405,review_warranted,hist_gradient_boosting
CAN-YP40LZV7HG,T0,0.3937654445543939,0.48656623198567056,0.1196683234599357,insufficient_evidence,hist_gradient_boosting
CAN-XM0NTONS8I,T0,0.31120977908970404,0.2696023457749382,0.41918787513535777,review_not_warranted,hist_gradient_boosting
CAN-LO4SALY31V,T0,0.03618373266160774,0.9294130701314546,0.03440319720693769,review_not_warranted,hist_gradient_boosting
CAN-UXJU0P1A4M,T0,0.712761262257766,0.008505542543449698,0.2787331951987843,review_warranted,hist_gradient_boosting
CAN-MFQ4GY8XPH,T0,0.5739898184083844,0.25433454162592006,0.17167563996569557,review_not_warranted,hist_gradient_boosting
CAN-TSX3YOZ6OH,T0,0.018991357622662818,0.9073696242939134,0.07363901808342382,review_not_warranted,hist_gradient_boosting
CAN-RH7J269JWB,T0,0.29749069809444184,0.40514740007782946,0.2973619018277288,review_warranted,hist_gradient_boosting
CAN-MFBV0FQM3G,T0,0.0021948238788935784,0.03797521021192026,0.9598299659091861,review_not_warranted,hist_gradient_boosting
CAN-J36EAQ6YIB,T0,0.01593945268018506,0.7278870411060426,0.2561735062137723,review_not_warranted,hist_gradient_boosting
CAN-Y8KKG8V4R5,T0,0.8690566704930809,0.009851846269263251,0.12109148323765594,review_warranted,hist_gradient_boosting
CAN-JH3BMQ4XC7,T0,0.16171578619568874,0.27497205209025094,0.5633121617140603,review_not_warranted,hist_gradient_boosting
CAN-WNGDAMUN3D,T0,0.006740845704406601,0.9766816559809207,0.01657749831467268,review_not_warranted,hist_gradient_boosting
CAN-OQIKHLUC4W,T0,0.669693916167749,0.11973631151802297,0.2105697723142281,insufficient_evidence,hist_gradient_boosting
CAN-B8OEQZRDZO,T0,0.024286248256408252,0.2859656699978908,0.6897480817457009,insufficient_evidence,hist_gradient_boosting
CAN-GS1ASP5I7M,T0,0.4029374015810302,0.03349889849267736,0.5635636999262924,review_warranted,hist_gradient_boosting
CAN-SIIOAIPEG6,T0,0.39770678364284584,0.027116873609003885,0.5751763427481503,review_warranted,hist_gradient_boosting
CAN-OHKKF3MKJ3,T0,0.20501281401274848,0.053148324584525314,0.7418388614027261,insufficient_evidence,hist_gradient_boosting
CAN-BDWF22CYUA,T0,0.000561605542509831,0.99456543626481,0.004872958192680214,insufficient_evidence,hist_gradient_boosting
CAN-JUDHP15RCW,T0,0.021383239570794774,0.9451296938239641,0.03348706660524117,review_not_warranted,hist_gradient_boosting
CAN-3H2ZQ20HYA,T0,0.013724776032187537,0.7669002124945922,0.2193750114732202,insufficient_evidence,hist_gradient_boosting
CAN-9Y4E8DVX0U,T0,0.8767475423943967,0.016006596634105204,0.10724586097149819,insufficient_evidence,hist_gradient_boosting
CAN-56NGPDUGKO,T0,0.1870891558466889,0.3625602508776478,0.45035059327566335,review_not_warranted,hist_gradient_boosting
CAN-HNHZKKFNLR,T0,0.009452811121654756,0.9720391084709868,0.0185080804073583,insufficient_evidence,hist_gradient_boosting
CAN-3L9PECKRSW,T0,0.5692547704010791,0.09705171011996842,0.3336935194789525,review_warranted,hist_gradient_boosting
CAN-30WX81N4ES,T0,0.9703531708675676,0.005277582955323345,0.02436924617710909,review_warranted,hist_gradient_boosting
CAN-UQQIYRW0PD,T0,0.6689786702855552,0.0052600562189555515,0.3257612734954893,review_warranted,hist_gradient_boosting
CAN-V9M5ANAVAQ,T0,0.16801347570320135,0.6744895784744716,0.15749694582232704,review_not_warranted,hist_gradient_boosting
CAN-ZT3OGP0JXS,T0,0.0013751914573500682,0.8855561577642463,0.11306865077840353,review_not_warranted,hist_gradient_boosting
CAN-VHIJVPARK8,T0,0.3708820737999021,0.0024675761551364176,0.6266503500449615,review_warranted,hist_gradient_boosting
CAN-FVPXP9IPUU,T0,0.5811946832445735,0.3837529279120798,0.035052388843346785,review_not_warranted,hist_gradient_boosting
CAN-6EP6GXXTK9,T0,0.004274443792074538,0.20477300927382439,0.7909525469341011,review_not_warranted,hist_gradient_boosting
CAN-JR75FSAO9V,T0,0.05611878424915053,0.7255052186066332,0.21837599714421635,review_not_warranted,hist_gradient_boosting
CAN-07K7VDEEMK,T0,0.6581119753743504,0.00475737092943933,0.3371306536962103,review_warranted,hist_gradient_boosting
CAN-X83JEQTGZH,T0,0.9580798143462742,0.005239611416641652,0.03668057423708411,review_warranted,hist_gradient_boosting
CAN-CM7DYFBA7J,T0,0.2267634710132348,0.19886434751802937,0.5743721814687359,insufficient_evidence,hist_gradient_boosting
CAN-5N3RUX7YHN,T0,0.39686314878461526,0.18175542054789945,0.4213814306674852,review_warranted,hist_gradient_boosting
CAN-R18R0Y2KT1,T0,0.36601709151903417,0.21807688154060145,0.41590602694036444,review_warranted,hist_gradient_boosting
CAN-MKP2V46UCL,T0,0.9525573892830757,0.03998968500327191,0.007452925713652483,review_warranted,hist_gradient_boosting
CAN-AUHE529DEL,T0,0.0017589095932697399,0.9748857021535265,0.023355388253203633,review_not_warranted,hist_gradient_boosting
CAN-RB7I4QYEUI,T0,0.6956725388247552,0.02554902788812428,0.2787784332871205,insufficient_evidence,hist_gradient_boosting
CAN-0R2G3NUIKR,T0,0.6017501048955834,0.3380579825067716,0.06019191259764497,review_warranted,hist_gradient_boosting
CAN-FTE9U57RLP,T0,0.010406350778258092,0.9089006634270471,0.08069298579469475,review_not_warranted,hist_gradient_boosting
CAN-QUQOLS2HT8,T0,0.844039796132363,0.0015466350962562556,0.15441356877138068,review_warranted,hist_gradient_boosting
CAN-J9DW7V0B0M,T0,0.026370141544952652,0.3210970593019301,0.6525327991531172,insufficient_evidence,hist_gradient_boosting
CAN-1U7KYCHT04,T0,0.9981073065484284,0.0007795445082910824,0.001113148943280425,insufficient_evidence,hist_gradient_boosting
CAN-8IVXRT38AV,T0,0.18236706280338755,0.21571939596265194,0.6019135412339605,review_warranted,hist_gradient_boosting
CAN-8S6ARU7BKP,T0,0.9790414968008245,0.0012548324222846656,0.019703670776890808,review_warranted,hist_gradient_boosting
CAN-HA0BA87B8L,T0,0.06837407573431019,0.5884808724554096,0.3431450518102802,insufficient_evidence,hist_gradient_boosting
CAN-0XENT8TOVT,T0,0.0002877026739776585,0.7357265300764578,0.26398576724956446,review_not_warranted,hist_gradient_boosting
CAN-W10A9RCR81,T0,0.06553454165879365,0.27298660661525487,0.6614788517259516,insufficient_evidence,hist_gradient_boosting
CAN-DRJR4QD6PK,T0,0.004882950715395322,0.9364222754904137,0.058694773794190996,review_not_warranted,hist_gradient_boosting
CAN-L55BKTF9S0,T0,0.261845891556164,0.6435009167233162,0.09465319172051974,review_not_warranted,hist_gradient_boosting
CAN-D9Y0VJJ6VW,T0,0.9765780079170107,0.0017809612419409952,0.021641030841048268,review_warranted,hist_gradient_boosting
CAN-1ZS1BZI6T1,T0,0.08339786092712638,0.007542258658774758,0.9090598804140989,insufficient_evidence,hist_gradient_boosting
CAN-0BEG9SW2FJ,T0,0.07270215434196868,0.714144794475961,0.21315305118207023,review_not_warranted,hist_gradient_boosting
CAN-R59D8GNWOE,T0,0.6829756692735934,0.035876181719767315,0.28114814900663926,review_warranted,hist_gradient_boosting
CAN-RSAGRRSRCU,T0,0.14965342056110859,0.37322705711815124,0.47711952232074023,insufficient_evidence,hist_gradient_boosting
CAN-TLVR8Y2L8B,T0,0.40017708993243384,0.019997765119114948,0.5798251449484512,review_warranted,hist_gradient_boosting
CAN-KBNRY7AM6A,T0,0.9768553466750118,0.004220734890871634,0.01892391843411661,review_warranted,hist_gradient_boosting
CAN-GP3R1BKFVB,T0,0.012884956469283724,0.97374624205555,0.013368801475166293,review_not_warranted,hist_gradient_boosting
CAN-ZUC41D21E3,T0,0.032451374180375164,0.9324767388465184,0.03507188697310653,review_not_warranted,hist_gradient_boosting
CAN-AX8X8VO9JH,T0,0.08912299448410288,0.08304665448663728,0.82783035102926,insufficient_evidence,hist_gradient_boosting
CAN-ADOF3P33HR,T0,0.023807902330109616,0.19474049465047072,0.7814516030194197,insufficient_evidence,hist_gradient_boosting
CAN-JAC9C5ZY2J,T0,0.004087453146535969,0.5666381779561096,0.42927436889735454,review_not_warranted,hist_gradient_boosting
CAN-5EZS1T1ELJ,T0,0.23486799664807642,0.30382079624342606,0.46131120710849755,insufficient_evidence,hist_gradient_boosting
CAN-16LL783QTG,T0,0.01094755422729064,0.4240480036805916,0.5650044420921178,review_not_warranted,hist_gradient_boosting
CAN-VIYZ36BREN,T0,0.022701248285752453,0.24267048468315347,0.7346282670310942,insufficient_evidence,hist_gradient_boosting
CAN-Q0VG7NCDFO,T0,0.3040422564365084,0.1745956025499724,0.5213621410135192,review_warranted,hist_gradient_boosting
CAN-LQYOAEONVO,T0,0.3646492585183644,0.44413869458804606,0.19121204689358964,insufficient_evidence,hist_gradient_boosting
CAN-Q7RFRQTAQZ,T0,0.6402684927871223,0.0697811863731814,0.2899503208396963,insufficient_evidence,hist_gradient_boosting
CAN-LNUVVT5CZH,T0,0.09502603807303607,0.17403114312403944,0.7309428188029244,review_warranted,hist_gradient_boosting
CAN-0ND8K10G3Q,T0,0.8617539523939499,0.04634384964558548,0.09190219796046457,review_not_warranted,hist_gradient_boosting
CAN-2V0D61OSOH,T0,0.05034411091156233,0.7023688045870923,0.2472870845013454,review_not_warranted,hist_gradient_boosting
CAN-0EEV2PAF0Q,T0,0.3536054048430666,0.11219673691882504,0.5341978582381085,review_not_warranted,hist_gradient_boosting
CAN-OKX1I6CA68,T0,0.03557885424923082,0.45674241513846936,0.5076787306122998,insufficient_evidence,hist_gradient_boosting
CAN-58JRRKXCV8,T0,0.9035117436655654,0.004160658347553511,0.09232759798688106,insufficient_evidence,hist_gradient_boosting
CAN-Q1G8222TVV,T0,0.14177715823344206,0.1766818479384173,0.6815409938281407,review_warranted,hist_gradient_boosting
CAN-JMSVBKK42K,T0,0.19475504876587268,0.047503509073785775,0.7577414421603417,insufficient_evidence,hist_gradient_boosting
CAN-O8J5XQ1QHK,T0,0.01634761179565026,0.002447510437968862,0.9812048777663809,review_warranted,hist_gradient_boosting
CAN-6NHOI7HD4X,T0,0.08478515478566098,0.4465052290625345,0.4687096161518045,review_not_warranted,hist_gradient_boosting
CAN-Z2FMDPQZ6U,T0,0.004159339069890051,0.7764272141694146,0.21941344676069516,review_not_warranted,hist_gradient_boosting
CAN-YPY46FBMCC,T0,0.06012805700357096,0.8871515941120088,0.052720348884420246,insufficient_evidence,hist_gradient_boosting
CAN-M6I6ONFLH6,T0,0.003953184169274686,0.9371488649464886,0.05889795088423666,insufficient_evidence,hist_gradient_boosting
CAN-MD6HSPZNPH,T0,0.003357291816752779,0.22166618393510312,0.7749765242481441,insufficient_evidence,hist_gradient_boosting
CAN-BG2JQTKE9R,T0,0.6442803126698952,0.18307160215121887,0.17264808517888597,insufficient_evidence,hist_gradient_boosting
CAN-NZ60ITUAMZ,T0,0.053394701919101326,0.9055749935576068,0.04103030452329185,insufficient_evidence,hist_gradient_boosting
CAN-3E88BL7X8N,T0,0.9208434038461235,0.021628879973317704,0.05752771618055874,review_warranted,hist_gradient_boosting
CAN-WRYT3JA62H,T0,0.04089426243071289,0.09003774643695496,0.8690679911323322,insufficient_evidence,hist_gradient_boosting
CAN-UC1GUSFB8Y,T0,0.04958257357647065,0.04371955316564645,0.9066978732578829,insufficient_evidence,hist_gradient_boosting
CAN-KAEH77AZL2,T0,0.2064472694106027,0.2592399278105794,0.5343128027788179,review_not_warranted,hist_gradient_boosting
CAN-NJIWES3CMC,T0,0.00372430308976331,0.9236891540365422,0.07258654287369444,review_not_warranted,hist_gradient_boosting
CAN-OV2OP0BPC2,T0,0.19949812635175207,0.31905662489891373,0.48144524874933414,review_warranted,hist_gradient_boosting
CAN-8BR6ZCR6C5,T0,0.0713304679041654,0.7398399885063568,0.18882954358947787,review_not_warranted,hist_gradient_boosting
CAN-M5PX3JZR1B,T0,0.9466839230782302,0.01843198381034005,0.03488409311142979,review_warranted,hist_gradient_boosting
CAN-WQQAVM6KJ0,T0,0.765665095193995,0.1802339663755846,0.05410093843042052,insufficient_evidence,hist_gradient_boosting
CAN-GXTMUF9MJ2,T0,0.00044912654017995046,0.008068342796215202,0.9914825306636049,review_not_warranted,hist_gradient_boosting
CAN-X66G0DQZY1,T0,0.013378441678695873,0.7848068214743791,0.20181473684692514,review_not_warranted,hist_gradient_boosting
CAN-8G6HTDW3TS,T0,0.33845763802073675,0.3000302808479531,0.3615120811313102,review_not_warranted,hist_gradient_boosting
CAN-IX71UNKLCC,T0,0.03482801671000284,0.7114828278396507,0.25368915545034654,review_not_warranted,hist_gradient_boosting
CAN-BQ2E1CA8JA,T0,0.37241942344045253,0.5402700022795414,0.08731057428000605,review_not_warranted,hist_gradient_boosting
CAN-C6JQXV1H28,T0,0.448706054128197,0.09374639318270006,0.4575475526891029,review_not_warranted,hist_gradient_boosting
CAN-7Z4I6X76ZY,T0,0.04646312590168115,0.2934485934557025,0.6600882806426164,review_not_warranted,hist_gradient_boosting
CAN-4DQEX1DFLP,T0,0.011863464206470364,0.49283104850742315,0.4953054872861064,review_not_warranted,hist_gradient_boosting
CAN-GTRZMV90GK,T0,0.054931355029694394,0.02854877277377213,0.9165198721965334,insufficient_evidence,hist_gradient_boosting
CAN-28HOG1H1PI,T0,0.5968007855428451,0.030705585901298217,0.3724936285558566,review_warranted,hist_gradient_boosting
CAN-8467CAI41V,T0,0.3247992297079916,0.589818247335275,0.08538252295673347,review_warranted,hist_gradient_boosting
CAN-A8RUHP98S6,T0,0.08376873162393361,0.4954299121295122,0.4208013562465542,review_not_warranted,hist_gradient_boosting
CAN-6FIO389AU7,T0,0.8611839669614635,0.02384181875590558,0.11497421428263098,review_warranted,hist_gradient_boosting
CAN-GRA38D14NY,T0,0.9612302045130697,0.004869051740063214,0.03390074374686708,review_warranted,hist_gradient_boosting
CAN-TK9TB1S19Y,T0,0.47220063437573123,0.012313423143665713,0.515485942480603,review_warranted,hist_gradient_boosting
CAN-6045ADGW9W,T0,0.0011258530904039944,0.990817007929365,0.008057138980231054,review_not_warranted,hist_gradient_boosting
CAN-YVRMB50LXO,T0,0.0016301096546442275,0.9847463125459129,0.013623577799442867,review_not_warranted,hist_gradient_boosting
CAN-VJ1ATXQ4KR,T0,0.056510207332171894,0.22708740312300116,0.716402389544827,review_not_warranted,hist_gradient_boosting
CAN-693NHGTCCO,T0,0.9714922494709798,0.0019654324722926464,0.02654231805672764,review_warranted,hist_gradient_boosting
CAN-QZE5QAIJ2T,T0,0.5892538454876923,0.08603744335169743,0.32470871116061034,review_warranted,hist_gradient_boosting
CAN-VB1685ICUZ,T0,0.007082635075288641,0.11123451814535945,0.8816828467793519,review_not_warranted,hist_gradient_boosting
CAN-VNPISGXD4Q,T0,0.8262284909107499,0.03352592905038831,0.1402455800388618,review_warranted,hist_gradient_boosting
CAN-E2FZJZ8WLH,T0,0.03742014321844883,0.7955908777773727,0.16698897900417847,insufficient_evidence,hist_gradient_boosting
CAN-LEJZ8XH8YE,T0,0.776392959609775,0.19735769129603595,0.02624934909418911,insufficient_evidence,hist_gradient_boosting
CAN-SHRRQNVCIC,T0,0.0027982422550971125,0.9951925121755636,0.0020092455693393276,review_not_warranted,hist_gradient_boosting
CAN-8LF2PPDABK,T0,0.3203032787968608,0.007608491459749668,0.6720882297433896,insufficient_evidence,hist_gradient_boosting
CAN-ZWF0AYKB18,T0,0.32072100989807745,0.25046804656192584,0.4288109435399967,review_warranted,hist_gradient_boosting
CAN-HC7VWRKBC4,T0,0.07828307066897516,0.6820311353637394,0.23968579396728548,insufficient_evidence,hist_gradient_boosting
CAN-6O36VBSAI9,T0,0.9446430998521058,0.00848750206124675,0.046869398086647446,review_warranted,hist_gradient_boosting
CAN-4EK13UOVMH,T0,0.25386657171957544,0.2624375377944706,0.483695890485954,review_warranted,hist_gradient_boosting
CAN-4JML2H5550,T0,0.5240068587302787,0.2947965501375446,0.18119659113217668,insufficient_evidence,hist_gradient_boosting
CAN-W803WTVEJV,T0,0.003975435548168818,0.9528368905667223,0.04318767388510901,review_not_warranted,hist_gradient_boosting
CAN-1JQKMVCC0E,T0,0.990482296643724,0.0002761202713578899,0.009241583084918046,review_warranted,hist_gradient_boosting
CAN-PFB5DKD37Z,T0,0.5482044208433173,0.24832190723082284,0.20347367192585988,review_warranted,hist_gradient_boosting
CAN-JS0TD7RAVV,T0,0.003039933997511233,0.07521474307828742,0.9217453229242013,review_warranted,hist_gradient_boosting
CAN-6N8NUY6QNZ,T0,0.6299130085280646,0.2007317384684161,0.16935525300351917,review_not_warranted,hist_gradient_boosting
CAN-3W1WRGSSBR,T0,0.5047962955176916,0.02464709596898555,0.47055660851332287,insufficient_evidence,hist_gradient_boosting
CAN-RLFHYDAOTO,T0,0.3301756166793602,0.29039608720147225,0.3794282961191676,review_not_warranted,hist_gradient_boosting
CAN-USBPGXP3DA,T0,0.012546098899010132,0.9299063259279836,0.05754757517300624,insufficient_evidence,hist_gradient_boosting
CAN-F640D3DCIR,T0,0.11582134511748655,0.34514571884382916,0.5390329360386843,insufficient_evidence,hist_gradient_boosting
CAN-J538MFH2RZ,T0,0.010824963913347642,0.8771418826548718,0.11203315343178052,review_warranted,hist_gradient_boosting
CAN-T3BSOKDD2P,T0,0.8945957898063684,0.006796729701229027,0.09860748049240256,review_warranted,hist_gradient_boosting
CAN-1UXZVZSG4A,T0,0.009987240816634418,0.028812447568424375,0.9612003116149412,review_not_warranted,hist_gradient_boosting
CAN-QU6MD5TN0F,T0,0.06613921582246338,0.24449193762193036,0.6893688465556064,insufficient_evidence,hist_gradient_boosting
CAN-H2TOKOI56S,T0,0.08554742336484358,0.7374959202338417,0.17695665640131475,review_not_warranted,hist_gradient_boosting
CAN-ARNXXD7017,T0,0.3324610815403508,0.09148768147048575,0.5760512369891635,review_warranted,hist_gradient_boosting
CAN-BT0Y88Z5VY,T0,0.10071437265684947,0.1068137595893353,0.7924718677538153,review_warranted,hist_gradient_boosting
CAN-20LP6R01W2,T0,0.9644997707325603,0.0013369941168118193,0.03416323515062791,review_warranted,hist_gradient_boosting
CAN-GT29QK48ZR,T0,0.854463008727171,0.11596640534732011,0.029570585925508968,review_warranted,hist_gradient_boosting
CAN-JTU00IS95H,T0,0.24177708946963444,0.7023604731715186,0.055862437358846946,review_warranted,hist_gradient_boosting
CAN-KLQH9G2XAA,T0,0.36765998861565646,0.17145581865006415,0.4608841927342794,review_not_warranted,hist_gradient_boosting
CAN-1X36MKKDTS,T0,0.01409116744003448,0.08782369332612616,0.8980851392338394,review_not_warranted,hist_gradient_boosting
CAN-DANXMJUTSN,T0,0.30464586285944767,0.11129581233417275,0.5840583248063795,insufficient_evidence,hist_gradient_boosting
CAN-L16ZDGA6KP,T0,0.6955180753529038,0.05217722429876876,0.25230470034832747,review_warranted,hist_gradient_boosting
CAN-ICKK4E813F,T0,0.016879898667231746,0.9651160151898373,0.01800408614293102,review_not_warranted,hist_gradient_boosting
CAN-BQA0QBKTW1,T0,0.0332406159525002,0.927478179353116,0.03928120469438375,insufficient_evidence,hist_gradient_boosting
CAN-PBRR29HATJ,T0,0.041883790151999105,0.3029835120218062,0.6551326978261948,review_not_warranted,hist_gradient_boosting
CAN-RWVLQ6JSLV,T0,0.009528918923232394,0.5580507471940487,0.43242033388271894,insufficient_evidence,hist_gradient_boosting
CAN-D0A5SDWYO9,T0,0.5341618926509198,0.08084079344638476,0.3849973139026955,review_not_warranted,hist_gradient_boosting
CAN-LAAZKJS0G8,T0,0.397784855970089,0.31388323475464014,0.2883319092752709,insufficient_evidence,hist_gradient_boosting
CAN-9UF00BV0SU,T0,0.008132224497479133,0.8773258881366733,0.11454188736584753,insufficient_evidence,hist_gradient_boosting
CAN-P049Y8KP5Z,T0,0.021245295387475237,0.9480780414363336,0.030676663176191183,review_warranted,hist_gradient_boosting
CAN-B0FYO3ENSX,T0,0.7131187467849683,0.15437183815198052,0.13250941506305117,review_warranted,hist_gradient_boosting
CAN-2MPIJSE7PT,T0,0.4617353828715688,0.2535486920266582,0.28471592510177296,review_warranted,hist_gradient_boosting
CAN-6ULFMKJ73X,T0,0.08617170514665232,0.224020443358891,0.6898078514944567,review_warranted,hist_gradient_boosting
CAN-QCF4GZN8TD,T1,0.745943206350364,0.004563578218381268,0.2494932154312547,insufficient_evidence,hist_gradient_boosting
CAN-O523BGV6IR,T1,0.0731169389565499,0.24722337096467634,0.6796596900787737,review_not_warranted,hist_gradient_boosting
CAN-JUR9CRBOBB,T1,0.07540080360363417,0.03870910602077944,0.8858900903755864,insufficient_evidence,hist_gradient_boosting
CAN-1EJVSHCWNY,T1,0.3065832136768935,0.5064065948042619,0.18701019151884474,review_not_warranted,hist_gradient_boosting
CAN-NLM2FQOWDX,T1,0.007620054906920954,0.08404193634381346,0.9083380087492656,insufficient_evidence,hist_gradient_boosting
CAN-2B1096MPJS,T1,0.41877932526248446,0.05326501621852289,0.5279556585189927,review_warranted,hist_gradient_boosting
CAN-046H2OTGZ2,T1,0.011502128431824086,0.08236667067597296,0.906131200892203,review_warranted,hist_gradient_boosting
CAN-M8GSUMHUBV,T1,0.058346781875321586,0.7713411132064335,0.1703121049182448,review_not_warranted,hist_gradient_boosting
CAN-BENX1VQFJF,T1,0.289767565506816,0.15382927782954647,0.5564031566636375,review_warranted,hist_gradient_boosting
CAN-MG8XYRNB7R,T1,0.950165027649009,0.023956522987125504,0.02587844936386555,insufficient_evidence,hist_gradient_boosting
CAN-N4QFJS875I,T1,0.9142348231800911,0.06469565002753243,0.021069526792376458,insufficient_evidence,hist_gradient_boosting
CAN-4T5MQ6DTMK,T1,0.9214271497863824,0.03436540127187573,0.044207448941741924,review_not_warranted,hist_gradient_boosting
CAN-Z33ALI17FK,T1,0.03263568054132846,0.7168828766766999,0.2504814427819716,review_not_warranted,hist_gradient_boosting
CAN-SR7RMC873R,T1,0.012648065420651956,0.020436744328729585,0.9669151902506186,review_not_warranted,hist_gradient_boosting
CAN-ZSGTTG0DNE,T1,0.279486958381872,0.6030733715393173,0.11743967007881086,review_not_warranted,hist_gradient_boosting
CAN-DZXEHKO5JZ,T1,0.04942648254726229,0.12025500292996147,0.8303185145227763,review_not_warranted,hist_gradient_boosting
CAN-531EC6XM0A,T1,0.012398375718234565,0.399357383458316,0.5882442408234494,review_not_warranted,hist_gradient_boosting
CAN-STFR13OJLS,T1,0.986030065417486,0.0038136894497396287,0.010156245132774517,review_not_warranted,hist_gradient_boosting
CAN-I25Z744R3A,T1,0.024254402314514416,0.9130199670861612,0.06272563059932451,review_not_warranted,hist_gradient_boosting
CAN-7UQ40SSRBR,T1,0.00414556546124275,0.500942048287693,0.49491238625106426,review_not_warranted,hist_gradient_boosting
CAN-UVG366PFKZ,T1,0.13349151372413778,0.0589610471853704,0.8075474390904918,review_not_warranted,hist_gradient_boosting
CAN-VDBBB1U640,T1,0.02617502917328046,0.9533175875016355,0.02050738332508403,insufficient_evidence,hist_gradient_boosting
CAN-Y1ONULRYLB,T1,0.04415186690937713,0.6722142039866102,0.2836339291040127,insufficient_evidence,hist_gradient_boosting
CAN-QQXBJU6M6L,T1,0.5173174231329966,0.32978163784108705,0.15290093902591628,insufficient_evidence,hist_gradient_boosting
CAN-3D99WGLA9F,T1,0.03137583385647984,0.1867545913165092,0.781869574827011,insufficient_evidence,hist_gradient_boosting
CAN-RAC3AUDPMW,T1,0.056622788592420266,0.1051963172499581,0.8381808941576218,review_not_warranted,hist_gradient_boosting
CAN-MSNJEAB1GA,T1,0.7441992474464091,0.003238892037448809,0.2525618605161421,review_warranted,hist_gradient_boosting
CAN-R3PHPYEEK1,T1,0.027820692130106642,0.9543923597545215,0.017786948115371837,review_warranted,hist_gradient_boosting
CAN-4491B2CKSM,T1,0.00477045368637823,0.8393769783962541,0.15585256791736765,review_not_warranted,hist_gradient_boosting
CAN-QCQLTNKON8,T1,0.013620303844368086,0.9810342688618056,0.005345427293826433,review_not_warranted,hist_gradient_boosting
CAN-YGWAL6CGCM,T1,0.8756840124205791,0.08942325980812564,0.034892727771295345,review_warranted,hist_gradient_boosting
CAN-I0MWENXOTY,T1,0.28477692905088803,0.29657951317226194,0.4186435577768501,review_not_warranted,hist_gradient_boosting
CAN-ZKFSI428I3,T1,0.6759072164086899,0.0008968742704538927,0.3231959093208563,review_warranted,hist_gradient_boosting
CAN-CE82WSAY7G,T1,0.6308050212944939,0.30277166813453077,0.06642331057097535,review_warranted,hist_gradient_boosting
CAN-VT4PWKOXUS,T1,0.07385469169768197,0.2935768699641957,0.6325684383381224,insufficient_evidence,hist_gradient_boosting
CAN-WMYE9H5KHU,T1,0.007629305601184449,0.702224020035956,0.2901466743628596,insufficient_evidence,hist_gradient_boosting
CAN-G5QOBJADAS,T1,0.018193903770874275,0.3818130450795342,0.5999930511495916,insufficient_evidence,hist_gradient_boosting
CAN-4HICC8FK63,T1,0.01282176050008758,0.9549270655179578,0.03225117398195461,insufficient_evidence,hist_gradient_boosting
CAN-EY5UH24ZIZ,T1,0.5379990962470305,0.08452101651293029,0.3774798872400393,review_warranted,hist_gradient_boosting
CAN-UOZRL1V8KU,T1,0.007305603621091207,0.12204678588896738,0.8706476104899414,review_warranted,hist_gradient_boosting
CAN-BDFTFJSJN7,T1,0.06521852463185739,0.18787385598469725,0.7469076193834454,insufficient_evidence,hist_gradient_boosting
CAN-2OHE79VIFA,T1,0.3497905334444451,0.2045650796967749,0.44564438685878,review_not_warranted,hist_gradient_boosting
CAN-Z7ABOKWLUW,T1,0.003695818800419305,0.94306101043052,0.05324317076906049,review_not_warranted,hist_gradient_boosting
CAN-MMXHM6U1Q3,T1,0.01592520626897921,0.9499994108743688,0.03407538285665206,review_not_warranted,hist_gradient_boosting
CAN-VY0CLY1UJZ,T1,0.023627176903104532,0.8793788277830134,0.09699399531388211,insufficient_evidence,hist_gradient_boosting
CAN-N2OQ035YY8,T1,0.010967926276010913,0.010797744660722404,0.9782343290632667,insufficient_evidence,hist_gradient_boosting
CAN-682VA03Y7M,T1,0.008214468685580125,0.7953391484779035,0.1964463828365164,review_not_warranted,hist_gradient_boosting
CAN-R86U0E2XY5,T1,0.005773021438464695,0.9057877468733325,0.08843923168820289,review_not_warranted,hist_gradient_boosting
CAN-ZQ0GWKIZ51,T1,0.754451873398791,0.013708180739702694,0.23183994586150622,review_warranted,hist_gradient_boosting
CAN-A6ETMQZT3D,T1,0.05619046598576865,0.9302574864348455,0.013552047579385914,review_not_warranted,hist_gradient_boosting
CAN-W41T8OR50L,T1,0.8980761191512927,0.09240636349486815,0.009517517353839197,review_warranted,hist_gradient_boosting
CAN-KMB5GTBPM9,T1,0.012144909134183505,0.7943465469549492,0.19350854391086733,insufficient_evidence,hist_gradient_boosting
CAN-Z38H9W4ZGC,T1,0.07913034086753218,0.8460275407984456,0.07484211833402223,review_not_warranted,hist_gradient_boosting
CAN-XY38I4LIXQ,T1,0.01039250704378478,0.7836353892381921,0.2059721037180231,review_not_warranted,hist_gradient_boosting
CAN-UC0X4CF5YC,T1,0.03486842492109553,0.5727467536922718,0.3923848213866326,insufficient_evidence,hist_gradient_boosting
CAN-8MG3KHERI3,T1,0.5560496148029774,0.1609844196842139,0.2829659655128087,review_warranted,hist_gradient_boosting
CAN-82A1AW528U,T1,0.04992936422007947,0.055678885470183,0.8943917503097375,review_not_warranted,hist_gradient_boosting
CAN-MYFWBL13VE,T1,0.4123256964262517,0.0749808636315223,0.5126934399422259,insufficient_evidence,hist_gradient_boosting
CAN-SXC7CQRKWL,T1,0.07117979166856156,0.8796027252474232,0.049217483084015246,insufficient_evidence,hist_gradient_boosting
CAN-4SMT2ZQ2JW,T1,0.005188689395405656,0.8915425858476425,0.10326872475695194,review_not_warranted,hist_gradient_boosting
CAN-F0PK9CCT7U,T1,0.0548426658337434,0.27060767845668526,0.6745496557095714,review_warranted,hist_gradient_boosting
CAN-18HFR7ZPQ5,T1,0.5928143700633937,0.33077269169961004,0.07641293823699635,insufficient_evidence,hist_gradient_boosting
CAN-TT3YS2Q6D9,T1,0.051327803773787366,0.00854929825184233,0.9401228979743702,insufficient_evidence,hist_gradient_boosting
CAN-N457EOO43R,T1,0.5361980798765941,0.2764063161858325,0.18739560393757354,review_warranted,hist_gradient_boosting
CAN-JE4XWOKZY7,T1,0.06486823577159757,0.21913759028931662,0.7159941739390858,review_warranted,hist_gradient_boosting
CAN-P2BMVSIWSO,T1,0.0028127543993533813,0.40313958250817283,0.5940476630924738,insufficient_evidence,hist_gradient_boosting
CAN-WSZ2K6LRDA,T1,0.2963935823255335,0.6565714090749266,0.04703500859953993,review_warranted,hist_gradient_boosting
CAN-LPTV3L15GI,T1,0.22653437552248892,0.012293847014469278,0.7611717774630419,review_warranted,hist_gradient_boosting
CAN-HJSKW8DII3,T1,0.04793804336932633,0.5749940874039571,0.3770678692267167,insufficient_evidence,hist_gradient_boosting
CAN-TEZC5LDGEW,T1,0.057282048168094166,0.7446227774342637,0.1980951743976421,review_not_warranted,hist_gradient_boosting
CAN-BA2J2OCZ4N,T1,0.015293921518585643,0.4356004254209189,0.5491056530604954,insufficient_evidence,hist_gradient_boosting
CAN-ZMVKC63G2A,T1,0.008900498274907815,0.17073013372163384,0.8203693680034584,insufficient_evidence,hist_gradient_boosting
CAN-K7S70RXAMG,T1,0.29330775037867035,0.11197819247161345,0.5947140571497163,insufficient_evidence,hist_gradient_boosting
CAN-OAOG54YAZO,T1,0.6476995834226641,0.29949487759416116,0.05280553898317476,review_not_warranted,hist_gradient_boosting
CAN-86YS89WD1X,T1,0.008732890996188711,0.9693969091963999,0.021870199807411478,insufficient_evidence,hist_gradient_boosting
CAN-LJAETPGFMO,T1,0.36712007875112185,0.35236654398852174,0.2805133772603564,insufficient_evidence,hist_gradient_boosting
CAN-KNFI1QC8WD,T1,0.5230839866375356,0.22678453869121554,0.25013147467124885,review_warranted,hist_gradient_boosting
CAN-ZSJALHV9SZ,T1,0.062060155377637954,0.16906810648900542,0.7688717381333566,insufficient_evidence,hist_gradient_boosting
CAN-UIDCKJCDCX,T1,0.011380800055643419,0.9536306729664606,0.034988526977895826,insufficient_evidence,hist_gradient_boosting
CAN-MDT600E24L,T1,0.46345970836901945,0.25142204205512836,0.28511824957585225,review_warranted,hist_gradient_boosting
CAN-J4H3HYSW7L,T1,0.09753012558450146,0.3059893637827151,0.5964805106327834,insufficient_evidence,hist_gradient_boosting
CAN-QM71SGDM4I,T1,0.75099932208583,0.012737963199035284,0.2362627147151347,review_warranted,hist_gradient_boosting
CAN-SC42SBD0LB,T1,0.14129786711370163,0.4867681172688349,0.37193401561746353,review_not_warranted,hist_gradient_boosting
CAN-J2Z8813Q6I,T1,0.02044438739501775,0.3032359645632314,0.6763196480417508,insufficient_evidence,hist_gradient_boosting
CAN-8WZY5EL0GS,T1,0.3571674434603274,0.0410666399340339,0.6017659166056387,review_not_warranted,hist_gradient_boosting
CAN-UC3CXNT45X,T1,0.9834838806681124,0.01003328404101621,0.006482835290871258,insufficient_evidence,hist_gradient_boosting
CAN-OX9BJ0D2O1,T1,0.03474173621735279,0.8210798196234862,0.14417844415916106,insufficient_evidence,hist_gradient_boosting
CAN-CSA9RPF7N0,T1,0.03188403040852071,0.004504885154648999,0.9636110844368303,review_not_warranted,hist_gradient_boosting
CAN-GAZ28IY33B,T1,0.8416054623737408,0.02987158011970043,0.12852295750655865,insufficient_evidence,hist_gradient_boosting
CAN-JEIC06XTOM,T1,0.9518734473912973,0.007820640851855534,0.040305911756847175,review_not_warranted,hist_gradient_boosting
CAN-WAM0MZEWD7,T1,0.5156247447332072,0.21965966622023103,0.2647155890465618,insufficient_evidence,hist_gradient_boosting
CAN-90NXQQ43RV,T1,0.004696587036510302,0.9544012326557463,0.0409021803077435,review_not_warranted,hist_gradient_boosting
CAN-U9XCTU7C4F,T1,0.0045384777723561235,0.9182820130034404,0.07717950922420347,insufficient_evidence,hist_gradient_boosting
CAN-3V8APYMFFU,T1,0.011569612921218046,0.9709186730170095,0.017511714061772536,review_not_warranted,hist_gradient_boosting
CAN-4FO38FPD7B,T1,0.14780208158444003,0.7542752449811819,0.0979226734343781,review_not_warranted,hist_gradient_boosting
CAN-LQTYLY754O,T1,0.5046147133926967,0.1013494326707321,0.3940358539365713,review_warranted,hist_gradient_boosting
CAN-Y1NS971FST,T1,0.8880185929777695,0.010070455744830044,0.10191095127740049,review_warranted,hist_gradient_boosting
CAN-1WB2NA52JZ,T1,0.08955357530845119,0.4960249806274276,0.4144214440641211,insufficient_evidence,hist_gradient_boosting
CAN-GPXG19LRNA,T1,0.05775686261423666,0.9007215398689543,0.04152159751680911,review_not_warranted,hist_gradient_boosting
CAN-I4N8CBG88Z,T1,0.6578880944337038,0.008453494844074629,0.3336584107222217,review_warranted,hist_gradient_boosting
CAN-RG84ONNZ7C,T1,0.9088942887951821,0.04781306822546746,0.04329264297935044,review_warranted,hist_gradient_boosting
CAN-1NEQLC2YWG,T1,0.6174680985352795,0.04471926185747568,0.3378126396072449,insufficient_evidence,hist_gradient_boosting
CAN-4QS9RM4XLH,T1,0.41770326656561707,0.19630301219180932,0.3859937212425737,review_warranted,hist_gradient_boosting
CAN-CJN0H4XCFS,T1,0.10062071271839831,0.8741363174729444,0.025242969808657364,insufficient_evidence,hist_gradient_boosting
CAN-P4RVWAG757,T1,0.10097827331665049,0.0743153417696027,0.8247063849137469,insufficient_evidence,hist_gradient_boosting
CAN-ERSOR4K7QJ,T1,0.604437787728335,0.28196986127308504,0.1135923509985799,insufficient_evidence,hist_gradient_boosting
CAN-RXMWDVU7JD,T1,0.43891776778481667,0.01932953818805306,0.5417526940271303,review_warranted,hist_gradient_boosting
CAN-7HQWF459VW,T1,0.34057952082213205,0.5635426019698091,0.09587787720805895,review_not_warranted,hist_gradient_boosting
CAN-ME2Q23NS0G,T1,0.8793507823730048,0.0976183261020349,0.02303089152496026,review_warranted,hist_gradient_boosting
CAN-W1O813CX74,T1,0.05421481690652244,0.3711136576698965,0.5746715254235811,review_not_warranted,hist_gradient_boosting
CAN-3JG44NWV2W,T1,0.6480596011451192,0.13167358317910244,0.2202668156757784,insufficient_evidence,hist_gradient_boosting
CAN-R3FQ58SFFS,T1,0.05744684176266186,0.8594947383429116,0.08305841989442656,review_not_warranted,hist_gradient_boosting
CAN-H3DK4NU2ZJ,T1,0.74516377115344,0.011240778395766753,0.24359545045079323,review_not_warranted,hist_gradient_boosting
CAN-5D0G3VUQUU,T1,0.046244184036741555,0.913815109013978,0.0399407069492805,insufficient_evidence,hist_gradient_boosting
CAN-ZG2995G25E,T1,0.05732822142651726,0.8952197996524359,0.04745197892104683,review_not_warranted,hist_gradient_boosting
CAN-Y746C1F209,T1,0.0021430914514540297,0.9783112345110639,0.019545674037482072,review_warranted,hist_gradient_boosting
CAN-XFRLQDC4M8,T1,0.019783974578735968,0.01946104589480339,0.9607549795264607,insufficient_evidence,hist_gradient_boosting
CAN-QA6NLD1VOR,T1,0.0005469276403008887,0.9929127428889645,0.006540329470734624,review_not_warranted,hist_gradient_boosting
CAN-WMUAXBCUOI,T1,0.20067562129723016,0.10779879887016915,0.6915255798326008,review_not_warranted,hist_gradient_boosting
CAN-H08YS9RB2I,T1,0.21027279280131428,0.6123782740689797,0.17734893312970604,review_warranted,hist_gradient_boosting
CAN-V2L4EF4KSE,T1,0.07076522520039866,0.6610875990167987,0.2681471757828026,insufficient_evidence,hist_gradient_boosting
CAN-4BW4AXV2DW,T1,0.2769627585682241,0.42388179768972073,0.29915544374205516,review_warranted,hist_gradient_boosting
CAN-DMAU8U15C2,T1,0.004970483826555045,0.9041769162251456,0.09085259994829933,review_not_warranted,hist_gradient_boosting
CAN-2LQVYTP1NE,T1,0.028208602585765893,0.3887943273421005,0.5829970700721336,review_not_warranted,hist_gradient_boosting
CAN-4CFU2SAM9A,T1,0.03736608358101261,0.033697846634229776,0.9289360697847576,insufficient_evidence,hist_gradient_boosting
CAN-J4XWX7ACSW,T1,0.01733424573250898,0.9723953727351724,0.010270381532318736,review_not_warranted,hist_gradient_boosting
CAN-DQTR43KXGL,T1,0.027208192193668594,0.9476785449497593,0.025113262856572168,review_not_warranted,hist_gradient_boosting
CAN-OKRGM086UH,T1,0.18005334549588015,0.029425659454527305,0.7905209950495925,insufficient_evidence,hist_gradient_boosting
CAN-5J9D6PMOG7,T1,0.0030941551967432284,0.3203032088410678,0.6766026359621891,review_not_warranted,hist_gradient_boosting
CAN-NS2I9QFL3T,T1,0.07659056014751597,0.14428771965921977,0.7791217201932642,insufficient_evidence,hist_gradient_boosting
CAN-GYB9DQNAPG,T1,0.002944917678723252,0.16220835869100347,0.8348467236302733,review_not_warranted,hist_gradient_boosting
CAN-I3PAG0MQ4S,T1,0.02302704133915084,0.42323749302054187,0.5537354656403073,insufficient_evidence,hist_gradient_boosting
CAN-P69V1TRALB,T1,0.020337814339702415,0.9099473286268758,0.06971485703342187,insufficient_evidence,hist_gradient_boosting
CAN-6E9YCRS9LL,T1,0.006827603973754267,0.42441668079217326,0.5687557152340725,insufficient_evidence,hist_gradient_boosting
CAN-7YPZD0CRBH,T1,0.18693876936336132,0.006679130958523254,0.8063820996781154,review_warranted,hist_gradient_boosting
CAN-YM0I69QM0I,T1,0.08177003385173325,0.21066569969959095,0.7075642664486759,review_not_warranted,hist_gradient_boosting
CAN-WP2EAZABSX,T1,0.317469383799324,0.4832693623172466,0.1992612538834294,insufficient_evidence,hist_gradient_boosting
CAN-VRIHDH9JWE,T1,0.018224531761642473,0.010408772742713478,0.971366695495644,insufficient_evidence,hist_gradient_boosting
CAN-IA8U1DVUO4,T1,0.01858171189222688,0.15385472963704103,0.8275635584707322,review_not_warranted,hist_gradient_boosting
CAN-TOCVLBL1FO,T1,0.9837201599803416,0.01195887921453125,0.0043209608051271945,review_warranted,hist_gradient_boosting
CAN-YP40LZV7HG,T1,0.8591472927106908,0.020920407820771918,0.11993229946853733,insufficient_evidence,hist_gradient_boosting
CAN-XM0NTONS8I,T1,0.028620831105912858,0.021602985220451308,0.9497761836736359,review_not_warranted,hist_gradient_boosting
CAN-LO4SALY31V,T1,0.4762612520128127,0.06700327606274198,0.45673547192444536,insufficient_evidence,hist_gradient_boosting
CAN-UXJU0P1A4M,T1,0.04667401597864466,0.013993428217516849,0.9393325558038385,insufficient_evidence,hist_gradient_boosting
CAN-MFQ4GY8XPH,T1,0.012512368267844487,0.08341112209368101,0.9040765096384745,review_not_warranted,hist_gradient_boosting
CAN-TSX3YOZ6OH,T1,0.07008058304109234,0.8821333411040135,0.04778607585489413,review_not_warranted,hist_gradient_boosting
CAN-RH7J269JWB,T1,0.1869814492268861,0.45010674305673537,0.3629118077163785,review_warranted,hist_gradient_boosting
CAN-MFBV0FQM3G,T1,0.026863172351751737,0.4940695115916584,0.47906731605658986,review_not_warranted,hist_gradient_boosting
CAN-J36EAQ6YIB,T1,0.05391761816715964,0.09345394594328273,0.8526284358895577,review_not_warranted,hist_gradient_boosting
CAN-Y8KKG8V4R5,T1,0.9701245043097607,0.013170884781164422,0.01670461090907473,review_warranted,hist_gradient_boosting
CAN-JH3BMQ4XC7,T1,0.00553386940936814,0.8446381129962184,0.14982801759441342,review_not_warranted,hist_gradient_boosting
CAN-WNGDAMUN3D,T1,0.1564771537068707,0.7577549868507576,0.08576785944237168,insufficient_evidence,hist_gradient_boosting
CAN-OQIKHLUC4W,T1,0.15116652681370743,0.6462332021098739,0.2026002710764186,insufficient_evidence,hist_gradient_boosting
CAN-B8OEQZRDZO,T1,0.07283422080237534,0.08021831470156776,0.846947464496057,insufficient_evidence,hist_gradient_boosting
CAN-GS1ASP5I7M,T1,0.31827617120098767,0.20980891100031457,0.4719149177986977,review_warranted,hist_gradient_boosting
CAN-SIIOAIPEG6,T1,0.42999668223633547,0.1855694932900388,0.3844338244736257,review_warranted,hist_gradient_boosting
CAN-OHKKF3MKJ3,T1,0.17836003264631597,0.5250746206323411,0.2965653467213428,review_warranted,hist_gradient_boosting
CAN-BDWF22CYUA,T1,0.0011473924061072521,0.9913977049672461,0.007454902626646633,insufficient_evidence,hist_gradient_boosting
CAN-JUDHP15RCW,T1,0.015579883373837809,0.48485127044291504,0.4995688461832471,review_not_warranted,hist_gradient_boosting
CAN-3H2ZQ20HYA,T1,0.036972818469124126,0.9083593770968759,0.054667804434000045,insufficient_evidence,hist_gradient_boosting
CAN-9Y4E8DVX0U,T1,0.9749538851626874,0.018941434461164447,0.006104680376148173,review_warranted,hist_gradient_boosting
CAN-56NGPDUGKO,T1,0.3290680429010914,0.020734567862878216,0.6501973892360305,insufficient_evidence,hist_gradient_boosting
CAN-HNHZKKFNLR,T1,0.11883742788174793,0.8509570307698165,0.030205541348435363,insufficient_evidence,hist_gradient_boosting
CAN-3L9PECKRSW,T1,0.6530309531834578,0.0060877219893589385,0.34088132482718325,review_warranted,hist_gradient_boosting
CAN-30WX81N4ES,T1,0.4953504998722545,0.44290907378646904,0.06174042634127649,review_warranted,hist_gradient_boosting
CAN-UQQIYRW0PD,T1,0.9759317497722018,0.001710237669785192,0.022358012558013108,review_warranted,hist_gradient_boosting
CAN-V9M5ANAVAQ,T1,0.22351927520871145,0.09126066225659994,0.6852200625346886,review_not_warranted,hist_gradient_boosting
CAN-ZT3OGP0JXS,T1,0.0030489696560731614,0.20828578253580582,0.7886652478081211,review_not_warranted,hist_gradient_boosting
CAN-VHIJVPARK8,T1,0.2860203618021633,0.086674137280405,0.6273055009174318,review_warranted,hist_gradient_boosting
CAN-FVPXP9IPUU,T1,0.32164837611422975,0.08452865237398163,0.5938229715117886,review_not_warranted,hist_gradient_boosting
CAN-6EP6GXXTK9,T1,0.0056706886441781,0.9877861767423431,0.00654313461347879,review_not_warranted,hist_gradient_boosting
CAN-JR75FSAO9V,T1,0.022282056198935665,0.9425626499005438,0.035155293900520516,review_not_warranted,hist_gradient_boosting
CAN-07K7VDEEMK,T1,0.3366203285871251,0.016129004386854138,0.6472506670260207,review_warranted,hist_gradient_boosting
CAN-X83JEQTGZH,T1,0.03272683366509634,0.5059200386862142,0.4613531276486895,review_warranted,hist_gradient_boosting
CAN-CM7DYFBA7J,T1,0.96972341142438,0.018273349175625835,0.012003239399994255,insufficient_evidence,hist_gradient_boosting
CAN-5N3RUX7YHN,T1,0.028839477908253135,0.9107382822509176,0.06042223984082926,review_warranted,hist_gradient_boosting
CAN-R18R0Y2KT1,T1,0.8410719925355945,0.13978218158602854,0.019145825878376935,insufficient_evidence,hist_gradient_boosting
CAN-MKP2V46UCL,T1,0.3544351947735717,0.35715505922129276,0.2884097460051355,review_warranted,hist_gradient_boosting
CAN-AUHE529DEL,T1,0.09262962978381895,0.4009779018868326,0.5063924683293486,insufficient_evidence,hist_gradient_boosting
CAN-RB7I4QYEUI,T1,0.9313883604238147,0.02363412528202969,0.044977514294155585,insufficient_evidence,hist_gradient_boosting
CAN-0R2G3NUIKR,T1,0.22870405733968371,0.04441317607540054,0.7268827665849157,review_warranted,hist_gradient_boosting
CAN-FTE9U57RLP,T1,0.008583968742396836,0.9681516108027834,0.023264420454819707,review_not_warranted,hist_gradient_boosting
CAN-QUQOLS2HT8,T1,0.7331271447229223,0.06714719275476454,0.1997256625223132,review_warranted,hist_gradient_boosting
CAN-J9DW7V0B0M,T1,0.015100122482539224,0.8680035535269317,0.1168963239905291,review_not_warranted,hist_gradient_boosting
CAN-1U7KYCHT04,T1,0.9289060769099858,0.004471403928892164,0.0666225191611221,insufficient_evidence,hist_gradient_boosting
CAN-8IVXRT38AV,T1,0.3639254842988536,0.05735076996325989,0.5787237457378865,review_warranted,hist_gradient_boosting
CAN-8S6ARU7BKP,T1,0.8727632747256525,0.0073415065522223705,0.11989521872212522,review_warranted,hist_gradient_boosting
CAN-HA0BA87B8L,T1,0.06333561355813634,0.10574034142869444,0.8309240450131693,review_warranted,hist_gradient_boosting
CAN-0XENT8TOVT,T1,0.0017238846086104049,0.9492487709404331,0.049027344450956564,review_not_warranted,hist_gradient_boosting
CAN-W10A9RCR81,T1,0.0628382951453416,0.12340971525204152,0.8137519896026169,insufficient_evidence,hist_gradient_boosting
CAN-DRJR4QD6PK,T1,0.04252705702728556,0.6141337251922319,0.3433392177804827,review_not_warranted,hist_gradient_boosting
CAN-L55BKTF9S0,T1,0.06333461633042546,0.20986911618659002,0.7267962674829845,review_not_warranted,hist_gradient_boosting
CAN-D9Y0VJJ6VW,T1,0.015704475470622283,0.09750818721548642,0.8867873373138914,review_warranted,hist_gradient_boosting
CAN-1ZS1BZI6T1,T1,0.09903362392453371,0.8062652791811267,0.09470109689433968,insufficient_evidence,hist_gradient_boosting
CAN-0BEG9SW2FJ,T1,0.004059753894658497,0.9539661858691221,0.041974060236219454,review_not_warranted,hist_gradient_boosting
CAN-R59D8GNWOE,T1,0.9643761549844174,0.01697824781498741,0.018645597200595172,review_warranted,hist_gradient_boosting
CAN-RSAGRRSRCU,T1,0.1344049636029646,0.27783870976972863,0.5877563266273067,insufficient_evidence,hist_gradient_boosting
CAN-TLVR8Y2L8B,T1,0.053722109798568334,0.5928698315092253,0.3534080586922064,insufficient_evidence,hist_gradient_boosting
CAN-KBNRY7AM6A,T1,0.9466481826762386,0.0014510079923493015,0.05190080933141204,review_warranted,hist_gradient_boosting
CAN-GP3R1BKFVB,T1,0.12556939122233143,0.3797259296196267,0.49470467915804195,review_not_warranted,hist_gradient_boosting
CAN-ZUC41D21E3,T1,0.5658223075803259,0.08153055067038438,0.35264714174928974,review_not_warranted,hist_gradient_boosting
CAN-AX8X8VO9JH,T1,0.05686208947443532,0.3085133836296111,0.6346245268959535,insufficient_evidence,hist_gradient_boosting
CAN-ADOF3P33HR,T1,0.019624614361964898,0.9131309795913929,0.06724440604664211,review_not_warranted,hist_gradient_boosting
CAN-JAC9C5ZY2J,T1,0.056096588596316915,0.7236944527670022,0.22020895863668086,review_not_warranted,hist_gradient_boosting
CAN-5EZS1T1ELJ,T1,0.1687104054774986,0.2857451508550129,0.5455444436674886,review_warranted,hist_gradient_boosting
CAN-16LL783QTG,T1,0.006601409470713223,0.7645480515527597,0.22885053897652707,review_not_warranted,hist_gradient_boosting
CAN-VIYZ36BREN,T1,0.06786182322151856,0.2367339118486906,0.6954042649297909,insufficient_evidence,hist_gradient_boosting
CAN-Q0VG7NCDFO,T1,0.9606104248370808,0.0244426733861661,0.014946901776753063,review_warranted,hist_gradient_boosting
CAN-LQYOAEONVO,T1,0.33567066042274557,0.22651149689986141,0.437817842677393,insufficient_evidence,hist_gradient_boosting
CAN-Q7RFRQTAQZ,T1,0.11180237924364723,0.04303256444538339,0.8451650563109694,insufficient_evidence,hist_gradient_boosting
CAN-LNUVVT5CZH,T1,0.9140799574783584,0.01693127076742884,0.06898877175421277,review_warranted,hist_gradient_boosting
CAN-0ND8K10G3Q,T1,0.2320328784638986,0.5575865565862306,0.2103805649498709,review_not_warranted,hist_gradient_boosting
CAN-2V0D61OSOH,T1,0.08774668626386932,0.0224574476194292,0.8897958661167016,review_not_warranted,hist_gradient_boosting
CAN-0EEV2PAF0Q,T1,0.006533840021014556,0.6855579286410209,0.3079082313379645,review_not_warranted,hist_gradient_boosting
CAN-OKX1I6CA68,T1,0.004105065281577504,0.9226972478801283,0.07319768683829428,insufficient_evidence,hist_gradient_boosting
CAN-58JRRKXCV8,T1,0.6847048434383745,0.0645473479267883,0.2507478086348373,insufficient_evidence,hist_gradient_boosting
CAN-Q1G8222TVV,T1,0.078367941900549,0.365627764453313,0.556004293646138,review_not_warranted,hist_gradient_boosting
CAN-JMSVBKK42K,T1,0.01481299949714381,0.7399128698065452,0.24527413069631096,insufficient_evidence,hist_gradient_boosting
CAN-O8J5XQ1QHK,T1,0.8617866723888532,0.0014805733605158316,0.13673275425063097,review_warranted,hist_gradient_boosting
CAN-6NHOI7HD4X,T1,0.10289370702638245,0.3201698037573432,0.5769364892162744,insufficient_evidence,hist_gradient_boosting
CAN-Z2FMDPQZ6U,T1,0.0005064469514441286,0.7086409923189586,0.29085256072959725,review_not_warranted,hist_gradient_boosting
CAN-YPY46FBMCC,T1,0.8424164671646718,0.03096129885958788,0.1266222339757403,review_warranted,hist_gradient_boosting
CAN-M6I6ONFLH6,T1,0.017643269848400218,0.9226813762122325,0.05967535393936728,review_warranted,hist_gradient_boosting
CAN-MD6HSPZNPH,T1,0.1334788326705882,0.014742997782011782,0.8517781695474,review_not_warranted,hist_gradient_boosting
CAN-BG2JQTKE9R,T1,0.6577461424655723,0.09910982508534445,0.24314403244908334,insufficient_evidence,hist_gradient_boosting
CAN-NZ60ITUAMZ,T1,0.7333388033218896,0.014034411896994933,0.25262678478111555,review_warranted,hist_gradient_boosting
CAN-3E88BL7X8N,T1,0.7068300773954472,0.08681415926218967,0.20635576334236302,review_warranted,hist_gradient_boosting
CAN-WRYT3JA62H,T1,0.005416713330953307,0.8082660066389861,0.18631728003006068,insufficient_evidence,hist_gradient_boosting
CAN-UC1GUSFB8Y,T1,0.13160722297990474,0.6606040950359874,0.20778868198410788,insufficient_evidence,hist_gradient_boosting
CAN-KAEH77AZL2,T1,0.32870422426778745,0.6047316551488673,0.06656412058334531,review_not_warranted,hist_gradient_boosting
CAN-NJIWES3CMC,T1,0.007884511689509393,0.7800051266317987,0.21211036167869188,review_not_warranted,hist_gradient_boosting
CAN-OV2OP0BPC2,T1,0.4176007820184913,0.448443105027634,0.13395611295387455,insufficient_evidence,hist_gradient_boosting
CAN-8BR6ZCR6C5,T1,0.45097936483417117,0.43732846010100274,0.11169217506482615,review_not_warranted,hist_gradient_boosting
CAN-M5PX3JZR1B,T1,0.02612936821265463,0.2866809112511188,0.6871897205362266,review_warranted,hist_gradient_boosting
CAN-WQQAVM6KJ0,T1,0.889742462229933,0.056736825545040906,0.05352071222502607,insufficient_evidence,hist_gradient_boosting
CAN-GXTMUF9MJ2,T1,0.006666193922989601,0.7468973486459348,0.2464364574310755,review_not_warranted,hist_gradient_boosting
CAN-X66G0DQZY1,T1,0.14962247576700938,0.09992714813591295,0.7504503760970778,review_not_warranted,hist_gradient_boosting
CAN-8G6HTDW3TS,T1,0.002492575403804587,0.7678736906075824,0.22963373398861311,review_not_warranted,hist_gradient_boosting
CAN-IX71UNKLCC,T1,0.030281547305131502,0.9341757686902846,0.03554268400458382,review_not_warranted,hist_gradient_boosting
CAN-BQ2E1CA8JA,T1,0.04947053047230205,0.8479740527393137,0.10255541678838431,review_not_warranted,hist_gradient_boosting
CAN-C6JQXV1H28,T1,0.14079535237830515,0.05988182025640536,0.7993228273652896,review_not_warranted,hist_gradient_boosting
CAN-7Z4I6X76ZY,T1,0.11352339520872502,0.7868311573442608,0.09964544744701427,insufficient_evidence,hist_gradient_boosting
CAN-4DQEX1DFLP,T1,0.020220747654120443,0.93335750374004,0.046421748605839565,review_not_warranted,hist_gradient_boosting
CAN-GTRZMV90GK,T1,0.023306676612664376,0.035553588521591885,0.9411397348657436,insufficient_evidence,hist_gradient_boosting
CAN-28HOG1H1PI,T1,0.8430195312407059,0.1253201903884468,0.03166027837084726,review_warranted,hist_gradient_boosting
CAN-8467CAI41V,T1,0.8195648768300566,0.17481762860409078,0.0056174945658525694,review_warranted,hist_gradient_boosting
CAN-A8RUHP98S6,T1,0.12838077880487833,0.31217058180738916,0.5594486393877326,insufficient_evidence,hist_gradient_boosting
CAN-6FIO389AU7,T1,0.1304912967208162,0.35968526953160035,0.5098234337475835,review_warranted,hist_gradient_boosting
CAN-GRA38D14NY,T1,0.8063152824408959,0.01034207337105025,0.18334264418805388,review_warranted,hist_gradient_boosting
CAN-TK9TB1S19Y,T1,0.18472924111759714,0.4711001154024968,0.3441706434799061,review_warranted,hist_gradient_boosting
CAN-6045ADGW9W,T1,0.004246632359099933,0.8216603495611138,0.1740930180797863,review_not_warranted,hist_gradient_boosting
CAN-YVRMB50LXO,T1,0.042324543557981834,0.810345833864453,0.14732962257756518,review_not_warranted,hist_gradient_boosting
CAN-VJ1ATXQ4KR,T1,0.02059436461403018,0.053244742505208977,0.9261608928807608,review_not_warranted,hist_gradient_boosting
CAN-693NHGTCCO,T1,0.9543048365704737,0.008574971025153475,0.037120192404372795,review_warranted,hist_gradient_boosting
CAN-QZE5QAIJ2T,T1,0.7836337243185358,0.006300219413236473,0.21006605626822772,review_warranted,hist_gradient_boosting
CAN-VB1685ICUZ,T1,0.02183043338393233,0.1898809422147265,0.7882886244013412,review_not_warranted,hist_gradient_boosting
CAN-VNPISGXD4Q,T1,0.14754275128235805,0.4704062565048822,0.38205099221275973,insufficient_evidence,hist_gradient_boosting
CAN-E2FZJZ8WLH,T1,0.09536125188586737,0.7205064859182913,0.1841322621958414,review_not_warranted,hist_gradient_boosting
CAN-LEJZ8XH8YE,T1,0.009213597566414785,0.9030638996624181,0.08772250277116711,insufficient_evidence,hist_gradient_boosting
CAN-SHRRQNVCIC,T1,0.008322605777707161,0.9643787225406347,0.027298671681658115,review_not_warranted,hist_gradient_boosting
CAN-8LF2PPDABK,T1,0.9385298753952043,0.015081695070153826,0.04638842953464197,insufficient_evidence,hist_gradient_boosting
CAN-ZWF0AYKB18,T1,0.0951410021436214,0.4093613972994842,0.4954976005568945,review_warranted,hist_gradient_boosting
CAN-HC7VWRKBC4,T1,0.16318789184754018,0.43178428015533826,0.40502782799712156,insufficient_evidence,hist_gradient_boosting
CAN-6O36VBSAI9,T1,0.11464101234357883,0.2539284207520606,0.6314305669043606,insufficient_evidence,hist_gradient_boosting
CAN-4EK13UOVMH,T1,0.39850548019255255,0.1114241166357959,0.49007040317165157,review_warranted,hist_gradient_boosting
CAN-4JML2H5550,T1,0.3645842443508665,0.603353872534217,0.03206188311491648,review_not_warranted,hist_gradient_boosting
CAN-W803WTVEJV,T1,0.009814228100364888,0.9275869636273298,0.06259880827230518,review_not_warranted,hist_gradient_boosting
CAN-1JQKMVCC0E,T1,0.9628989009403072,0.0023459371417808247,0.034755161917912114,review_warranted,hist_gradient_boosting
CAN-PFB5DKD37Z,T1,0.23603718623099051,0.4161321514081984,0.3478306623608111,review_warranted,hist_gradient_boosting
CAN-JS0TD7RAVV,T1,0.008668129317303921,0.5359335731477748,0.4553982975349214,review_warranted,hist_gradient_boosting
CAN-6N8NUY6QNZ,T1,0.34552419623479663,0.08622629245997693,0.5682495113052264,review_not_warranted,hist_gradient_boosting
CAN-3W1WRGSSBR,T1,0.39030454775027634,0.15227923367112342,0.4574162185786003,insufficient_evidence,hist_gradient_boosting
CAN-RLFHYDAOTO,T1,0.8281407704508623,0.06423412758917135,0.10762510195996636,insufficient_evidence,hist_gradient_boosting
CAN-USBPGXP3DA,T1,0.04777723265033483,0.5988924934784097,0.35333027387125554,insufficient_evidence,hist_gradient_boosting
CAN-F640D3DCIR,T1,0.4326373812830683,0.3993938391709929,0.16796877954593892,review_warranted,hist_gradient_boosting
CAN-J538MFH2RZ,T1,0.004124397069519684,0.40167071526162423,0.5942048876688562,review_warranted,hist_gradient_boosting
CAN-T3BSOKDD2P,T1,0.10965321457571708,0.06392454882709123,0.8264222365971917,review_warranted,hist_gradient_boosting
CAN-1UXZVZSG4A,T1,0.010848028547861826,0.6648869202706867,0.3242650511814515,review_not_warranted,hist_gradient_boosting
CAN-QU6MD5TN0F,T1,0.1071031079366777,0.21288390311379246,0.6800129889495298,insufficient_evidence,hist_gradient_boosting
CAN-H2TOKOI56S,T1,0.017251444317734562,0.5301632917173887,0.4525852639648767,insufficient_evidence,hist_gradient_boosting
CAN-ARNXXD7017,T1,0.022621184296795438,0.48549820484942174,0.4918806108537829,review_warranted,hist_gradient_boosting
CAN-BT0Y88Z5VY,T1,0.111096818751051,0.8733402713593204,0.015562909889628771,review_warranted,hist_gradient_boosting
CAN-20LP6R01W2,T1,0.9444067203968141,0.0013587944344990413,0.054234485168686966,review_warranted,hist_gradient_boosting
CAN-GT29QK48ZR,T1,0.4590455446846839,0.15377458681386866,0.38717986850144753,review_warranted,hist_gradient_boosting
CAN-JTU00IS95H,T1,0.8347171909532362,0.008074409863899724,0.15720839918286417,review_warranted,hist_gradient_boosting
CAN-KLQH9G2XAA,T1,0.07935710268115492,0.6227117677952585,0.29793112952358664,review_not_warranted,hist_gradient_boosting
CAN-1X36MKKDTS,T1,0.007196209300400902,0.9312163636877815,0.061587427011817686,review_not_warranted,hist_gradient_boosting
CAN-DANXMJUTSN,T1,0.09596400565124269,0.2885498093131722,0.6154861850355852,insufficient_evidence,hist_gradient_boosting
CAN-L16ZDGA6KP,T1,0.6994143339592672,0.012916400789013361,0.2876692652517195,review_warranted,hist_gradient_boosting
CAN-ICKK4E813F,T1,0.023506240658445917,0.94880655791032,0.02768720143123415,review_not_warranted,hist_gradient_boosting
CAN-BQA0QBKTW1,T1,0.09804183524472643,0.8199819188550642,0.08197624590020933,insufficient_evidence,hist_gradient_boosting
CAN-PBRR29HATJ,T1,0.16029530764623673,0.18200450120987063,0.6577001911438927,review_not_warranted,hist_gradient_boosting
CAN-RWVLQ6JSLV,T1,0.05784221581336078,0.32451104817567483,0.6176467360109644,review_not_warranted,hist_gradient_boosting
CAN-D0A5SDWYO9,T1,0.9894920399318127,0.003119726321826388,0.007388233746360993,review_not_warranted,hist_gradient_boosting
CAN-LAAZKJS0G8,T1,0.8042819853658487,0.148732561679337,0.04698545295481432,insufficient_evidence,hist_gradient_boosting
CAN-9UF00BV0SU,T1,0.003426283780282642,0.9006172523614574,0.09595646385825997,review_not_warranted,hist_gradient_boosting
CAN-P049Y8KP5Z,T1,0.3271392353858056,0.34808045293330686,0.32478031168088756,review_warranted,hist_gradient_boosting
CAN-B0FYO3ENSX,T1,0.10344358135753307,0.8466295859063774,0.04992683273608966,review_warranted,hist_gradient_boosting
CAN-2MPIJSE7PT,T1,0.3523165389878163,0.3153882049441362,0.3322952560680474,review_warranted,hist_gradient_boosting
CAN-6ULFMKJ73X,T1,0.8849070420949343,0.009845427178012374,0.10524753072705327,review_warranted,hist_gradient_boosting
CAN-QCF4GZN8TD,T0,0.31718817935991084,0.17698570411810777,0.5058261165219815,insufficient_evidence,hist_gradient_boosting_sigmoid
CAN-O523BGV6IR,T0,0.36388908178134577,0.2931017777323392,0.34300914048631514,insufficient_evidence,hist_gradient_boosting_sigmoid
CAN-JUR9CRBOBB,T0,0.16465617134978447,0.31421411312853353,0.521129715521682,insufficient_evidence,hist_gradient_boosting_sigmoid
CAN-1EJVSHCWNY,T0,0.17970045174658536,0.3113619098768248,0.5089376383765899,review_not_warranted,hist_gradient_boosting_sigmoid
CAN-NLM2FQOWDX,T0,0.10062432800418986,0.44619310965217013,0.45318256234364,insufficient_evidence,hist_gradient_boosting_sigmoid
CAN-2B1096MPJS,T0,0.3065496119034006,0.3056328120418105,0.387817576054789,review_warranted,hist_gradient_boosting_sigmoid
CAN-046H2OTGZ2,T0,0.26579596072025163,0.31807436382505927,0.4161296754546892,review_warranted,hist_gradient_boosting_sigmoid
CAN-M8GSUMHUBV,T0,0.2846242882401098,0.21365042695816275,0.5017252848017275,review_not_warranted,hist_gradient_boosting_sigmoid
CAN-BENX1VQFJF,T0,0.40711249443182834,0.27896506101699065,0.313922444551181,review_warranted,hist_gradient_boosting_sigmoid
CAN-MG8XYRNB7R,T0,0.5641840266332342,0.1555942095197901,0.2802217638469758,insufficient_evidence,hist_gradient_boosting_sigmoid
CAN-N4QFJS875I,T0,0.4167324644922536,0.2290959279530754,0.35417160755467103,insufficient_evidence,hist_gradient_boosting_sigmoid
CAN-4T5MQ6DTMK,T0,0.35174503203549046,0.20131586134336169,0.4469391066211479,review_not_warranted,hist_gradient_boosting_sigmoid
CAN-Z33ALI17FK,T0,0.13159464820730543,0.45764058846669575,0.4107647633259987,review_not_warranted,hist_gradient_boosting_sigmoid
CAN-SR7RMC873R,T0,0.3460494277408064,0.18698058254806282,0.4669699897111308,insufficient_evidence,hist_gradient_boosting_sigmoid
CAN-ZSGTTG0DNE,T0,0.41504615743773937,0.15243616180896777,0.4325176807532929,review_not_warranted,hist_gradient_boosting_sigmoid
CAN-DZXEHKO5JZ,T0,0.42397896967020104,0.1844063939926365,0.3916146363371624,review_not_warranted,hist_gradient_boosting_sigmoid
CAN-531EC6XM0A,T0,0.05480961927197872,0.5464714342935189,0.3987189464345025,insufficient_evidence,hist_gradient_boosting_sigmoid
CAN-STFR13OJLS,T0,0.5474975265556635,0.08133565846518151,0.37116681497915494,review_not_warranted,hist_gradient_boosting_sigmoid
CAN-I25Z744R3A,T0,0.08127145796279987,0.568727380299583,0.35000116173761714,review_not_warranted,hist_gradient_boosting_sigmoid
CAN-7UQ40SSRBR,T0,0.10293421852159061,0.51525836608003,0.38180741539837953,review_not_warranted,hist_gradient_boosting_sigmoid
CAN-UVG366PFKZ,T0,0.05335425716253702,0.5397663272207531,0.40687941561670976,review_not_warranted,hist_gradient_boosting_sigmoid
CAN-VDBBB1U640,T0,0.12736540247544195,0.47646224986069335,0.3961723476638646,insufficient_evidence,hist_gradient_boosting_sigmoid
CAN-Y1ONULRYLB,T0,0.33853069179389683,0.2653857588981972,0.39608354930790596,review_warranted,hist_gradient_boosting_sigmoid
CAN-QQXBJU6M6L,T0,0.5358537326244676,0.12624330984338963,0.3379029575321428,insufficient_evidence,hist_gradient_boosting_sigmoid
CAN-3D99WGLA9F,T0,0.21632143453552613,0.2338588755074812,0.5498196899569927,review_warranted,hist_gradient_boosting_sigmoid
CAN-RAC3AUDPMW,T0,0.1288465748955275,0.6337590066131497,0.23739441849132292,review_not_warranted,hist_gradient_boosting_sigmoid
CAN-MSNJEAB1GA,T0,0.4540405752550427,0.28468871844253235,0.2612707063024249,review_warranted,hist_gradient_boosting_sigmoid
CAN-R3PHPYEEK1,T0,0.1996418909717926,0.46526176564090305,0.33509634338730443,review_warranted,hist_gradient_boosting_sigmoid
CAN-4491B2CKSM,T0,0.27566557630169647,0.3885291067583001,0.33580531694000343,insufficient_evidence,hist_gradient_boosting_sigmoid
CAN-QCQLTNKON8,T0,0.0852311745235631,0.6323806308093802,0.2823881946670566,review_not_warranted,hist_gradient_boosting_sigmoid
CAN-YGWAL6CGCM,T0,0.6286240360899216,0.1509934118747231,0.22038255203535526,review_warranted,hist_gradient_boosting_sigmoid
CAN-I0MWENXOTY,T0,0.19522745322383728,0.4896636260876807,0.315108920688482,insufficient_evidence,hist_gradient_boosting_sigmoid
CAN-ZKFSI428I3,T0,0.494277986663072,0.1506456989515491,0.35507631438537895,review_warranted,hist_gradient_boosting_sigmoid
CAN-CE82WSAY7G,T0,0.2907411365740277,0.3982927599382327,0.3109661034877395,review_warranted,hist_gradient_boosting_sigmoid
CAN-VT4PWKOXUS,T0,0.1400978650331071,0.4861066764590811,0.37379545850781176,insufficient_evidence,hist_gradient_boosting_sigmoid
CAN-WMYE9H5KHU,T0,0.1470849663215812,0.48438871925807825,0.36852631442034056,insufficient_evidence,hist_gradient_boosting_sigmoid
CAN-G5QOBJADAS,T0,0.1512112982323755,0.5376786434636781,0.3111100583039463,insufficient_evidence,hist_gradient_boosting_sigmoid
CAN-4HICC8FK63,T0,0.17676147680449147,0.4463717717128904,0.3768667514826181,review_not_warranted,hist_gradient_boosting_sigmoid
CAN-EY5UH24ZIZ,T0,0.1627775209606794,0.29342333639610113,0.5437991426432195,review_warranted,hist_gradient_boosting_sigmoid
CAN-UOZRL1V8KU,T0,0.4391459627800324,0.25113232174494804,0.30972171547501964,insufficient_evidence,hist_gradient_boosting_sigmoid
CAN-BDFTFJSJN7,T0,0.2666214811648971,0.3801108269955369,0.353267691839566,insufficient_evidence,hist_gradient_boosting_sigmoid
CAN-2OHE79VIFA,T0,0.3670043413673651,0.1929128721037222,0.4400827865289127,review_not_warranted,hist_gradient_boosting_sigmoid
CAN-Z7ABOKWLUW,T0,0.19764322353887565,0.4692882945056835,0.33306848195544086,review_not_warranted,hist_gradient_boosting_sigmoid
CAN-MMXHM6U1Q3,T0,0.15310506564684692,0.45427061639080274,0.3926243179623503,review_not_warranted,hist_gradient_boosting_sigmoid
CAN-VY0CLY1UJZ,T0,0.10730096738617696,0.5368965260506467,0.3558025065631762,review_not_warranted,hist_gradient_boosting_sigmoid
CAN-N2OQ035YY8,T0,0.29280589636796833,0.24534613284759163,0.46184797078444007,insufficient_evidence,hist_gradient_boosting_sigmoid
CAN-682VA03Y7M,T0,0.1681344022492656,0.49135533895312805,0.3405102587976063,review_not_warranted,hist_gradient_boosting_sigmoid
CAN-R86U0E2XY5,T0,0.08767352051312716,0.5559064325247839,0.356420046962089,insufficient_evidence,hist_gradient_boosting_sigmoid
CAN-ZQ0GWKIZ51,T0,0.461624299570675,0.12421955763769517,0.41415614279162977,review_warranted,hist_gradient_boosting_sigmoid
CAN-A6ETMQZT3D,T0,0.1940963907542214,0.5325736705019118,0.27332993874386674,insufficient_evidence,hist_gradient_boosting_sigmoid
CAN-W41T8OR50L,T0,0.3857737583204983,0.22618136833909888,0.3880448733404028,review_warranted,hist_gradient_boosting_sigmoid
CAN-KMB5GTBPM9,T0,0.08952409929911513,0.5078240822732683,0.40265181842761666,review_not_warranted,hist_gradient_boosting_sigmoid
CAN-Z38H9W4ZGC,T0,0.15382975954783198,0.5618386339680294,0.28433160648413863,review_not_warranted,hist_gradient_boosting_sigmoid
CAN-XY38I4LIXQ,T0,0.2235486029424538,0.37753832059746534,0.39891307646008095,review_not_warranted,hist_gradient_boosting_sigmoid
CAN-UC0X4CF5YC,T0,0.27876101589656294,0.26275749074843957,0.4584814933549975,insufficient_evidence,hist_gradient_boosting_sigmoid
CAN-8MG3KHERI3,T0,0.4453701301577948,0.10206288818931052,0.4525669816528946,review_warranted,hist_gradient_boosting_sigmoid
CAN-82A1AW528U,T0,0.08481903605828085,0.4270863323822141,0.4880946315595051,insufficient_evidence,hist_gradient_boosting_sigmoid
CAN-MYFWBL13VE,T0,0.34382860211688165,0.18412037030905234,0.4720510275740661,insufficient_evidence,hist_gradient_boosting_sigmoid
CAN-SXC7CQRKWL,T0,0.10909336297792148,0.5755643793129647,0.3153422577091139,review_not_warranted,hist_gradient_boosting_sigmoid
CAN-4SMT2ZQ2JW,T0,0.23654443146053708,0.32847101676267415,0.4349845517767888,insufficient_evidence,hist_gradient_boosting_sigmoid
CAN-F0PK9CCT7U,T0,0.20640647348867888,0.4285878723408174,0.36500565417050373,insufficient_evidence,hist_gradient_boosting_sigmoid
CAN-18HFR7ZPQ5,T0,0.4819922516317398,0.21198960960747257,0.3060181387607877,insufficient_evidence,hist_gradient_boosting_sigmoid
CAN-TT3YS2Q6D9,T0,0.4044404420219931,0.26382913416191633,0.3317304238160905,review_not_warranted,hist_gradient_boosting_sigmoid
CAN-N457EOO43R,T0,0.411955580400942,0.23629497476393216,0.35174944483512577,insufficient_evidence,hist_gradient_boosting_sigmoid
CAN-JE4XWOKZY7,T0,0.1753106136638735,0.30934288445179614,0.5153465018843305,review_warranted,hist_gradient_boosting_sigmoid
CAN-P2BMVSIWSO,T0,0.18045021301599462,0.4111291799031711,0.4084206070808343,insufficient_evidence,hist_gradient_boosting_sigmoid
CAN-WSZ2K6LRDA,T0,0.09751669493312222,0.5120799519837448,0.390403353083133,review_warranted,hist_gradient_boosting_sigmoid
CAN-LPTV3L15GI,T0,0.5506835502162978,0.09789934039512492,0.35141710938857723,review_warranted,hist_gradient_boosting_sigmoid
CAN-HJSKW8DII3,T0,0.14549751386614684,0.5271355985120082,0.3273668876218449,review_not_warranted,hist_gradient_boosting_sigmoid
CAN-TEZC5LDGEW,T0,0.2441586366469812,0.3727844236290243,0.3830569397239945,review_not_warranted,hist_gradient_boosting_sigmoid
CAN-BA2J2OCZ4N,T0,0.21695745710474368,0.20993739860014313,0.5731051442951133,insufficient_evidence,hist_gradient_boosting_sigmoid
CAN-ZMVKC63G2A,T0,0.24236313598369139,0.2916544664781931,0.4659823975381156,insufficient_evidence,hist_gradient_boosting_sigmoid
CAN-K7S70RXAMG,T0,0.4793060916948047,0.16094190531626595,0.35975200298892934,insufficient_evidence,hist_gradient_boosting_sigmoid
CAN-OAOG54YAZO,T0,0.27814920784932357,0.25847230417715883,0.4633784879735176,review_not_warranted,hist_gradient_boosting_sigmoid
CAN-86YS89WD1X,T0,0.40621017586712194,0.2842709062416237,0.30951891789125435,insufficient_evidence,hist_gradient_boosting_sigmoid
CAN-LJAETPGFMO,T0,0.43704034025753336,0.2795017406809486,0.28345791906151807,insufficient_evidence,hist_gradient_boosting_sigmoid
CAN-KNFI1QC8WD,T0,0.46931551104908875,0.17770540896515533,0.3529790799857559,review_warranted,hist_gradient_boosting_sigmoid
CAN-ZSJALHV9SZ,T0,0.4392951778314251,0.13498461482037444,0.4257202073482005,insufficient_evidence,hist_gradient_boosting_sigmoid
CAN-UIDCKJCDCX,T0,0.28742173468544274,0.1793643941751322,0.5332138711394251,insufficient_evidence,hist_gradient_boosting_sigmoid
CAN-MDT600E24L,T0,0.46593109970247304,0.1803203184677843,0.3537485818297427,review_warranted,hist_gradient_boosting_sigmoid
CAN-J4H3HYSW7L,T0,0.22456094779448948,0.5400635573988541,0.23537549480665648,review_not_warranted,hist_gradient_boosting_sigmoid
CAN-QM71SGDM4I,T0,0.4981723626125585,0.09944201151972289,0.4023856258677187,review_warranted,hist_gradient_boosting_sigmoid
CAN-SC42SBD0LB,T0,0.09800695389714041,0.6164614663981126,0.285531579704747,review_not_warranted,hist_gradient_boosting_sigmoid
CAN-J2Z8813Q6I,T0,0.35283965436031534,0.21702860949162917,0.43013173614805544,insufficient_evidence,hist_gradient_boosting_sigmoid
CAN-8WZY5EL0GS,T0,0.2613624092363106,0.31288685795394006,0.4257507328097494,insufficient_evidence,hist_gradient_boosting_sigmoid
CAN-UC3CXNT45X,T0,0.5838791287887578,0.15715880143341052,0.2589620697778317,review_warranted,hist_gradient_boosting_sigmoid
CAN-OX9BJ0D2O1,T0,0.08945323005999624,0.6263827116916958,0.28416405824830804,insufficient_evidence,hist_gradient_boosting_sigmoid
CAN-CSA9RPF7N0,T0,0.17971968892408036,0.4874765410284277,0.332803770047492,review_not_warranted,hist_gradient_boosting_sigmoid
CAN-GAZ28IY33B,T0,0.3787376096186054,0.19560005108645903,0.4256623392949355,insufficient_evidence,hist_gradient_boosting_sigmoid
CAN-JEIC06XTOM,T0,0.3499246103491851,0.3183275169100691,0.33174787274074585,review_not_warranted,hist_gradient_boosting_sigmoid
CAN-WAM0MZEWD7,T0,0.40788745960886086,0.1806620605879309,0.4114504798032083,insufficient_evidence,hist_gradient_boosting_sigmoid
CAN-90NXQQ43RV,T0,0.05936065803639501,0.6242470960708641,0.3163922458927408,review_not_warranted,hist_gradient_boosting_sigmoid
CAN-U9XCTU7C4F,T0,0.1155009576031515,0.5279878034589353,0.35651123893791326,review_not_warranted,hist_gradient_boosting_sigmoid
CAN-3V8APYMFFU,T0,0.12900677127299098,0.4798039296576731,0.3911892990693358,review_not_warranted,hist_gradient_boosting_sigmoid
CAN-4FO38FPD7B,T0,0.13212260798321415,0.5545034199507062,0.3133739720660797,review_not_warranted,hist_gradient_boosting_sigmoid
CAN-LQTYLY754O,T0,0.44464218600825917,0.23535304202361404,0.32000477196812677,insufficient_evidence,hist_gradient_boosting_sigmoid
CAN-Y1NS971FST,T0,0.5622120304177869,0.14857965510830015,0.289208314473913,review_warranted,hist_gradient_boosting_sigmoid
CAN-1WB2NA52JZ,T0,0.2674552037297304,0.3409308451384985,0.3916139511317711,review_not_warranted,hist_gradient_boosting_sigmoid
CAN-GPXG19LRNA,T0,0.22471976895551712,0.24818735158792338,0.5270928794565596,review_not_warranted,hist_gradient_boosting_sigmoid
CAN-I4N8CBG88Z,T0,0.3838059984273556,0.2800563901817315,0.336137611390913,review_warranted,hist_gradient_boosting_sigmoid
CAN-RG84ONNZ7C,T0,0.5015133700404079,0.2004220103957731,0.298064619563819,review_warranted,hist_gradient_boosting_sigmoid
CAN-1NEQLC2YWG,T0,0.279934287378445,0.447863690640889,0.2722020219806661,insufficient_evidence,hist_gradient_boosting_sigmoid
CAN-4QS9RM4XLH,T0,0.29131840573032375,0.23289593063747271,0.47578566363220354,review_warranted,hist_gradient_boosting_sigmoid
CAN-CJN0H4XCFS,T0,0.4335680667225298,0.32837487557170586,0.2380570577057642,insufficient_evidence,hist_gradient_boosting_sigmoid
CAN-P4RVWAG757,T0,0.30366360265769504,0.19998683766919245,0.4963495596731125,insufficient_evidence,hist_gradient_boosting_sigmoid
CAN-ERSOR4K7QJ,T0,0.22360736066367315,0.2727522172588934,0.5036404220774334,insufficient_evidence,hist_gradient_boosting_sigmoid
CAN-RXMWDVU7JD,T0,0.5458303800166262,0.09758723986545119,0.3565823801179227,review_warranted,hist_gradient_boosting_sigmoid
CAN-7HQWF459VW,T0,0.2877378071948911,0.3420189011494629,0.37024329165564607,review_not_warranted,hist_gradient_boosting_sigmoid
CAN-ME2Q23NS0G,T0,0.4514808013634142,0.1936202558425493,0.3548989427940365,review_warranted,hist_gradient_boosting_sigmoid
CAN-W1O813CX74,T0,0.2832018760783799,0.21781735433090854,0.4989807695907116,insufficient_evidence,hist_gradient_boosting_sigmoid
CAN-3JG44NWV2W,T0,0.3670461493765489,0.2780887556694635,0.3548650949539876,review_warranted,hist_gradient_boosting_sigmoid
CAN-R3FQ58SFFS,T0,0.31548485795481646,0.2398260314742494,0.44468911057093413,review_not_warranted,hist_gradient_boosting_sigmoid
CAN-H3DK4NU2ZJ,T0,0.5439740237858605,0.14919411033695446,0.30683186587718514,insufficient_evidence,hist_gradient_boosting_sigmoid
CAN-5D0G3VUQUU,T0,0.2685059719778287,0.4594339737345008,0.2720600542876705,review_warranted,hist_gradient_boosting_sigmoid
CAN-ZG2995G25E,T0,0.13500130210830744,0.5433456504395712,0.3216530474521215,review_not_warranted,hist_gradient_boosting_sigmoid
CAN-Y746C1F209,T0,0.1911549208049396,0.4478045109256337,0.36104056826942665,review_warranted,hist_gradient_boosting_sigmoid
CAN-XFRLQDC4M8,T0,0.48128200076401745,0.10012698653917518,0.4185910126968073,review_warranted,hist_gradient_boosting_sigmoid
CAN-QA6NLD1VOR,T0,0.08259240931997512,0.6519571323185049,0.26545045836152,review_not_warranted,hist_gradient_boosting_sigmoid
CAN-WMUAXBCUOI,T0,0.1476058859753963,0.4811511800720913,0.37124293395251245,review_not_warranted,hist_gradient_boosting_sigmoid
CAN-H08YS9RB2I,T0,0.34846433492165957,0.3684200047260442,0.2831156603522962,review_warranted,hist_gradient_boosting_sigmoid
CAN-V2L4EF4KSE,T0,0.24146816335115986,0.2458439653068798,0.5126878713419604,review_not_warranted,hist_gradient_boosting_sigmoid
CAN-4BW4AXV2DW,T0,0.5053917173131893,0.1785316829639445,0.3160765997228661,review_warranted,hist_gradient_boosting_sigmoid
CAN-DMAU8U15C2,T0,0.4265357509611097,0.184403852894351,0.3890603961445392,insufficient_evidence,hist_gradient_boosting_sigmoid
CAN-2LQVYTP1NE,T0,0.22496994851085228,0.31912725654390156,0.4559027949452461,review_not_warranted,hist_gradient_boosting_sigmoid
CAN-4CFU2SAM9A,T0,0.3200352082352607,0.23693238764917834,0.44303240411556094,insufficient_evidence,hist_gradient_boosting_sigmoid
CAN-J4XWX7ACSW,T0,0.12873222669119003,0.49997969261499536,0.37128808069381464,review_not_warranted,hist_gradient_boosting_sigmoid
CAN-DQTR43KXGL,T0,0.117195309815889,0.5694214699417833,0.31338322024232773,review_not_warranted,hist_gradient_boosting_sigmoid
CAN-OKRGM086UH,T0,0.23790613895170173,0.2750862289177305,0.4870076321305678,insufficient_evidence,hist_gradient_boosting_sigmoid
CAN-5J9D6PMOG7,T0,0.11124211600356056,0.5429308030660699,0.34582708093036957,insufficient_evidence,hist_gradient_boosting_sigmoid
CAN-NS2I9QFL3T,T0,0.1550451673728072,0.5154161642658663,0.3295386683613264,insufficient_evidence,hist_gradient_boosting_sigmoid
CAN-GYB9DQNAPG,T0,0.14109953291781088,0.5319684947452664,0.32693197233692284,review_not_warranted,hist_gradient_boosting_sigmoid
CAN-I3PAG0MQ4S,T0,0.12620003479480024,0.38210116216289913,0.4916988030423007,insufficient_evidence,hist_gradient_boosting_sigmoid
CAN-P69V1TRALB,T0,0.08474318793696763,0.6197622481609592,0.29549456390207324,review_not_warranted,hist_gradient_boosting_sigmoid
CAN-6E9YCRS9LL,T0,0.36382129429998294,0.28161556884227956,0.3545631368577375,insufficient_evidence,hist_gradient_boosting_sigmoid
CAN-7YPZD0CRBH,T0,0.2698577650279459,0.3315221654501731,0.39862006952188095,review_warranted,hist_gradient_boosting_sigmoid
CAN-YM0I69QM0I,T0,0.09109810266050965,0.6987011884046588,0.2102007089348316,insufficient_evidence,hist_gradient_boosting_sigmoid
CAN-WP2EAZABSX,T0,0.442907565689124,0.12238160267068668,0.43471083164018937,insufficient_evidence,hist_gradient_boosting_sigmoid
CAN-VRIHDH9JWE,T0,0.46172818448794234,0.24094427856622666,0.2973275369458311,insufficient_evidence,hist_gradient_boosting_sigmoid
CAN-IA8U1DVUO4,T0,0.18239507652462228,0.6078044250430663,0.20980049843231144,review_not_warranted,hist_gradient_boosting_sigmoid
CAN-TOCVLBL1FO,T0,0.6325540901894194,0.09189110186458264,0.2755548079459979,review_warranted,hist_gradient_boosting_sigmoid
CAN-YP40LZV7HG,T0,0.35727393586146644,0.3581304615095304,0.2845956026290033,insufficient_evidence,hist_gradient_boosting_sigmoid
CAN-XM0NTONS8I,T0,0.32268237623372253,0.2574281745108227,0.41988944925545474,review_not_warranted,hist_gradient_boosting_sigmoid
CAN-LO4SALY31V,T0,0.11635711016492119,0.5582174101418562,0.32542547969322255,review_not_warranted,hist_gradient_boosting_sigmoid
CAN-UXJU0P1A4M,T0,0.5603754618015294,0.10546227450700747,0.3341622636914631,review_warranted,hist_gradient_boosting_sigmoid
CAN-MFQ4GY8XPH,T0,0.3490182927804885,0.27093337588003125,0.38004833133948024,review_not_warranted,hist_gradient_boosting_sigmoid
CAN-TSX3YOZ6OH,T0,0.21709806639941717,0.4731870026725206,0.3097149309280623,review_not_warranted,hist_gradient_boosting_sigmoid
CAN-RH7J269JWB,T0,0.2191116312920033,0.4420686310558224,0.33881973765217427,review_warranted,hist_gradient_boosting_sigmoid
CAN-MFBV0FQM3G,T0,0.08052742699060722,0.4424182504433923,0.47705432256600044,review_not_warranted,hist_gradient_boosting_sigmoid
CAN-J36EAQ6YIB,T0,0.11818176385775614,0.45144719792638965,0.43037103821585415,review_not_warranted,hist_gradient_boosting_sigmoid
CAN-Y8KKG8V4R5,T0,0.42692033799888846,0.1143108818729797,0.45876878012813177,review_warranted,hist_gradient_boosting_sigmoid
CAN-JH3BMQ4XC7,T0,0.2976572398178616,0.34903272155949194,0.3533100386226464,review_not_warranted,hist_gradient_boosting_sigmoid
CAN-WNGDAMUN3D,T0,0.18507455252287563,0.5176070677790409,0.2973183796980836,review_not_warranted,hist_gradient_boosting_sigmoid
CAN-OQIKHLUC4W,T0,0.3625880667353969,0.26910593385986853,0.3683059994047346,insufficient_evidence,hist_gradient_boosting_sigmoid
CAN-B8OEQZRDZO,T0,0.1797887896553669,0.35287006837027396,0.4673411419743591,insufficient_evidence,hist_gradient_boosting_sigmoid
CAN-GS1ASP5I7M,T0,0.36339533525113904,0.15903015531976727,0.4775745094290937,review_warranted,hist_gradient_boosting_sigmoid
CAN-SIIOAIPEG6,T0,0.3971646731026539,0.16420605833598811,0.43862926856135803,review_warranted,hist_gradient_boosting_sigmoid
CAN-OHKKF3MKJ3,T0,0.35149042875183634,0.21575753959420874,0.43275203165395487,insufficient_evidence,hist_gradient_boosting_sigmoid
CAN-BDWF22CYUA,T0,0.09092005855974024,0.6588453815346036,0.25023455990565624,insufficient_evidence,hist_gradient_boosting_sigmoid
CAN-JUDHP15RCW,T0,0.17143143002540984,0.5814838522671698,0.24708471770742033,review_not_warranted,hist_gradient_boosting_sigmoid
CAN-3H2ZQ20HYA,T0,0.12605847949790555,0.55188964250414,0.32205187799795454,insufficient_evidence,hist_gradient_boosting_sigmoid
CAN-9Y4E8DVX0U,T0,0.4709407091037963,0.12819588024811437,0.40086341064808934,insufficient_evidence,hist_gradient_boosting_sigmoid
CAN-56NGPDUGKO,T0,0.2815396728979916,0.3864417537216404,0.3320185733803679,review_not_warranted,hist_gradient_boosting_sigmoid
CAN-HNHZKKFNLR,T0,0.1496314891021638,0.5954329172077039,0.25493559369013247,insufficient_evidence,hist_gradient_boosting_sigmoid
CAN-3L9PECKRSW,T0,0.4153989717191031,0.18664557585260924,0.3979554524282876,review_warranted,hist_gradient_boosting_sigmoid
CAN-30WX81N4ES,T0,0.5754037187971868,0.12451682479462438,0.300079456408189,review_warranted,hist_gradient_boosting_sigmoid
CAN-UQQIYRW0PD,T0,0.4537932464227436,0.15800487648414646,0.38820187709310994,review_warranted,hist_gradient_boosting_sigmoid
CAN-V9M5ANAVAQ,T0,0.2443965666511544,0.4049122225155998,0.3506912108332459,review_not_warranted,hist_gradient_boosting_sigmoid
CAN-ZT3OGP0JXS,T0,0.0915644665871423,0.5577597573430898,0.3506757760697679,review_not_warranted,hist_gradient_boosting_sigmoid
CAN-VHIJVPARK8,T0,0.5348565553968968,0.08340285090610343,0.3817405936969998,review_warranted,hist_gradient_boosting_sigmoid
CAN-FVPXP9IPUU,T0,0.42418305455411837,0.333881228174745,0.24193571727113658,review_not_warranted,hist_gradient_boosting_sigmoid
CAN-6EP6GXXTK9,T0,0.11440605182597775,0.4775741610897781,0.4080197870842441,review_not_warranted,hist_gradient_boosting_sigmoid
CAN-JR75FSAO9V,T0,0.3008378467816575,0.3955785375825846,0.3035836156357579,review_not_warranted,hist_gradient_boosting_sigmoid
CAN-07K7VDEEMK,T0,0.5160100215167184,0.08299623182715257,0.40099374665612914,review_warranted,hist_gradient_boosting_sigmoid
CAN-X83JEQTGZH,T0,0.509412840747331,0.15432386652624186,0.33626329272642713,review_warranted,hist_gradient_boosting_sigmoid
CAN-CM7DYFBA7J,T0,0.23795908117792428,0.4105899242279259,0.3514509945941498,insufficient_evidence,hist_gradient_boosting_sigmoid
CAN-5N3RUX7YHN,T0,0.42619705016840487,0.18909048702431033,0.3847124628072847,review_warranted,hist_gradient_boosting_sigmoid
CAN-R18R0Y2KT1,T0,0.2588099299836477,0.39624852388609216,0.3449415461302602,review_warranted,hist_gradient_boosting_sigmoid
CAN-MKP2V46UCL,T0,0.4899464861843588,0.24926363742185992,0.2607898763937813,review_warranted,hist_gradient_boosting_sigmoid
CAN-AUHE529DEL,T0,0.12116620699622387,0.6332429400267597,0.2455908529770164,review_not_warranted,hist_gradient_boosting_sigmoid
CAN-RB7I4QYEUI,T0,0.4811405812936003,0.1703346340769056,0.34852478462949404,insufficient_evidence,hist_gradient_boosting_sigmoid
CAN-0R2G3NUIKR,T0,0.47618307367078916,0.27766513654561203,0.24615178978359892,review_warranted,hist_gradient_boosting_sigmoid
CAN-FTE9U57RLP,T0,0.1432421910832962,0.43473182008673844,0.42202598882996534,review_not_warranted,hist_gradient_boosting_sigmoid
CAN-QUQOLS2HT8,T0,0.5138048820705868,0.09343021607264738,0.3927649018567658,review_warranted,hist_gradient_boosting_sigmoid
CAN-J9DW7V0B0M,T0,0.15105849046575526,0.424133440300865,0.42480806923337977,insufficient_evidence,hist_gradient_boosting_sigmoid
CAN-1U7KYCHT04,T0,0.6374915627573895,0.0886084549129305,0.2738999823296801,insufficient_evidence,hist_gradient_boosting_sigmoid
CAN-8IVXRT38AV,T0,0.3201524659543595,0.27746820821710444,0.40237932582853614,review_warranted,hist_gradient_boosting_sigmoid
CAN-8S6ARU7BKP,T0,0.6218806052564863,0.08594222580024295,0.2921771689432708,review_warranted,hist_gradient_boosting_sigmoid
CAN-HA0BA87B8L,T0,0.23834919188180104,0.3556097668801157,0.40604104123808327,insufficient_evidence,hist_gradient_boosting_sigmoid
CAN-0XENT8TOVT,T0,0.06877506011495245,0.6122015215116127,0.31902341837343484,review_not_warranted,hist_gradient_boosting_sigmoid
CAN-W10A9RCR81,T0,0.2576533053565592,0.3563668433525023,0.3859798512909385,insufficient_evidence,hist_gradient_boosting_sigmoid
CAN-DRJR4QD6PK,T0,0.07929799011951598,0.5550435991412802,0.3656584107392038,review_not_warranted,hist_gradient_boosting_sigmoid
CAN-L55BKTF9S0,T0,0.31651939290710746,0.3520206131159254,0.3314599939769671,review_not_warranted,hist_gradient_boosting_sigmoid
CAN-D9Y0VJJ6VW,T0,0.5982941420873958,0.14074820539401695,0.26095765251858727,review_warranted,hist_gradient_boosting_sigmoid
CAN-1ZS1BZI6T1,T0,0.2795814337803086,0.18780886886613338,0.532609697353558,insufficient_evidence,hist_gradient_boosting_sigmoid
CAN-0BEG9SW2FJ,T0,0.18990782013163723,0.5169649402309536,0.29312723963740916,review_not_warranted,hist_gradient_boosting_sigmoid
CAN-R59D8GNWOE,T0,0.4438628208587527,0.18238314932851937,0.37375402981272793,review_warranted,hist_gradient_boosting_sigmoid
CAN-RSAGRRSRCU,T0,0.22516928430320163,0.41446354777657496,0.36036716792022333,insufficient_evidence,hist_gradient_boosting_sigmoid
CAN-TLVR8Y2L8B,T0,0.5474683940105289,0.1430731768574153,0.30945842913205573,review_warranted,hist_gradient_boosting_sigmoid
CAN-KBNRY7AM6A,T0,0.5020435115490051,0.19844122025305685,0.299515268197938,review_warranted,hist_gradient_boosting_sigmoid
CAN-GP3R1BKFVB,T0,0.1902168406332552,0.5077768875791627,0.30200627178758205,review_not_warranted,hist_gradient_boosting_sigmoid
CAN-ZUC41D21E3,T0,0.19387940220731525,0.4837736445484167,0.32234695324426804,review_not_warranted,hist_gradient_boosting_sigmoid
CAN-AX8X8VO9JH,T0,0.19276541687452745,0.32761947243196293,0.47961511069350954,insufficient_evidence,hist_gradient_boosting_sigmoid
CAN-ADOF3P33HR,T0,0.21237943221529004,0.35069582706640784,0.4369247407183022,insufficient_evidence,hist_gradient_boosting_sigmoid
CAN-JAC9C5ZY2J,T0,0.0747248406520095,0.5110852668378191,0.4141898925101714,review_not_warranted,hist_gradient_boosting_sigmoid
CAN-5EZS1T1ELJ,T0,0.2979488465038003,0.37215153796814393,0.32989961552805575,insufficient_evidence,hist_gradient_boosting_sigmoid
CAN-16LL783QTG,T0,0.19783562842726055,0.3563821409302816,0.4457822306424579,review_not_warranted,hist_gradient_boosting_sigmoid
CAN-VIYZ36BREN,T0,0.1561729484842787,0.35249856039469263,0.4913284911210287,insufficient_evidence,hist_gradient_boosting_sigmoid
CAN-Q0VG7NCDFO,T0,0.419345048605325,0.22628341492711743,0.35437153646755754,review_warranted,hist_gradient_boosting_sigmoid
CAN-LQYOAEONVO,T0,0.32061179986013105,0.29175687899840114,0.38763132114146787,insufficient_evidence,hist_gradient_boosting_sigmoid
CAN-Q7RFRQTAQZ,T0,0.32352447165281034,0.25401830991234686,0.42245721843484274,insufficient_evidence,hist_gradient_boosting_sigmoid
CAN-LNUVVT5CZH,T0,0.3204474165232087,0.34416789530171626,0.33538468817507505,review_warranted,hist_gradient_boosting_sigmoid
CAN-0ND8K10G3Q,T0,0.43169231678739806,0.19640794149915955,0.37189974171344237,review_not_warranted,hist_gradient_boosting_sigmoid
CAN-2V0D61OSOH,T0,0.19284708803970588,0.40167303212574823,0.40547987983454586,review_not_warranted,hist_gradient_boosting_sigmoid
CAN-0EEV2PAF0Q,T0,0.3700081899988135,0.2731733309017708,0.3568184790994156,review_not_warranted,hist_gradient_boosting_sigmoid
CAN-OKX1I6CA68,T0,0.16756252879127806,0.37403855518253837,0.4583989160261835,insufficient_evidence,hist_gradient_boosting_sigmoid
CAN-58JRRKXCV8,T0,0.5758666543608494,0.0741507272595136,0.3499826183796371,insufficient_evidence,hist_gradient_boosting_sigmoid
CAN-Q1G8222TVV,T0,0.3366156997545486,0.2523939482451569,0.41099035200029466,review_warranted,hist_gradient_boosting_sigmoid
CAN-JMSVBKK42K,T0,0.28826351878882567,0.19730710336597546,0.5144293778451988,insufficient_evidence,hist_gradient_boosting_sigmoid
CAN-O8J5XQ1QHK,T0,0.3069616800878608,0.13346176617465003,0.5595765537374893,review_warranted,hist_gradient_boosting_sigmoid
CAN-6NHOI7HD4X,T0,0.2084863861122839,0.42345008009677115,0.36806353379094486,review_not_warranted,hist_gradient_boosting_sigmoid
CAN-Z2FMDPQZ6U,T0,0.1083303959110554,0.5944473762528609,0.29722222783608376,review_not_warranted,hist_gradient_boosting_sigmoid
CAN-YPY46FBMCC,T0,0.27148987863907403,0.40610850928916853,0.32240161207175744,insufficient_evidence,hist_gradient_boosting_sigmoid
CAN-M6I6ONFLH6,T0,0.10771097907964537,0.6139303876172758,0.2783586333030788,insufficient_evidence,hist_gradient_boosting_sigmoid
CAN-MD6HSPZNPH,T0,0.14916714183003768,0.3959455156133622,0.45488734255660007,insufficient_evidence,hist_gradient_boosting_sigmoid
CAN-BG2JQTKE9R,T0,0.3785805782667921,0.3290559865790952,0.2923634351541127,insufficient_evidence,hist_gradient_boosting_sigmoid
CAN-NZ60ITUAMZ,T0,0.20034489188961999,0.49429290043044993,0.3053622076799301,insufficient_evidence,hist_gradient_boosting_sigmoid
CAN-3E88BL7X8N,T0,0.36396544120181734,0.2639705833366988,0.37206397546148384,review_warranted,hist_gradient_boosting_sigmoid
CAN-WRYT3JA62H,T0,0.1994157204980631,0.341855833210702,0.4587284462912349,insufficient_evidence,hist_gradient_boosting_sigmoid
CAN-UC1GUSFB8Y,T0,0.20462164020424867,0.2608843618544084,0.534493997941343,insufficient_evidence,hist_gradient_boosting_sigmoid
CAN-KAEH77AZL2,T0,0.2980428395737675,0.2498118168697789,0.4521453435564536,review_not_warranted,hist_gradient_boosting_sigmoid
CAN-NJIWES3CMC,T0,0.10554852596664122,0.5622810034109412,0.3321704706224176,review_not_warranted,hist_gradient_boosting_sigmoid
CAN-OV2OP0BPC2,T0,0.33801860829246994,0.24755697079979377,0.41442442090773635,review_warranted,hist_gradient_boosting_sigmoid
CAN-8BR6ZCR6C5,T0,0.17852215626551846,0.48255739200129927,0.33892045173318225,review_not_warranted,hist_gradient_boosting_sigmoid
CAN-M5PX3JZR1B,T0,0.5116537161122219,0.19025885219195895,0.29808743169581914,review_warranted,hist_gradient_boosting_sigmoid
CAN-WQQAVM6KJ0,T0,0.5001244196513941,0.25227558457985105,0.24759999576875477,insufficient_evidence,hist_gradient_boosting_sigmoid
CAN-GXTMUF9MJ2,T0,0.08151344017826177,0.43254493189288296,0.48594162792885526,review_not_warranted,hist_gradient_boosting_sigmoid
CAN-X66G0DQZY1,T0,0.16310013593038497,0.43838682811575924,0.3985130359538558,review_not_warranted,hist_gradient_boosting_sigmoid
CAN-8G6HTDW3TS,T0,0.31349624871011267,0.2877600433689344,0.398743707920953,review_not_warranted,hist_gradient_boosting_sigmoid
CAN-IX71UNKLCC,T0,0.2229434320781014,0.36745602279104356,0.40960054513085503,review_not_warranted,hist_gradient_boosting_sigmoid
CAN-BQ2E1CA8JA,T0,0.3983036619560999,0.310120261267098,0.291576076776802,review_not_warranted,hist_gradient_boosting_sigmoid
CAN-C6JQXV1H28,T0,0.41738313400910343,0.15704155252382557,0.42557531346707106,review_not_warranted,hist_gradient_boosting_sigmoid
CAN-7Z4I6X76ZY,T0,0.1301568726764031,0.4566157366315804,0.4132273906920165,review_not_warranted,hist_gradient_boosting_sigmoid
CAN-4DQEX1DFLP,T0,0.09057820306324298,0.3705738909905944,0.5388479059461627,review_not_warranted,hist_gradient_boosting_sigmoid
CAN-GTRZMV90GK,T0,0.3318444267734269,0.20136763791306214,0.46678793531351087,insufficient_evidence,hist_gradient_boosting_sigmoid
CAN-28HOG1H1PI,T0,0.43055481244207944,0.14116067127925805,0.42828451627866243,review_warranted,hist_gradient_boosting_sigmoid
CAN-8467CAI41V,T0,0.3773319380399662,0.2976937884709911,0.32497427348904273,review_warranted,hist_gradient_boosting_sigmoid
CAN-A8RUHP98S6,T0,0.185017998284763,0.3963446990017743,0.4186373027134627,review_not_warranted,hist_gradient_boosting_sigmoid
CAN-6FIO389AU7,T0,0.42032883918418157,0.20404833586786197,0.37562282494795646,review_warranted,hist_gradient_boosting_sigmoid
CAN-GRA38D14NY,T0,0.5854737716227838,0.10640143056672663,0.3081247978104897,review_warranted,hist_gradient_boosting_sigmoid
CAN-TK9TB1S19Y,T0,0.4302882524725365,0.14799309035986427,0.4217186571675992,review_warranted,hist_gradient_boosting_sigmoid
CAN-6045ADGW9W,T0,0.07756742044151736,0.6427974902831854,0.2796350892752972,review_not_warranted,hist_gradient_boosting_sigmoid
CAN-YVRMB50LXO,T0,0.10486840784779267,0.6184709589758643,0.2766606331763431,review_not_warranted,hist_gradient_boosting_sigmoid
CAN-VJ1ATXQ4KR,T0,0.15470153154357316,0.4249841012779658,0.4203143671784611,review_not_warranted,hist_gradient_boosting_sigmoid
CAN-693NHGTCCO,T0,0.5257652994673696,0.15871154831812032,0.3155231522145101,review_warranted,hist_gradient_boosting_sigmoid
CAN-QZE5QAIJ2T,T0,0.5158789594685563,0.13199647179677798,0.35212456873466574,review_warranted,hist_gradient_boosting_sigmoid
CAN-VB1685ICUZ,T0,0.1369995970945282,0.2996828682585223,0.5633175346469496,review_not_warranted,hist_gradient_boosting_sigmoid
CAN-VNPISGXD4Q,T0,0.5137676887695108,0.13550325920227638,0.35072905202821275,review_warranted,hist_gradient_boosting_sigmoid
CAN-E2FZJZ8WLH,T0,0.13555551590875733,0.5043983202634369,0.3600461638278057,insufficient_evidence,hist_gradient_boosting_sigmoid
CAN-LEJZ8XH8YE,T0,0.38149019913272086,0.32151410988313,0.2969956909841491,insufficient_evidence,hist_gradient_boosting_sigmoid
CAN-SHRRQNVCIC,T0,0.12824510962015565,0.6297869329016034,0.24196795747824099,review_not_warranted,hist_gradient_boosting_sigmoid
CAN-8LF2PPDABK,T0,0.4218228709164608,0.13628155300645714,0.441895576077082,insufficient_evidence,hist_gradient_boosting_sigmoid
CAN-ZWF0AYKB18,T0,0.20601631686528735,0.34726130231132046,0.4467223808233922,review_warranted,hist_gradient_boosting_sigmoid
CAN-HC7VWRKBC4,T0,0.1422135274988044,0.4538478854949664,0.40393858700622925,insufficient_evidence,hist_gradient_boosting_sigmoid
CAN-6O36VBSAI9,T0,0.4860436577595852,0.21280139221368835,0.3011549500267264,review_warranted,hist_gradient_boosting_sigmoid
CAN-4EK13UOVMH,T0,0.3572511115044374,0.29142189076018155,0.35132699773538106,review_warranted,hist_gradient_boosting_sigmoid
CAN-4JML2H5550,T0,0.34173041423524675,0.3413932244798112,0.316876361284942,insufficient_evidence,hist_gradient_boosting_sigmoid
CAN-W803WTVEJV,T0,0.09919141802227349,0.572473678654407,0.32833490332331944,review_not_warranted,hist_gradient_boosting_sigmoid
CAN-1JQKMVCC0E,T0,0.6297763492955757,0.09907663517916636,0.27114701552525794,review_warranted,hist_gradient_boosting_sigmoid
CAN-PFB5DKD37Z,T0,0.3429496769743255,0.30008389260493284,0.35696643042074166,review_warranted,hist_gradient_boosting_sigmoid
CAN-JS0TD7RAVV,T0,0.08332947969343554,0.3296202465438961,0.5870502737626684,review_warranted,hist_gradient_boosting_sigmoid
CAN-6N8NUY6QNZ,T0,0.3095180091927744,0.40212946590816584,0.28835252489905977,review_not_warranted,hist_gradient_boosting_sigmoid
CAN-3W1WRGSSBR,T0,0.42501313410805713,0.15945699629261637,0.4155298695993266,insufficient_evidence,hist_gradient_boosting_sigmoid
CAN-RLFHYDAOTO,T0,0.3248900100491163,0.3201409739197895,0.35496901603109426,review_not_warranted,hist_gradient_boosting_sigmoid
CAN-USBPGXP3DA,T0,0.11910904704226877,0.5693094574678036,0.31158149548992764,insufficient_evidence,hist_gradient_boosting_sigmoid
CAN-F640D3DCIR,T0,0.19555395873517872,0.34396666402255816,0.46047937724226323,insufficient_evidence,hist_gradient_boosting_sigmoid
CAN-J538MFH2RZ,T0,0.09091170934098176,0.5482862147490022,0.36080207591001595,review_warranted,hist_gradient_boosting_sigmoid
CAN-T3BSOKDD2P,T0,0.5426369691155147,0.14593094099642237,0.31143208988806287,review_warranted,hist_gradient_boosting_sigmoid
CAN-1UXZVZSG4A,T0,0.1912455657176856,0.35564503472096964,0.4531093995613447,review_not_warranted,hist_gradient_boosting_sigmoid
CAN-QU6MD5TN0F,T0,0.2155889714581837,0.41754384662686395,0.3668671819149523,insufficient_evidence,hist_gradient_boosting_sigmoid
CAN-H2TOKOI56S,T0,0.20905108054413035,0.5055144959160572,0.2854344235398125,review_not_warranted,hist_gradient_boosting_sigmoid
CAN-ARNXXD7017,T0,0.3005210023298684,0.3612074700995766,0.338271527570555,review_warranted,hist_gradient_boosting_sigmoid
CAN-BT0Y88Z5VY,T0,0.28711877110610967,0.2681388158354282,0.4447424130584621,review_warranted,hist_gradient_boosting_sigmoid
CAN-20LP6R01W2,T0,0.5957585500065307,0.06843813323577959,0.3358033167576897,review_warranted,hist_gradient_boosting_sigmoid
CAN-GT29QK48ZR,T0,0.4923445556335119,0.22220750060607233,0.28544794376041577,review_warranted,hist_gradient_boosting_sigmoid
CAN-JTU00IS95H,T0,0.3847723257915674,0.38797260109259085,0.2272550731158418,review_warranted,hist_gradient_boosting_sigmoid
CAN-KLQH9G2XAA,T0,0.26969422098575196,0.29493069619236467,0.43537508282188325,review_not_warranted,hist_gradient_boosting_sigmoid
CAN-1X36MKKDTS,T0,0.20710129598359106,0.37484243642176507,0.4180562675946439,review_not_warranted,hist_gradient_boosting_sigmoid
CAN-DANXMJUTSN,T0,0.40962738504824375,0.2431061679173081,0.34726644703444814,insufficient_evidence,hist_gradient_boosting_sigmoid
CAN-L16ZDGA6KP,T0,0.4679040354565673,0.19319769078942964,0.338898273754003,review_warranted,hist_gradient_boosting_sigmoid
CAN-ICKK4E813F,T0,0.12144320407254472,0.609467520774073,0.2690892751533824,review_not_warranted,hist_gradient_boosting_sigmoid
CAN-BQA0QBKTW1,T0,0.15855942088076,0.5513320514916528,0.29010852762758726,insufficient_evidence,hist_gradient_boosting_sigmoid
CAN-PBRR29HATJ,T0,0.2174959607631389,0.3216447664896607,0.46085927274720034,review_not_warranted,hist_gradient_boosting_sigmoid
CAN-RWVLQ6JSLV,T0,0.10691821546216491,0.4972931667168554,0.3957886178209797,insufficient_evidence,hist_gradient_boosting_sigmoid
CAN-D0A5SDWYO9,T0,0.4215213637795335,0.21643027608919252,0.362048360131274,review_not_warranted,hist_gradient_boosting_sigmoid
CAN-LAAZKJS0G8,T0,0.3292161183853153,0.2537391124246558,0.417044769190029,insufficient_evidence,hist_gradient_boosting_sigmoid
CAN-9UF00BV0SU,T0,0.07312528394038045,0.5423395792029149,0.38453513685670476,insufficient_evidence,hist_gradient_boosting_sigmoid
CAN-P049Y8KP5Z,T0,0.1623609483133045,0.524044630579693,0.31359442110700253,review_warranted,hist_gradient_boosting_sigmoid
CAN-B0FYO3ENSX,T0,0.5184749656904047,0.1668232086985801,0.31470182561101523,review_warranted,hist_gradient_boosting_sigmoid
CAN-2MPIJSE7PT,T0,0.33509955274607034,0.30617344179611555,0.35872700545781405,review_warranted,hist_gradient_boosting_sigmoid
CAN-6ULFMKJ73X,T0,0.36360377296090585,0.30075620939802716,0.335640017641067,review_warranted,hist_gradient_boosting_sigmoid
CAN-QCF4GZN8TD,T1,0.4805072746870751,0.19388376392790707,0.3256089613850179,insufficient_evidence,hist_gradient_boosting_sigmoid
CAN-O523BGV6IR,T1,0.2555559104062236,0.36215148319480245,0.38229260639897383,review_not_warranted,hist_gradient_boosting_sigmoid
CAN-JUR9CRBOBB,T1,0.2892801397777016,0.3176680247420411,0.3930518354802573,insufficient_evidence,hist_gradient_boosting_sigmoid
CAN-1EJVSHCWNY,T1,0.2769890774937405,0.39749529824627666,0.32551562425998287,review_not_warranted,hist_gradient_boosting_sigmoid
CAN-NLM2FQOWDX,T1,0.1456871733752485,0.46159930924750053,0.3927135173772511,insufficient_evidence,hist_gradient_boosting_sigmoid
CAN-2B1096MPJS,T1,0.40012957700383794,0.30957934241674107,0.2902910805794211,review_warranted,hist_gradient_boosting_sigmoid
CAN-046H2OTGZ2,T1,0.2880793022195264,0.3443714413137944,0.36754925646667935,review_warranted,hist_gradient_boosting_sigmoid
CAN-M8GSUMHUBV,T1,0.19014876013743934,0.41665168033472816,0.39319955952783253,review_not_warranted,hist_gradient_boosting_sigmoid
CAN-BENX1VQFJF,T1,0.3332622793836892,0.3510604005833335,0.3156773200329774,review_warranted,hist_gradient_boosting_sigmoid
CAN-MG8XYRNB7R,T1,0.4198012694876289,0.3356148414229498,0.24458388908942127,insufficient_evidence,hist_gradient_boosting_sigmoid
CAN-N4QFJS875I,T1,0.4538994844922846,0.2910742490552361,0.25502626645247933,insufficient_evidence,hist_gradient_boosting_sigmoid
CAN-4T5MQ6DTMK,T1,0.47059970427001513,0.2175351440603115,0.31186515166967343,review_not_warranted,hist_gradient_boosting_sigmoid
CAN-Z33ALI17FK,T1,0.191161613445996,0.5051356305444211,0.30370275600958285,review_not_warranted,hist_gradient_boosting_sigmoid
CAN-SR7RMC873R,T1,0.21157190172600085,0.3746917766564028,0.4137363216175964,review_not_warranted,hist_gradient_boosting_sigmoid
CAN-ZSGTTG0DNE,T1,0.3686997805598724,0.3118524897277366,0.319447729712391,review_not_warranted,hist_gradient_boosting_sigmoid
CAN-DZXEHKO5JZ,T1,0.22446358423418314,0.3581022254419972,0.4174341903238196,review_not_warranted,hist_gradient_boosting_sigmoid
CAN-531EC6XM0A,T1,0.1364472122604385,0.44507492540103916,0.4184778623385224,review_not_warranted,hist_gradient_boosting_sigmoid
CAN-STFR13OJLS,T1,0.5600428305766015,0.1703217847291344,0.2696353846942641,review_not_warranted,hist_gradient_boosting_sigmoid
CAN-I25Z744R3A,T1,0.17244915864307878,0.47188730607998225,0.3556635352769389,review_not_warranted,hist_gradient_boosting_sigmoid
CAN-7UQ40SSRBR,T1,0.15750686817327608,0.48622547950432593,0.35626765232239793,review_not_warranted,hist_gradient_boosting_sigmoid
CAN-UVG366PFKZ,T1,0.300875199264041,0.28156084409102955,0.4175639566449294,review_not_warranted,hist_gradient_boosting_sigmoid
CAN-VDBBB1U640,T1,0.16587799662443614,0.511644899466002,0.3224771039095619,insufficient_evidence,hist_gradient_boosting_sigmoid
CAN-Y1ONULRYLB,T1,0.21418012933716304,0.40279816182897177,0.3830217088338652,insufficient_evidence,hist_gradient_boosting_sigmoid
CAN-QQXBJU6M6L,T1,0.41015741590559296,0.29464309126113625,0.2951994928332708,insufficient_evidence,hist_gradient_boosting_sigmoid
CAN-3D99WGLA9F,T1,0.16295270852042523,0.47333503963796714,0.3637122518416076,insufficient_evidence,hist_gradient_boosting_sigmoid
CAN-RAC3AUDPMW,T1,0.3148423867141504,0.26123403320296384,0.4239235800828858,review_not_warranted,hist_gradient_boosting_sigmoid
CAN-MSNJEAB1GA,T1,0.5625418844306017,0.1490121964960073,0.288445919073391,review_warranted,hist_gradient_boosting_sigmoid
CAN-R3PHPYEEK1,T1,0.23344847413873918,0.48481855747577346,0.2817329683854873,review_warranted,hist_gradient_boosting_sigmoid
CAN-4491B2CKSM,T1,0.1173969554032492,0.5248132093244431,0.35778983527230773,review_not_warranted,hist_gradient_boosting_sigmoid
CAN-QCQLTNKON8,T1,0.10800239890620678,0.5975513282671624,0.2944462728266309,review_not_warranted,hist_gradient_boosting_sigmoid
CAN-YGWAL6CGCM,T1,0.4600832833943777,0.29153220049215234,0.2483845161134699,review_warranted,hist_gradient_boosting_sigmoid
CAN-I0MWENXOTY,T1,0.29073349525237974,0.32878952137256806,0.3804769833750523,review_not_warranted,hist_gradient_boosting_sigmoid
CAN-ZKFSI428I3,T1,0.5747130238450812,0.13190975053279017,0.2933772256221287,review_warranted,hist_gradient_boosting_sigmoid
CAN-CE82WSAY7G,T1,0.42931904094749734,0.3096589462652499,0.26102201278725273,review_warranted,hist_gradient_boosting_sigmoid
CAN-VT4PWKOXUS,T1,0.23900778405062514,0.36715834037237133,0.3938338755770035,insufficient_evidence,hist_gradient_boosting_sigmoid
CAN-WMYE9H5KHU,T1,0.10338419346613155,0.5448073046269409,0.3518085019069275,insufficient_evidence,hist_gradient_boosting_sigmoid
CAN-G5QOBJADAS,T1,0.16993576965385396,0.49028988780794297,0.339774342538203,insufficient_evidence,hist_gradient_boosting_sigmoid
CAN-4HICC8FK63,T1,0.1504653194827781,0.5284449210133317,0.3210897595038901,insufficient_evidence,hist_gradient_boosting_sigmoid
CAN-EY5UH24ZIZ,T1,0.3782781318408171,0.28114772405820615,0.3405741441009767,review_warranted,hist_gradient_boosting_sigmoid
CAN-UOZRL1V8KU,T1,0.18774309841315787,0.4201638933162987,0.39209300827054344,review_warranted,hist_gradient_boosting_sigmoid
CAN-BDFTFJSJN7,T1,0.24605185418820022,0.4030325992074106,0.3509155466043892,insufficient_evidence,hist_gradient_boosting_sigmoid
CAN-2OHE79VIFA,T1,0.43439709853111874,0.23674161288442788,0.3288612885844535,review_not_warranted,hist_gradient_boosting_sigmoid
CAN-Z7ABOKWLUW,T1,0.09575000543903826,0.5000441126095002,0.4042058819514614,review_not_warranted,hist_gradient_boosting_sigmoid
CAN-MMXHM6U1Q3,T1,0.1485487395585258,0.5095324645823681,0.34191879585910606,review_not_warranted,hist_gradient_boosting_sigmoid
CAN-VY0CLY1UJZ,T1,0.20530320700366878,0.41655086547299497,0.37814592752333626,insufficient_evidence,hist_gradient_boosting_sigmoid
CAN-N2OQ035YY8,T1,0.19619912994494762,0.3543012312846107,0.4494996387704416,insufficient_evidence,hist_gradient_boosting_sigmoid
CAN-682VA03Y7M,T1,0.147364033838415,0.4752502615872823,0.3773857045743027,review_not_warranted,hist_gradient_boosting_sigmoid
CAN-R86U0E2XY5,T1,0.09488500290548833,0.5330248205336118,0.3720901765608998,review_not_warranted,hist_gradient_boosting_sigmoid
CAN-ZQ0GWKIZ51,T1,0.44809910535549874,0.170261263656182,0.3816396309883192,review_warranted,hist_gradient_boosting_sigmoid
CAN-A6ETMQZT3D,T1,0.22600345961135435,0.4954214398492254,0.2785751005394203,review_not_warranted,hist_gradient_boosting_sigmoid
CAN-W41T8OR50L,T1,0.5648705837645531,0.22965634777583252,0.2054730684596144,review_warranted,hist_gradient_boosting_sigmoid
CAN-KMB5GTBPM9,T1,0.12686580474746387,0.5305608242103191,0.342573371042217,insufficient_evidence,hist_gradient_boosting_sigmoid
CAN-Z38H9W4ZGC,T1,0.14457777919560869,0.5472627535967259,0.3081594672076655,review_not_warranted,hist_gradient_boosting_sigmoid
CAN-XY38I4LIXQ,T1,0.16328773441871655,0.4865208814969629,0.35019138408432066,review_not_warranted,hist_gradient_boosting_sigmoid
CAN-UC0X4CF5YC,T1,0.18443684162599325,0.4394183728758038,0.3761447854982029,insufficient_evidence,hist_gradient_boosting_sigmoid
CAN-8MG3KHERI3,T1,0.3664685803792214,0.29336752338977384,0.3401638962310048,review_warranted,hist_gradient_boosting_sigmoid
CAN-82A1AW528U,T1,0.2185721761867895,0.3776522578750077,0.4037755659382028,review_not_warranted,hist_gradient_boosting_sigmoid
CAN-MYFWBL13VE,T1,0.3896529908731577,0.2335272769437597,0.3768197321830827,insufficient_evidence,hist_gradient_boosting_sigmoid
CAN-SXC7CQRKWL,T1,0.23810123367187178,0.4123478075988674,0.34955095872926084,insufficient_evidence,hist_gradient_boosting_sigmoid
CAN-4SMT2ZQ2JW,T1,0.16461987585500737,0.49189491462586127,0.34348520951913136,review_not_warranted,hist_gradient_boosting_sigmoid
CAN-F0PK9CCT7U,T1,0.29541322550119176,0.32433599563590393,0.3802507788629042,review_warranted,hist_gradient_boosting_sigmoid
CAN-18HFR7ZPQ5,T1,0.2803676008618661,0.4325716845816065,0.28706071455652743,insufficient_evidence,hist_gradient_boosting_sigmoid
CAN-TT3YS2Q6D9,T1,0.3358788634597157,0.25539761478047535,0.408723521759809,insufficient_evidence,hist_gradient_boosting_sigmoid
CAN-N457EOO43R,T1,0.4491397609133383,0.24440094563861894,0.30645929344804274,review_warranted,hist_gradient_boosting_sigmoid
CAN-JE4XWOKZY7,T1,0.10475240804016162,0.477598508671238,0.41764908328860045,review_warranted,hist_gradient_boosting_sigmoid
CAN-P2BMVSIWSO,T1,0.21594367039624068,0.4503019844147563,0.33375434518900293,insufficient_evidence,hist_gradient_boosting_sigmoid
CAN-WSZ2K6LRDA,T1,0.30929148385199673,0.35212078944836894,0.3385877266996344,review_warranted,hist_gradient_boosting_sigmoid
CAN-LPTV3L15GI,T1,0.3825085024320291,0.20698144766174123,0.4105100499062297,review_warranted,hist_gradient_boosting_sigmoid
CAN-HJSKW8DII3,T1,0.18340654988580607,0.4279164854316777,0.3886769646825163,insufficient_evidence,hist_gradient_boosting_sigmoid
CAN-TEZC5LDGEW,T1,0.19711682793099203,0.4681721750541286,0.3347109970148794,review_not_warranted,hist_gradient_boosting_sigmoid
CAN-BA2J2OCZ4N,T1,0.14972815237260992,0.4468766237794619,0.4033952238479282,insufficient_evidence,hist_gradient_boosting_sigmoid
CAN-ZMVKC63G2A,T1,0.10539439303285594,0.49064793286838443,0.40395767409875966,insufficient_evidence,hist_gradient_boosting_sigmoid
CAN-K7S70RXAMG,T1,0.26928639353381784,0.2886826420644192,0.44203096440176287,insufficient_evidence,hist_gradient_boosting_sigmoid
CAN-OAOG54YAZO,T1,0.3888506602190246,0.2936933363328641,0.3174560034481114,review_not_warranted,hist_gradient_boosting_sigmoid
CAN-86YS89WD1X,T1,0.1873502233012149,0.47674669347041276,0.3359030832283723,insufficient_evidence,hist_gradient_boosting_sigmoid
CAN-LJAETPGFMO,T1,0.31154219486640605,0.3592866280836538,0.3291711770499402,insufficient_evidence,hist_gradient_boosting_sigmoid
CAN-KNFI1QC8WD,T1,0.37526483751762635,0.318268607451999,0.3064665550303746,review_warranted,hist_gradient_boosting_sigmoid
CAN-ZSJALHV9SZ,T1,0.15260093096662083,0.4534628216180157,0.39393624741536354,insufficient_evidence,hist_gradient_boosting_sigmoid
CAN-UIDCKJCDCX,T1,0.13492767594856228,0.5145232690282424,0.35054905502319533,insufficient_evidence,hist_gradient_boosting_sigmoid
CAN-MDT600E24L,T1,0.3367409411120356,0.32063627523504296,0.34262278365292137,review_warranted,hist_gradient_boosting_sigmoid
CAN-J4H3HYSW7L,T1,0.1746655831703204,0.4065825409542243,0.4187518758754553,insufficient_evidence,hist_gradient_boosting_sigmoid
CAN-QM71SGDM4I,T1,0.5282587072206674,0.16731706155200224,0.3044242312273304,review_warranted,hist_gradient_boosting_sigmoid
CAN-SC42SBD0LB,T1,0.16733337344688703,0.44281989065104277,0.38984673590207014,review_not_warranted,hist_gradient_boosting_sigmoid
CAN-J2Z8813Q6I,T1,0.17787346893070569,0.45314938438426816,0.36897714668502624,insufficient_evidence,hist_gradient_boosting_sigmoid
CAN-8WZY5EL0GS,T1,0.3486043321720393,0.3069193048604634,0.34447636296749734,review_not_warranted,hist_gradient_boosting_sigmoid
CAN-UC3CXNT45X,T1,0.5596707241855013,0.19655997631918212,0.24376929949531653,insufficient_evidence,hist_gradient_boosting_sigmoid
CAN-OX9BJ0D2O1,T1,0.17235858774569188,0.5120005777914506,0.3156408344628575,insufficient_evidence,hist_gradient_boosting_sigmoid
CAN-CSA9RPF7N0,T1,0.31037214587861434,0.2817177903782349,0.40791006374315075,review_not_warranted,hist_gradient_boosting_sigmoid
CAN-GAZ28IY33B,T1,0.4560355360795289,0.22685936106540186,0.31710510285506915,insufficient_evidence,hist_gradient_boosting_sigmoid
CAN-JEIC06XTOM,T1,0.5316490034358762,0.19888045380866629,0.2694705427554576,review_not_warranted,hist_gradient_boosting_sigmoid
CAN-WAM0MZEWD7,T1,0.25319493109978375,0.3534701806565353,0.39333488824368096,insufficient_evidence,hist_gradient_boosting_sigmoid
CAN-90NXQQ43RV,T1,0.08035579640789377,0.5792058778670676,0.3404383257250387,review_not_warranted,hist_gradient_boosting_sigmoid
CAN-U9XCTU7C4F,T1,0.12988551541278182,0.48047624845479425,0.38963823613242393,insufficient_evidence,hist_gradient_boosting_sigmoid
CAN-3V8APYMFFU,T1,0.22255546970907614,0.4672984273324507,0.31014610295847317,review_not_warranted,hist_gradient_boosting_sigmoid
CAN-4FO38FPD7B,T1,0.24202751051620666,0.4272702839287614,0.33070220555503194,review_not_warranted,hist_gradient_boosting_sigmoid
CAN-LQTYLY754O,T1,0.3573239793053244,0.2399098759701966,0.40276614472447897,review_warranted,hist_gradient_boosting_sigmoid
CAN-Y1NS971FST,T1,0.5323881456117256,0.16669299235375928,0.3009188620345152,review_warranted,hist_gradient_boosting_sigmoid
CAN-1WB2NA52JZ,T1,0.2564086487615404,0.34737819755202537,0.39621315368643417,insufficient_evidence,hist_gradient_boosting_sigmoid
CAN-GPXG19LRNA,T1,0.2690637288845043,0.41458491452068685,0.31635135659480884,review_not_warranted,hist_gradient_boosting_sigmoid
CAN-I4N8CBG88Z,T1,0.4633123875161281,0.1964847004867656,0.3402029119971062,review_warranted,hist_gradient_boosting_sigmoid
CAN-RG84ONNZ7C,T1,0.4607491697914147,0.27101154043195946,0.2682392897766258,review_warranted,hist_gradient_boosting_sigmoid
CAN-1NEQLC2YWG,T1,0.4143293857979547,0.27010175125609076,0.3155688629459545,insufficient_evidence,hist_gradient_boosting_sigmoid
CAN-4QS9RM4XLH,T1,0.3272172371869751,0.3247401965149271,0.34804256629809777,review_warranted,hist_gradient_boosting_sigmoid
CAN-CJN0H4XCFS,T1,0.25313744350052886,0.3999493246544188,0.3469132318450523,insufficient_evidence,hist_gradient_boosting_sigmoid
CAN-P4RVWAG757,T1,0.32002678226154024,0.22331218281287837,0.45666103492558136,insufficient_evidence,hist_gradient_boosting_sigmoid
CAN-ERSOR4K7QJ,T1,0.3754866313130879,0.31181660537488576,0.3126967633120264,insufficient_evidence,hist_gradient_boosting_sigmoid
CAN-RXMWDVU7JD,T1,0.38272298935948007,0.2398600171807095,0.37741699345981033,review_warranted,hist_gradient_boosting_sigmoid
CAN-7HQWF459VW,T1,0.30238061486046314,0.3385079591942869,0.35911142594525003,review_not_warranted,hist_gradient_boosting_sigmoid
CAN-ME2Q23NS0G,T1,0.4719451405437194,0.2790417878264128,0.24901307162986783,review_warranted,hist_gradient_boosting_sigmoid
CAN-W1O813CX74,T1,0.14005836459930746,0.44249912754316484,0.41744250785752773,review_not_warranted,hist_gradient_boosting_sigmoid
CAN-3JG44NWV2W,T1,0.39394522578919083,0.2498088816421599,0.3562458925686493,insufficient_evidence,hist_gradient_boosting_sigmoid
CAN-R3FQ58SFFS,T1,0.13790933331331065,0.4947657109059295,0.36732495578075985,review_not_warranted,hist_gradient_boosting_sigmoid
CAN-H3DK4NU2ZJ,T1,0.4868066804310976,0.20706404796666802,0.30612927160223435,review_not_warranted,hist_gradient_boosting_sigmoid
CAN-5D0G3VUQUU,T1,0.18716218979685628,0.5052779682514538,0.3075598419516899,insufficient_evidence,hist_gradient_boosting_sigmoid
CAN-ZG2995G25E,T1,0.2353601236185798,0.4147795252635606,0.34986035111785957,review_not_warranted,hist_gradient_boosting_sigmoid
CAN-Y746C1F209,T1,0.13592734997802652,0.5200983474354474,0.34397430258652606,review_warranted,hist_gradient_boosting_sigmoid
CAN-XFRLQDC4M8,T1,0.2553879357185557,0.2785776820178908,0.4660343822635535,insufficient_evidence,hist_gradient_boosting_sigmoid
CAN-QA6NLD1VOR,T1,0.11011123714082512,0.5902449576219215,0.2996438052372533,review_not_warranted,hist_gradient_boosting_sigmoid
CAN-WMUAXBCUOI,T1,0.3444559786398198,0.21833949867510058,0.4372045226850796,review_not_warranted,hist_gradient_boosting_sigmoid
CAN-H08YS9RB2I,T1,0.2080210864606371,0.43357124448150736,0.35840766905785554,review_warranted,hist_gradient_boosting_sigmoid
CAN-V2L4EF4KSE,T1,0.2607426413326822,0.4174772345849394,0.3217801240823785,insufficient_evidence,hist_gradient_boosting_sigmoid
CAN-4BW4AXV2DW,T1,0.29652042512011945,0.28738020806268233,0.4160993668171982,review_warranted,hist_gradient_boosting_sigmoid
CAN-DMAU8U15C2,T1,0.15514925586677114,0.5184537499047404,0.32639699422848856,review_not_warranted,hist_gradient_boosting_sigmoid
CAN-2LQVYTP1NE,T1,0.1684877785273636,0.42652085519669325,0.40499136627594307,review_not_warranted,hist_gradient_boosting_sigmoid
CAN-4CFU2SAM9A,T1,0.3740546328025425,0.26189912220954836,0.36404624498790916,insufficient_evidence,hist_gradient_boosting_sigmoid
CAN-J4XWX7ACSW,T1,0.1702873174466503,0.5069557663616515,0.32275691619169816,review_not_warranted,hist_gradient_boosting_sigmoid
CAN-DQTR43KXGL,T1,0.20205242231177858,0.4496017331275726,0.3483458445606487,review_not_warranted,hist_gradient_boosting_sigmoid
CAN-OKRGM086UH,T1,0.43015502016750823,0.20927365533633402,0.36057132449615775,insufficient_evidence,hist_gradient_boosting_sigmoid
CAN-5J9D6PMOG7,T1,0.12383716449839004,0.5410877554915019,0.3350750800101081,review_not_warranted,hist_gradient_boosting_sigmoid
CAN-NS2I9QFL3T,T1,0.2451595737866851,0.3954889518746954,0.35935147433861947,insufficient_evidence,hist_gradient_boosting_sigmoid
CAN-GYB9DQNAPG,T1,0.1598355876235308,0.4645716983856463,0.37559271399082284,review_not_warranted,hist_gradient_boosting_sigmoid
CAN-I3PAG0MQ4S,T1,0.2010470080979355,0.44565660643798005,0.35329638546408454,insufficient_evidence,hist_gradient_boosting_sigmoid
CAN-P69V1TRALB,T1,0.2531625163907222,0.4354163188271868,0.3114211647820909,insufficient_evidence,hist_gradient_boosting_sigmoid
CAN-6E9YCRS9LL,T1,0.13864930606284676,0.49167132938458846,0.3696793645525647,insufficient_evidence,hist_gradient_boosting_sigmoid
CAN-7YPZD0CRBH,T1,0.4138711926085883,0.23186328734291842,0.35426552004849327,review_warranted,hist_gradient_boosting_sigmoid
CAN-YM0I69QM0I,T1,0.20004498545871494,0.41847663927233797,0.3814783752689472,review_not_warranted,hist_gradient_boosting_sigmoid
CAN-WP2EAZABSX,T1,0.32831885734782523,0.33438349313606763,0.3372976495161071,insufficient_evidence,hist_gradient_boosting_sigmoid
CAN-VRIHDH9JWE,T1,0.32882737714173454,0.3070738782420077,0.3640987446162578,insufficient_evidence,hist_gradient_boosting_sigmoid
CAN-IA8U1DVUO4,T1,0.15813353925432083,0.39857206526604333,0.44329439547963584,review_not_warranted,hist_gradient_boosting_sigmoid
CAN-TOCVLBL1FO,T1,0.5707725366956735,0.1424684001367864,0.2867590631675401,review_warranted,hist_gradient_boosting_sigmoid
CAN-YP40LZV7HG,T1,0.5285968349199915,0.16258565816919124,0.3088175069108172,insufficient_evidence,hist_gradient_boosting_sigmoid
CAN-XM0NTONS8I,T1,0.3495891389885731,0.2667155283867177,0.3836953326247092,review_not_warranted,hist_gradient_boosting_sigmoid
CAN-LO4SALY31V,T1,0.4507813312924697,0.255835823438806,0.2933828452687243,insufficient_evidence,hist_gradient_boosting_sigmoid
CAN-UXJU0P1A4M,T1,0.2556749979537047,0.33129854485049043,0.4130264571958049,insufficient_evidence,hist_gradient_boosting_sigmoid
CAN-MFQ4GY8XPH,T1,0.2142047589325042,0.4112671575526614,0.37452808351483435,review_not_warranted,hist_gradient_boosting_sigmoid
CAN-TSX3YOZ6OH,T1,0.25694204815813326,0.3529556773929006,0.39010227444896617,review_not_warranted,hist_gradient_boosting_sigmoid
CAN-RH7J269JWB,T1,0.3163877037463061,0.28517689508190003,0.39843540117179393,review_warranted,hist_gradient_boosting_sigmoid
CAN-MFBV0FQM3G,T1,0.14709863156258762,0.47828867512098533,0.37461269331642705,review_not_warranted,hist_gradient_boosting_sigmoid
CAN-J36EAQ6YIB,T1,0.2099313621453257,0.40382476457531613,0.3862438732793581,review_not_warranted,hist_gradient_boosting_sigmoid
CAN-Y8KKG8V4R5,T1,0.5144210939064533,0.24410054941283196,0.24147835668071474,review_warranted,hist_gradient_boosting_sigmoid
CAN-JH3BMQ4XC7,T1,0.13570659340707444,0.5417456103525011,0.32254779624042446,review_not_warranted,hist_gradient_boosting_sigmoid
CAN-WNGDAMUN3D,T1,0.2242581316635881,0.46080998597954886,0.31493188235686304,insufficient_evidence,hist_gradient_boosting_sigmoid
CAN-OQIKHLUC4W,T1,0.3128346109585785,0.2980583575044539,0.3891070315369676,insufficient_evidence,hist_gradient_boosting_sigmoid
CAN-B8OEQZRDZO,T1,0.187120810082512,0.41484441130053945,0.3980347786169485,insufficient_evidence,hist_gradient_boosting_sigmoid
CAN-GS1ASP5I7M,T1,0.3336360055379568,0.28095685935215076,0.3854071351098925,review_warranted,hist_gradient_boosting_sigmoid
CAN-SIIOAIPEG6,T1,0.35057607445856087,0.283335381661097,0.3660885438803421,review_warranted,hist_gradient_boosting_sigmoid
CAN-OHKKF3MKJ3,T1,0.3249457972109429,0.34401262785842934,0.3310415749306278,review_warranted,hist_gradient_boosting_sigmoid
CAN-BDWF22CYUA,T1,0.11652473184746093,0.5343874449198882,0.3490878232326508,insufficient_evidence,hist_gradient_boosting_sigmoid
CAN-JUDHP15RCW,T1,0.0903151916342939,0.5569142149444781,0.352770593421228,review_not_warranted,hist_gradient_boosting_sigmoid
CAN-3H2ZQ20HYA,T1,0.18192479248627794,0.5168972332998618,0.30117797421386033,insufficient_evidence,hist_gradient_boosting_sigmoid
CAN-9Y4E8DVX0U,T1,0.5554199394659933,0.18834150945977043,0.2562385510742363,review_warranted,hist_gradient_boosting_sigmoid
CAN-56NGPDUGKO,T1,0.32789666204550966,0.3122133312310937,0.3598900067233967,insufficient_evidence,hist_gradient_boosting_sigmoid
CAN-HNHZKKFNLR,T1,0.18507742189730647,0.48616749994974046,0.3287550781529531,insufficient_evidence,hist_gradient_boosting_sigmoid
CAN-3L9PECKRSW,T1,0.525172812311374,0.16731385328044202,0.307513334408184,review_warranted,hist_gradient_boosting_sigmoid
CAN-30WX81N4ES,T1,0.32768782468368296,0.329431278916652,0.342880896399665,review_warranted,hist_gradient_boosting_sigmoid
CAN-UQQIYRW0PD,T1,0.525081482755376,0.19430613259307486,0.28061238465154903,review_warranted,hist_gradient_boosting_sigmoid
CAN-V9M5ANAVAQ,T1,0.3506226590466476,0.26968677978957223,0.37969056116378014,review_not_warranted,hist_gradient_boosting_sigmoid
CAN-ZT3OGP0JXS,T1,0.11055129192235229,0.568455751232884,0.32099295684476375,review_not_warranted,hist_gradient_boosting_sigmoid
CAN-VHIJVPARK8,T1,0.38323357795728125,0.281404738621184,0.33536168342153483,review_warranted,hist_gradient_boosting_sigmoid
CAN-FVPXP9IPUU,T1,0.35584812762853363,0.27170475310172026,0.3724471192697461,review_not_warranted,hist_gradient_boosting_sigmoid
CAN-6EP6GXXTK9,T1,0.14946214409548778,0.5413771868056192,0.30916066909889306,review_not_warranted,hist_gradient_boosting_sigmoid
CAN-JR75FSAO9V,T1,0.1917599916279138,0.49246468243054514,0.31577532594154106,review_not_warranted,hist_gradient_boosting_sigmoid
CAN-07K7VDEEMK,T1,0.453949700229467,0.16990041143047674,0.3761498883400563,review_warranted,hist_gradient_boosting_sigmoid
CAN-X83JEQTGZH,T1,0.32446787708208213,0.30998700945769325,0.3655451134602246,review_warranted,hist_gradient_boosting_sigmoid
CAN-CM7DYFBA7J,T1,0.43203256706611987,0.2644390127158293,0.30352842021805077,insufficient_evidence,hist_gradient_boosting_sigmoid
CAN-5N3RUX7YHN,T1,0.18182402117198082,0.4542824034071331,0.3638935754208861,review_warranted,hist_gradient_boosting_sigmoid
CAN-R18R0Y2KT1,T1,0.3281689780846975,0.37804526744265576,0.29378575447264677,insufficient_evidence,hist_gradient_boosting_sigmoid
CAN-MKP2V46UCL,T1,0.33860756136540826,0.3522364628409669,0.30915597579362497,review_warranted,hist_gradient_boosting_sigmoid
CAN-AUHE529DEL,T1,0.18795563307523144,0.4233815697511311,0.3886627971736374,insufficient_evidence,hist_gradient_boosting_sigmoid
CAN-RB7I4QYEUI,T1,0.4737964114444335,0.230062456433941,0.2961411321216255,insufficient_evidence,hist_gradient_boosting_sigmoid
CAN-0R2G3NUIKR,T1,0.30529805297992935,0.3357097281033805,0.35899221891669014,review_warranted,hist_gradient_boosting_sigmoid
CAN-FTE9U57RLP,T1,0.12991414567029658,0.52585120374686,0.3442346505828435,review_not_warranted,hist_gradient_boosting_sigmoid
CAN-QUQOLS2HT8,T1,0.44656567445768675,0.24251140726151835,0.3109229182807948,review_warranted,hist_gradient_boosting_sigmoid
CAN-J9DW7V0B0M,T1,0.16906964009369932,0.485769756392731,0.3451606035135697,review_not_warranted,hist_gradient_boosting_sigmoid
CAN-1U7KYCHT04,T1,0.5004321581084729,0.16425414175856412,0.33531370013296297,insufficient_evidence,hist_gradient_boosting_sigmoid
CAN-8IVXRT38AV,T1,0.4085330963110307,0.2728171056316271,0.3186497980573422,review_warranted,hist_gradient_boosting_sigmoid
CAN-8S6ARU7BKP,T1,0.44735692372808594,0.23288290036121304,0.31976017591070105,review_warranted,hist_gradient_boosting_sigmoid
CAN-HA0BA87B8L,T1,0.2544284063411427,0.37444180115975095,0.3711297924991063,review_warranted,hist_gradient_boosting_sigmoid
CAN-0XENT8TOVT,T1,0.08607157846555462,0.5594400839936075,0.3544883375408381,review_not_warranted,hist_gradient_boosting_sigmoid
CAN-W10A9RCR81,T1,0.2224093366755385,0.38692106069170773,0.39066960263275385,insufficient_evidence,hist_gradient_boosting_sigmoid
CAN-DRJR4QD6PK,T1,0.17481553273973482,0.4294126864677268,0.39577178079253833,review_not_warranted,hist_gradient_boosting_sigmoid
CAN-L55BKTF9S0,T1,0.35420444893691677,0.3436404156060708,0.30215513545701245,review_not_warranted,hist_gradient_boosting_sigmoid
CAN-D9Y0VJJ6VW,T1,0.1841599565188312,0.39484666400064433,0.42099337948052445,review_warranted,hist_gradient_boosting_sigmoid
CAN-1ZS1BZI6T1,T1,0.15450660567676708,0.5181611248796378,0.327332269443595,insufficient_evidence,hist_gradient_boosting_sigmoid
CAN-0BEG9SW2FJ,T1,0.1329757481840412,0.5254886530842955,0.3415355987316633,review_not_warranted,hist_gradient_boosting_sigmoid
CAN-R59D8GNWOE,T1,0.5191610394664953,0.18623911939186422,0.29459984114164056,review_warranted,hist_gradient_boosting_sigmoid
CAN-RSAGRRSRCU,T1,0.27522864083203474,0.331405150206004,0.39336620896196123,insufficient_evidence,hist_gradient_boosting_sigmoid
CAN-TLVR8Y2L8B,T1,0.1445672176623988,0.4750120783802063,0.38042070395739486,insufficient_evidence,hist_gradient_boosting_sigmoid
CAN-KBNRY7AM6A,T1,0.5753918052204746,0.12320737078845279,0.3014008239910726,review_warranted,hist_gradient_boosting_sigmoid
CAN-GP3R1BKFVB,T1,0.24975258824001625,0.3887916776836267,0.36145573407635695,review_not_warranted,hist_gradient_boosting_sigmoid
CAN-ZUC41D21E3,T1,0.3069429192183423,0.3246005015949625,0.36845657918669517,review_not_warranted,hist_gradient_boosting_sigmoid
CAN-AX8X8VO9JH,T1,0.19711196195407885,0.44780996004887674,0.35507807799704444,insufficient_evidence,hist_gradient_boosting_sigmoid
CAN-ADOF3P33HR,T1,0.1846632501097283,0.5017792926843913,0.3135574572058805,review_not_warranted,hist_gradient_boosting_sigmoid
CAN-JAC9C5ZY2J,T1,0.16177280116357365,0.5183905826279952,0.3198366162084312,review_not_warranted,hist_gradient_boosting_sigmoid
CAN-5EZS1T1ELJ,T1,0.21604474273270388,0.3833248287135884,0.40063042855370773,review_warranted,hist_gradient_boosting_sigmoid
CAN-16LL783QTG,T1,0.1365097696231099,0.4838907930885504,0.3795994372883398,review_not_warranted,hist_gradient_boosting_sigmoid
CAN-VIYZ36BREN,T1,0.2810491946899297,0.33630599090802926,0.38264481440204096,insufficient_evidence,hist_gradient_boosting_sigmoid
CAN-Q0VG7NCDFO,T1,0.5000684898165525,0.22068083312600728,0.2792506770574403,review_warranted,hist_gradient_boosting_sigmoid
CAN-LQYOAEONVO,T1,0.29236195676956517,0.3295157431328843,0.37812230009755066,insufficient_evidence,hist_gradient_boosting_sigmoid
CAN-Q7RFRQTAQZ,T1,0.21880558037998232,0.34631462290656995,0.4348797967134477,insufficient_evidence,hist_gradient_boosting_sigmoid
CAN-LNUVVT5CZH,T1,0.4431152767002224,0.2829128784432801,0.27397184485649756,review_warranted,hist_gradient_boosting_sigmoid
CAN-0ND8K10G3Q,T1,0.24223953251708377,0.3458186072422012,0.41194186024071505,review_not_warranted,hist_gradient_boosting_sigmoid
CAN-2V0D61OSOH,T1,0.32970535336164003,0.31248605627485787,0.3578085903635022,review_not_warranted,hist_gradient_boosting_sigmoid
CAN-0EEV2PAF0Q,T1,0.1337727433872243,0.516995487710986,0.3492317689017897,review_not_warranted,hist_gradient_boosting_sigmoid
CAN-OKX1I6CA68,T1,0.1855754615637765,0.4933864288416064,0.32103810959461715,insufficient_evidence,hist_gradient_boosting_sigmoid
CAN-58JRRKXCV8,T1,0.5103615417108148,0.2205733428234748,0.2690651154657103,insufficient_evidence,hist_gradient_boosting_sigmoid
CAN-Q1G8222TVV,T1,0.2361102279550253,0.36598772765048976,0.397902044394485,review_not_warranted,hist_gradient_boosting_sigmoid
CAN-JMSVBKK42K,T1,0.0988699063562588,0.5294410433994855,0.3716890502442558,insufficient_evidence,hist_gradient_boosting_sigmoid
CAN-O8J5XQ1QHK,T1,0.4101707864966673,0.1934285307619755,0.3964006827413573,review_warranted,hist_gradient_boosting_sigmoid
CAN-6NHOI7HD4X,T1,0.32778936315429247,0.31945679040310143,0.3527538464426061,insufficient_evidence,hist_gradient_boosting_sigmoid
CAN-Z2FMDPQZ6U,T1,0.08662344924320864,0.6054931206607944,0.307883430095997,review_not_warranted,hist_gradient_boosting_sigmoid
CAN-YPY46FBMCC,T1,0.42011505846413355,0.2627929192030429,0.3170920223328236,review_warranted,hist_gradient_boosting_sigmoid
CAN-M6I6ONFLH6,T1,0.18101951115141843,0.46526643089425007,0.3537140579543315,review_warranted,hist_gradient_boosting_sigmoid
CAN-MD6HSPZNPH,T1,0.31892668392063417,0.27728486617828335,0.4037884499010824,review_not_warranted,hist_gradient_boosting_sigmoid
CAN-BG2JQTKE9R,T1,0.30889560168364827,0.3555932526064138,0.3355111457099379,insufficient_evidence,hist_gradient_boosting_sigmoid
CAN-NZ60ITUAMZ,T1,0.371591065439935,0.26878471306400625,0.3596242214960588,review_warranted,hist_gradient_boosting_sigmoid
CAN-3E88BL7X8N,T1,0.36771484143343985,0.3239104521424228,0.30837470642413733,review_warranted,hist_gradient_boosting_sigmoid
CAN-WRYT3JA62H,T1,0.11850491788849458,0.513764792609599,0.3677302895019065,insufficient_evidence,hist_gradient_boosting_sigmoid
CAN-UC1GUSFB8Y,T1,0.2834254714979216,0.34994064482474835,0.3666338836773302,insufficient_evidence,hist_gradient_boosting_sigmoid
CAN-KAEH77AZL2,T1,0.29452094246700944,0.36059469842142433,0.34488435911156623,review_not_warranted,hist_gradient_boosting_sigmoid
CAN-NJIWES3CMC,T1,0.11940971155143337,0.5228514089827231,0.35773887946584354,review_not_warranted,hist_gradient_boosting_sigmoid
CAN-OV2OP0BPC2,T1,0.4054247324692235,0.2812620812886111,0.3133131862421655,insufficient_evidence,hist_gradient_boosting_sigmoid
CAN-8BR6ZCR6C5,T1,0.26800461538013237,0.42179615280448224,0.3101992318153854,review_not_warranted,hist_gradient_boosting_sigmoid
CAN-M5PX3JZR1B,T1,0.15753536699804727,0.3680163438290025,0.47444828917295023,review_warranted,hist_gradient_boosting_sigmoid
CAN-WQQAVM6KJ0,T1,0.37972898302994873,0.29981633774262473,0.32045467922742665,insufficient_evidence,hist_gradient_boosting_sigmoid
CAN-GXTMUF9MJ2,T1,0.1611852540672166,0.4300179913414375,0.40879675459134596,review_not_warranted,hist_gradient_boosting_sigmoid
CAN-X66G0DQZY1,T1,0.22822898584234955,0.32301635309487625,0.4487546610627742,review_not_warranted,hist_gradient_boosting_sigmoid
CAN-8G6HTDW3TS,T1,0.07845556948031467,0.5787561278854493,0.34278830263423604,review_not_warranted,hist_gradient_boosting_sigmoid
CAN-IX71UNKLCC,T1,0.20562167179866034,0.4649819562108639,0.3293963719904757,review_not_warranted,hist_gradient_boosting_sigmoid
CAN-BQ2E1CA8JA,T1,0.19125287179564943,0.4955898993811898,0.3131572288231608,review_not_warranted,hist_gradient_boosting_sigmoid
CAN-C6JQXV1H28,T1,0.27008447713295125,0.32892120103844835,0.40099432182860045,review_not_warranted,hist_gradient_boosting_sigmoid
CAN-7Z4I6X76ZY,T1,0.24454142753966024,0.3950385451065655,0.3604200273537743,insufficient_evidence,hist_gradient_boosting_sigmoid
CAN-4DQEX1DFLP,T1,0.14298902641954278,0.5407917438371829,0.31621922974327427,review_not_warranted,hist_gradient_boosting_sigmoid
CAN-GTRZMV90GK,T1,0.274799927034288,0.27669055497060735,0.44850951799510463,insufficient_evidence,hist_gradient_boosting_sigmoid
CAN-28HOG1H1PI,T1,0.4238359664539193,0.26611093480294384,0.3100530987431369,review_warranted,hist_gradient_boosting_sigmoid
CAN-8467CAI41V,T1,0.4307283944112243,0.2826798496850334,0.2865917559037424,review_warranted,hist_gradient_boosting_sigmoid
CAN-A8RUHP98S6,T1,0.3256120905202932,0.3323387382428663,0.3420491712368405,insufficient_evidence,hist_gradient_boosting_sigmoid
CAN-6FIO389AU7,T1,0.23728885374687056,0.40342433875872535,0.35928680749440406,review_warranted,hist_gradient_boosting_sigmoid
CAN-GRA38D14NY,T1,0.5219209551501436,0.19359183842837657,0.28448720642147995,review_warranted,hist_gradient_boosting_sigmoid
CAN-TK9TB1S19Y,T1,0.2294924978928017,0.349384777486472,0.42112272462072625,review_warranted,hist_gradient_boosting_sigmoid
CAN-6045ADGW9W,T1,0.12272187979201325,0.5002016458794032,0.37707647432858343,review_not_warranted,hist_gradient_boosting_sigmoid
CAN-YVRMB50LXO,T1,0.1542298956737662,0.5295935343976369,0.31617656992859694,review_not_warranted,hist_gradient_boosting_sigmoid
CAN-VJ1ATXQ4KR,T1,0.18167508016011233,0.3813464849498178,0.4369784348900698,review_not_warranted,hist_gradient_boosting_sigmoid
CAN-693NHGTCCO,T1,0.48015237641900227,0.2360032608743917,0.28384436270660607,review_warranted,hist_gradient_boosting_sigmoid
CAN-QZE5QAIJ2T,T1,0.4299970481299691,0.23883607192486433,0.3311668799451665,review_warranted,hist_gradient_boosting_sigmoid
CAN-VB1685ICUZ,T1,0.17654599501090731,0.46718514287993357,0.35626886210915903,review_not_warranted,hist_gradient_boosting_sigmoid
CAN-VNPISGXD4Q,T1,0.22763367586244132,0.33437158382950893,0.4379947403080498,insufficient_evidence,hist_gradient_boosting_sigmoid
CAN-E2FZJZ8WLH,T1,0.19993626067132428,0.4655184633357862,0.3345452759928895,review_not_warranted,hist_gradient_boosting_sigmoid
CAN-LEJZ8XH8YE,T1,0.133689062661545,0.4854277848939772,0.38088315244447773,insufficient_evidence,hist_gradient_boosting_sigmoid
CAN-SHRRQNVCIC,T1,0.1353866244981237,0.5176477151802006,0.3469656603216757,review_not_warranted,hist_gradient_boosting_sigmoid
CAN-8LF2PPDABK,T1,0.5145432762273846,0.13807224473344742,0.347384479039168,insufficient_evidence,hist_gradient_boosting_sigmoid
CAN-ZWF0AYKB18,T1,0.3206951262996545,0.31805955710634776,0.3612453165939977,review_warranted,hist_gradient_boosting_sigmoid
CAN-HC7VWRKBC4,T1,0.183993826595536,0.40729319909636824,0.4087129743080958,insufficient_evidence,hist_gradient_boosting_sigmoid
CAN-6O36VBSAI9,T1,0.2388055807451112,0.40095767427230317,0.3602367449825855,insufficient_evidence,hist_gradient_boosting_sigmoid
CAN-4EK13UOVMH,T1,0.3488968714816248,0.30111863091034047,0.3499844976080347,review_warranted,hist_gradient_boosting_sigmoid
CAN-4JML2H5550,T1,0.36974129497849023,0.3386918798978315,0.2915668251236782,review_not_warranted,hist_gradient_boosting_sigmoid
CAN-W803WTVEJV,T1,0.13566519107307143,0.527996770245212,0.3363380386817167,review_not_warranted,hist_gradient_boosting_sigmoid
CAN-1JQKMVCC0E,T1,0.5949820454791559,0.12110523704461507,0.2839127174762291,review_warranted,hist_gradient_boosting_sigmoid
CAN-PFB5DKD37Z,T1,0.3657337223119794,0.2804353599943037,0.35383091769371694,review_warranted,hist_gradient_boosting_sigmoid
CAN-JS0TD7RAVV,T1,0.09668924796047396,0.5140974319249741,0.38921332011455195,review_warranted,hist_gradient_boosting_sigmoid
CAN-6N8NUY6QNZ,T1,0.2706710799740161,0.30537993322293594,0.42394898680304793,review_not_warranted,hist_gradient_boosting_sigmoid
CAN-3W1WRGSSBR,T1,0.4128511247319988,0.2529541680571354,0.33419470721086575,insufficient_evidence,hist_gradient_boosting_sigmoid
CAN-RLFHYDAOTO,T1,0.3021683234937778,0.34157849812634317,0.356253178379879,insufficient_evidence,hist_gradient_boosting_sigmoid
CAN-USBPGXP3DA,T1,0.1821421737118412,0.42155310860151646,0.3963047176866424,insufficient_evidence,hist_gradient_boosting_sigmoid
CAN-F640D3DCIR,T1,0.26377529995477017,0.39147779539118904,0.3447469046540408,review_warranted,hist_gradient_boosting_sigmoid
CAN-J538MFH2RZ,T1,0.1194111054625319,0.4750159714953172,0.405572923042151,review_warranted,hist_gradient_boosting_sigmoid
CAN-T3BSOKDD2P,T1,0.38621479992039626,0.2724812126798451,0.3413039873997586,review_warranted,hist_gradient_boosting_sigmoid
CAN-1UXZVZSG4A,T1,0.11840536989270652,0.5355923846231271,0.3460022454841664,review_not_warranted,hist_gradient_boosting_sigmoid
CAN-QU6MD5TN0F,T1,0.17618841550876221,0.38518177111034896,0.43862981338088897,insufficient_evidence,hist_gradient_boosting_sigmoid
CAN-H2TOKOI56S,T1,0.24078455312283784,0.4199188156271856,0.3392966312499766,insufficient_evidence,hist_gradient_boosting_sigmoid
CAN-ARNXXD7017,T1,0.12144066135035515,0.4743976431528853,0.40416169549675957,review_warranted,hist_gradient_boosting_sigmoid
CAN-BT0Y88Z5VY,T1,0.2793250319319509,0.39862192088013604,0.32205304718791306,review_warranted,hist_gradient_boosting_sigmoid
CAN-20LP6R01W2,T1,0.502866472560526,0.1831633723104076,0.3139701551290664,review_warranted,hist_gradient_boosting_sigmoid
CAN-GT29QK48ZR,T1,0.37499487591239317,0.20908219703365474,0.415922927053952,review_warranted,hist_gradient_boosting_sigmoid
CAN-JTU00IS95H,T1,0.523424732574885,0.16276867801895428,0.3138065894061607,review_warranted,hist_gradient_boosting_sigmoid
CAN-KLQH9G2XAA,T1,0.19297433170489764,0.4581135504604902,0.34891211783461223,review_not_warranted,hist_gradient_boosting_sigmoid
CAN-1X36MKKDTS,T1,0.12238424926189634,0.5503036633861861,0.3273120873519176,review_not_warranted,hist_gradient_boosting_sigmoid
CAN-DANXMJUTSN,T1,0.17283905678252412,0.37305284641962805,0.45410809679784786,insufficient_evidence,hist_gradient_boosting_sigmoid
CAN-L16ZDGA6KP,T1,0.41769733767218353,0.23974253601327744,0.342560126314539,review_warranted,hist_gradient_boosting_sigmoid
CAN-ICKK4E813F,T1,0.21036896340799785,0.48080107022241103,0.3088299663695911,review_not_warranted,hist_gradient_boosting_sigmoid
CAN-BQA0QBKTW1,T1,0.19520882826618843,0.4881434797434265,0.31664769199038517,insufficient_evidence,hist_gradient_boosting_sigmoid
CAN-PBRR29HATJ,T1,0.27454300017226113,0.3392230156162091,0.3862339842115297,review_not_warranted,hist_gradient_boosting_sigmoid
CAN-RWVLQ6JSLV,T1,0.1864020308218289,0.42506036646300815,0.38853760271516286,review_not_warranted,hist_gradient_boosting_sigmoid
CAN-D0A5SDWYO9,T1,0.5466857113403821,0.18659133068661996,0.26672295797299794,review_not_warranted,hist_gradient_boosting_sigmoid
CAN-LAAZKJS0G8,T1,0.43973174367948764,0.2405055937271138,0.3197626625933986,insufficient_evidence,hist_gradient_boosting_sigmoid
CAN-9UF00BV0SU,T1,0.160553666273613,0.4877935603242862,0.3516527734021007,review_not_warranted,hist_gradient_boosting_sigmoid
CAN-P049Y8KP5Z,T1,0.21395280824439847,0.44003580553300786,0.34601138622259375,review_warranted,hist_gradient_boosting_sigmoid
CAN-B0FYO3ENSX,T1,0.36902020088341364,0.30566449706811166,0.32531530204847475,review_warranted,hist_gradient_boosting_sigmoid
CAN-2MPIJSE7PT,T1,0.3633747546841846,0.2886700942101353,0.34795515110568015,review_warranted,hist_gradient_boosting_sigmoid
CAN-6ULFMKJ73X,T1,0.45579449933821925,0.23328834379993735,0.3109171568618434,review_warranted,hist_gradient_boosting_sigmoid
